date,sku,store,value
2022-01-01,SKU001,NYC,538.13
2022-01-01,SKU001,LA,447.13
2022-01-01,SKU001,CHI,359.95
2022-01-01,SKU002,NYC,409.03
2022-01-01,SKU002,LA,314.44
2022-01-01,SKU002,CHI,216.65
2022-01-01,SKU003,NYC,733.39
2022-01-01,SKU003,LA,575.69
2022-01-01,SKU003,CHI,462.93
2022-01-01,SKU004,NYC,469.48
2022-01-01,SKU004,LA,395.73
2022-01-01,SKU004,CHI,345.40
2022-01-01,SKU005,NYC,669.13
2022-01-01,SKU005,LA,529.03
2022-01-01,SKU005,CHI,387.69
2022-01-02,SKU001,NYC,350.54
2022-01-02,SKU001,LA,333.11
2022-01-02,SKU001,CHI,294.18
2022-01-02,SKU002,NYC,274.21
2022-01-02,SKU002,LA,225.14
2022-01-02,SKU002,CHI,191.73
2022-01-02,SKU003,NYC,433.47
2022-01-02,SKU003,LA,409.46
2022-01-02,SKU003,CHI,354.71
2022-01-02,SKU004,NYC,360.53
2022-01-02,SKU004,LA,269.66
2022-01-02,SKU004,CHI,229.37
2022-01-02,SKU005,NYC,459.86
2022-01-02,SKU005,LA,403.19
2022-01-02,SKU005,CHI,265.85
2022-01-03,SKU001,NYC,269.66
2022-01-03,SKU001,LA,180.43
2022-01-03,SKU001,CHI,125.54
2022-01-03,SKU002,NYC,167.75
2022-01-03,SKU002,LA,135.20
2022-01-03,SKU002,CHI,129.49
2022-01-03,SKU003,NYC,353.79
2022-01-03,SKU003,LA,242.76
2022-01-03,SKU003,CHI,239.91
2022-01-03,SKU004,NYC,195.11
2022-01-03,SKU004,LA,179.14
2022-01-03,SKU004,CHI,140.31
2022-01-03,SKU005,NYC,296.90
2022-01-03,SKU005,LA,264.64
2022-01-03,SKU005,CHI,208.19
2022-01-04,SKU001,NYC,264.17
2022-01-04,SKU001,LA,226.52
2022-01-04,SKU001,CHI,178.30
2022-01-04,SKU002,NYC,167.44
2022-01-04,SKU002,LA,138.19
2022-01-04,SKU002,CHI,113.50
2022-01-04,SKU003,NYC,348.45
2022-01-04,SKU003,LA,269.65
2022-01-04,SKU003,CHI,272.93
2022-01-04,SKU004,NYC,199.12
2022-01-04,SKU004,LA,160.88
2022-01-04,SKU004,CHI,155.70
2022-01-04,SKU005,NYC,335.45
2022-01-04,SKU005,LA,257.12
2022-01-04,SKU005,CHI,212.16
2022-01-05,SKU001,NYC,291.73
2022-01-05,SKU001,LA,210.76
2022-01-05,SKU001,CHI,145.99
2022-01-05,SKU002,NYC,169.18
2022-01-05,SKU002,LA,163.09
2022-01-05,SKU002,CHI,101.93
2022-01-05,SKU003,NYC,333.12
2022-01-05,SKU003,LA,283.68
2022-01-05,SKU003,CHI,214.35
2022-01-05,SKU004,NYC,232.63
2022-01-05,SKU004,LA,191.28
2022-01-05,SKU004,CHI,178.19
2022-01-05,SKU005,NYC,312.05
2022-01-05,SKU005,LA,229.94
2022-01-05,SKU005,CHI,184.89
2022-01-06,SKU001,NYC,275.48
2022-01-06,SKU001,LA,274.23
2022-01-06,SKU001,CHI,188.96
2022-01-06,SKU002,NYC,208.80
2022-01-06,SKU002,LA,188.36
2022-01-06,SKU002,CHI,130.04
2022-01-06,SKU003,NYC,379.27
2022-01-06,SKU003,LA,265.67
2022-01-06,SKU003,CHI,232.30
2022-01-06,SKU004,NYC,240.78
2022-01-06,SKU004,LA,221.57
2022-01-06,SKU004,CHI,190.49
2022-01-06,SKU005,NYC,345.22
2022-01-06,SKU005,LA,295.75
2022-01-06,SKU005,CHI,234.45
2022-01-07,SKU001,NYC,333.16
2022-01-07,SKU001,LA,272.84
2022-01-07,SKU001,CHI,205.86
2022-01-07,SKU002,NYC,189.07
2022-01-07,SKU002,LA,191.11
2022-01-07,SKU002,CHI,145.56
2022-01-07,SKU003,NYC,438.86
2022-01-07,SKU003,LA,324.77
2022-01-07,SKU003,CHI,311.49
2022-01-07,SKU004,NYC,246.16
2022-01-07,SKU004,LA,246.66
2022-01-07,SKU004,CHI,172.17
2022-01-07,SKU005,NYC,328.17
2022-01-07,SKU005,LA,255.82
2022-01-07,SKU005,CHI,227.21
2022-01-08,SKU001,NYC,446.48
2022-01-08,SKU001,LA,352.30
2022-01-08,SKU001,CHI,278.52
2022-01-08,SKU002,NYC,208.52
2022-01-08,SKU002,LA,244.12
2022-01-08,SKU002,CHI,192.47
2022-01-08,SKU003,NYC,480.40
2022-01-08,SKU003,LA,397.06
2022-01-08,SKU003,CHI,338.83
2022-01-08,SKU004,NYC,389.25
2022-01-08,SKU004,LA,247.47
2022-01-08,SKU004,CHI,211.86
2022-01-08,SKU005,NYC,511.36
2022-01-08,SKU005,LA,358.32
2022-01-08,SKU005,CHI,289.12
2022-01-09,SKU001,NYC,394.79
2022-01-09,SKU001,LA,285.37
2022-01-09,SKU001,CHI,266.38
2022-01-09,SKU002,NYC,240.48
2022-01-09,SKU002,LA,248.16
2022-01-09,SKU002,CHI,182.44
2022-01-09,SKU003,NYC,624.68
2022-01-09,SKU003,LA,435.70
2022-01-09,SKU003,CHI,385.34
2022-01-09,SKU004,NYC,288.78
2022-01-09,SKU004,LA,273.34
2022-01-09,SKU004,CHI,228.53
2022-01-09,SKU005,NYC,528.90
2022-01-09,SKU005,LA,312.17
2022-01-09,SKU005,CHI,329.93
2022-01-10,SKU001,NYC,270.83
2022-01-10,SKU001,LA,245.77
2022-01-10,SKU001,CHI,182.62
2022-01-10,SKU002,NYC,179.85
2022-01-10,SKU002,LA,141.32
2022-01-10,SKU002,CHI,104.39
2022-01-10,SKU003,NYC,339.14
2022-01-10,SKU003,LA,271.89
2022-01-10,SKU003,CHI,266.56
2022-01-10,SKU004,NYC,203.89
2022-01-10,SKU004,LA,186.77
2022-01-10,SKU004,CHI,122.06
2022-01-10,SKU005,NYC,282.92
2022-01-10,SKU005,LA,251.89
2022-01-10,SKU005,CHI,212.56
2022-01-11,SKU001,NYC,312.36
2022-01-11,SKU001,LA,226.37
2022-01-11,SKU001,CHI,161.57
2022-01-11,SKU002,NYC,199.64
2022-01-11,SKU002,LA,167.31
2022-01-11,SKU002,CHI,133.52
2022-01-11,SKU003,NYC,330.10
2022-01-11,SKU003,LA,329.32
2022-01-11,SKU003,CHI,238.72
2022-01-11,SKU004,NYC,247.90
2022-01-11,SKU004,LA,217.67
2022-01-11,SKU004,CHI,163.87
2022-01-11,SKU005,NYC,323.37
2022-01-11,SKU005,LA,318.37
2022-01-11,SKU005,CHI,214.68
2022-01-12,SKU001,NYC,264.85
2022-01-12,SKU001,LA,229.99
2022-01-12,SKU001,CHI,208.93
2022-01-12,SKU002,NYC,193.21
2022-01-12,SKU002,LA,167.39
2022-01-12,SKU002,CHI,142.52
2022-01-12,SKU003,NYC,336.88
2022-01-12,SKU003,LA,244.82
2022-01-12,SKU003,CHI,243.82
2022-01-12,SKU004,NYC,237.06
2022-01-12,SKU004,LA,181.37
2022-01-12,SKU004,CHI,167.95
2022-01-12,SKU005,NYC,333.63
2022-01-12,SKU005,LA,236.02
2022-01-12,SKU005,CHI,220.55
2022-01-13,SKU001,NYC,314.89
2022-01-13,SKU001,LA,227.97
2022-01-13,SKU001,CHI,223.83
2022-01-13,SKU002,NYC,223.69
2022-01-13,SKU002,LA,173.30
2022-01-13,SKU002,CHI,157.64
2022-01-13,SKU003,NYC,438.31
2022-01-13,SKU003,LA,328.15
2022-01-13,SKU003,CHI,289.76
2022-01-13,SKU004,NYC,300.37
2022-01-13,SKU004,LA,211.05
2022-01-13,SKU004,CHI,188.72
2022-01-13,SKU005,NYC,370.31
2022-01-13,SKU005,LA,378.42
2022-01-13,SKU005,CHI,200.84
2022-01-14,SKU001,NYC,343.63
2022-01-14,SKU001,LA,259.54
2022-01-14,SKU001,CHI,212.05
2022-01-14,SKU002,NYC,267.50
2022-01-14,SKU002,LA,187.14
2022-01-14,SKU002,CHI,183.42
2022-01-14,SKU003,NYC,399.59
2022-01-14,SKU003,LA,360.61
2022-01-14,SKU003,CHI,265.04
2022-01-14,SKU004,NYC,253.91
2022-01-14,SKU004,LA,228.71
2022-01-14,SKU004,CHI,176.69
2022-01-14,SKU005,NYC,377.90
2022-01-14,SKU005,LA,243.69
2022-01-14,SKU005,CHI,296.38
2022-01-15,SKU001,NYC,410.83
2022-01-15,SKU001,LA,408.86
2022-01-15,SKU001,CHI,250.49
2022-01-15,SKU002,NYC,300.82
2022-01-15,SKU002,LA,320.64
2022-01-15,SKU002,CHI,177.90
2022-01-15,SKU003,NYC,462.40
2022-01-15,SKU003,LA,428.33
2022-01-15,SKU003,CHI,379.60
2022-01-15,SKU004,NYC,379.23
2022-01-15,SKU004,LA,333.67
2022-01-15,SKU004,CHI,230.35
2022-01-15,SKU005,NYC,404.57
2022-01-15,SKU005,LA,384.00
2022-01-15,SKU005,CHI,361.00
2022-01-16,SKU001,NYC,437.40
2022-01-16,SKU001,LA,280.13
2022-01-16,SKU001,CHI,277.65
2022-01-16,SKU002,NYC,333.22
2022-01-16,SKU002,LA,295.42
2022-01-16,SKU002,CHI,205.84
2022-01-16,SKU003,NYC,560.74
2022-01-16,SKU003,LA,397.05
2022-01-16,SKU003,CHI,332.03
2022-01-16,SKU004,NYC,356.38
2022-01-16,SKU004,LA,310.47
2022-01-16,SKU004,CHI,250.20
2022-01-16,SKU005,NYC,458.95
2022-01-16,SKU005,LA,355.39
2022-01-16,SKU005,CHI,296.34
2022-01-17,SKU001,NYC,241.73
2022-01-17,SKU001,LA,242.45
2022-01-17,SKU001,CHI,140.10
2022-01-17,SKU002,NYC,184.82
2022-01-17,SKU002,LA,166.50
2022-01-17,SKU002,CHI,146.86
2022-01-17,SKU003,NYC,358.31
2022-01-17,SKU003,LA,326.16
2022-01-17,SKU003,CHI,227.72
2022-01-17,SKU004,NYC,214.71
2022-01-17,SKU004,LA,180.28
2022-01-17,SKU004,CHI,178.27
2022-01-17,SKU005,NYC,346.66
2022-01-17,SKU005,LA,275.56
2022-01-17,SKU005,CHI,280.21
2022-01-18,SKU001,NYC,272.55
2022-01-18,SKU001,LA,242.00
2022-01-18,SKU001,CHI,187.90
2022-01-18,SKU002,NYC,187.00
2022-01-18,SKU002,LA,196.29
2022-01-18,SKU002,CHI,146.71
2022-01-18,SKU003,NYC,306.10
2022-01-18,SKU003,LA,284.73
2022-01-18,SKU003,CHI,247.43
2022-01-18,SKU004,NYC,250.20
2022-01-18,SKU004,LA,167.28
2022-01-18,SKU004,CHI,119.80
2022-01-18,SKU005,NYC,255.33
2022-01-18,SKU005,LA,261.02
2022-01-18,SKU005,CHI,208.14
2022-01-19,SKU001,NYC,282.97
2022-01-19,SKU001,LA,210.39
2022-01-19,SKU001,CHI,160.03
2022-01-19,SKU002,NYC,152.60
2022-01-19,SKU002,LA,164.66
2022-01-19,SKU002,CHI,132.25
2022-01-19,SKU003,NYC,391.40
2022-01-19,SKU003,LA,320.17
2022-01-19,SKU003,CHI,232.84
2022-01-19,SKU004,NYC,263.39
2022-01-19,SKU004,LA,190.76
2022-01-19,SKU004,CHI,144.49
2022-01-19,SKU005,NYC,299.19
2022-01-19,SKU005,LA,247.64
2022-01-19,SKU005,CHI,164.85
2022-01-20,SKU001,NYC,326.92
2022-01-20,SKU001,LA,274.95
2022-01-20,SKU001,CHI,206.82
2022-01-20,SKU002,NYC,209.04
2022-01-20,SKU002,LA,194.57
2022-01-20,SKU002,CHI,175.84
2022-01-20,SKU003,NYC,420.64
2022-01-20,SKU003,LA,331.47
2022-01-20,SKU003,CHI,262.83
2022-01-20,SKU004,NYC,271.19
2022-01-20,SKU004,LA,198.79
2022-01-20,SKU004,CHI,179.78
2022-01-20,SKU005,NYC,373.78
2022-01-20,SKU005,LA,366.70
2022-01-20,SKU005,CHI,271.04
2022-01-21,SKU001,NYC,355.29
2022-01-21,SKU001,LA,249.20
2022-01-21,SKU001,CHI,229.04
2022-01-21,SKU002,NYC,199.52
2022-01-21,SKU002,LA,193.50
2022-01-21,SKU002,CHI,156.40
2022-01-21,SKU003,NYC,387.07
2022-01-21,SKU003,LA,419.17
2022-01-21,SKU003,CHI,295.32
2022-01-21,SKU004,NYC,221.18
2022-01-21,SKU004,LA,240.21
2022-01-21,SKU004,CHI,174.68
2022-01-21,SKU005,NYC,371.74
2022-01-21,SKU005,LA,324.17
2022-01-21,SKU005,CHI,257.47
2022-01-22,SKU001,NYC,333.34
2022-01-22,SKU001,LA,308.52
2022-01-22,SKU001,CHI,300.71
2022-01-22,SKU002,NYC,330.90
2022-01-22,SKU002,LA,290.44
2022-01-22,SKU002,CHI,230.40
2022-01-22,SKU003,NYC,433.10
2022-01-22,SKU003,LA,489.26
2022-01-22,SKU003,CHI,293.80
2022-01-22,SKU004,NYC,412.48
2022-01-22,SKU004,LA,303.47
2022-01-22,SKU004,CHI,209.76
2022-01-22,SKU005,NYC,580.61
2022-01-22,SKU005,LA,428.81
2022-01-22,SKU005,CHI,261.34
2022-01-23,SKU001,NYC,431.14
2022-01-23,SKU001,LA,323.52
2022-01-23,SKU001,CHI,282.34
2022-01-23,SKU002,NYC,279.25
2022-01-23,SKU002,LA,277.59
2022-01-23,SKU002,CHI,167.46
2022-01-23,SKU003,NYC,562.68
2022-01-23,SKU003,LA,536.93
2022-01-23,SKU003,CHI,333.51
2022-01-23,SKU004,NYC,362.73
2022-01-23,SKU004,LA,302.02
2022-01-23,SKU004,CHI,220.49
2022-01-23,SKU005,NYC,515.02
2022-01-23,SKU005,LA,406.98
2022-01-23,SKU005,CHI,292.02
2022-01-24,SKU001,NYC,322.22
2022-01-24,SKU001,LA,246.36
2022-01-24,SKU001,CHI,179.58
2022-01-24,SKU002,NYC,179.35
2022-01-24,SKU002,LA,147.10
2022-01-24,SKU002,CHI,143.42
2022-01-24,SKU003,NYC,351.50
2022-01-24,SKU003,LA,310.93
2022-01-24,SKU003,CHI,233.43
2022-01-24,SKU004,NYC,246.64
2022-01-24,SKU004,LA,191.36
2022-01-24,SKU004,CHI,166.71
2022-01-24,SKU005,NYC,310.61
2022-01-24,SKU005,LA,285.55
2022-01-24,SKU005,CHI,225.12
2022-01-25,SKU001,NYC,270.84
2022-01-25,SKU001,LA,208.73
2022-01-25,SKU001,CHI,165.51
2022-01-25,SKU002,NYC,177.40
2022-01-25,SKU002,LA,143.94
2022-01-25,SKU002,CHI,138.79
2022-01-25,SKU003,NYC,355.20
2022-01-25,SKU003,LA,344.08
2022-01-25,SKU003,CHI,292.14
2022-01-25,SKU004,NYC,232.93
2022-01-25,SKU004,LA,163.67
2022-01-25,SKU004,CHI,149.01
2022-01-25,SKU005,NYC,314.18
2022-01-25,SKU005,LA,224.54
2022-01-25,SKU005,CHI,205.76
2022-01-26,SKU001,NYC,281.98
2022-01-26,SKU001,LA,217.94
2022-01-26,SKU001,CHI,168.70
2022-01-26,SKU002,NYC,177.10
2022-01-26,SKU002,LA,188.24
2022-01-26,SKU002,CHI,125.72
2022-01-26,SKU003,NYC,327.37
2022-01-26,SKU003,LA,286.41
2022-01-26,SKU003,CHI,260.71
2022-01-26,SKU004,NYC,216.51
2022-01-26,SKU004,LA,203.02
2022-01-26,SKU004,CHI,166.23
2022-01-26,SKU005,NYC,340.45
2022-01-26,SKU005,LA,300.88
2022-01-26,SKU005,CHI,199.53
2022-01-27,SKU001,NYC,359.13
2022-01-27,SKU001,LA,247.51
2022-01-27,SKU001,CHI,206.53
2022-01-27,SKU002,NYC,252.50
2022-01-27,SKU002,LA,203.39
2022-01-27,SKU002,CHI,150.38
2022-01-27,SKU003,NYC,370.10
2022-01-27,SKU003,LA,369.80
2022-01-27,SKU003,CHI,262.45
2022-01-27,SKU004,NYC,248.23
2022-01-27,SKU004,LA,213.14
2022-01-27,SKU004,CHI,186.82
2022-01-27,SKU005,NYC,293.73
2022-01-27,SKU005,LA,321.88
2022-01-27,SKU005,CHI,252.86
2022-01-28,SKU001,NYC,303.83
2022-01-28,SKU001,LA,296.79
2022-01-28,SKU001,CHI,228.28
2022-01-28,SKU002,NYC,211.91
2022-01-28,SKU002,LA,175.39
2022-01-28,SKU002,CHI,160.84
2022-01-28,SKU003,NYC,356.60
2022-01-28,SKU003,LA,338.62
2022-01-28,SKU003,CHI,262.53
2022-01-28,SKU004,NYC,275.46
2022-01-28,SKU004,LA,232.77
2022-01-28,SKU004,CHI,183.04
2022-01-28,SKU005,NYC,415.32
2022-01-28,SKU005,LA,317.92
2022-01-28,SKU005,CHI,240.83
2022-01-29,SKU001,NYC,368.82
2022-01-29,SKU001,LA,374.93
2022-01-29,SKU001,CHI,294.53
2022-01-29,SKU002,NYC,335.89
2022-01-29,SKU002,LA,226.17
2022-01-29,SKU002,CHI,196.07
2022-01-29,SKU003,NYC,543.42
2022-01-29,SKU003,LA,451.53
2022-01-29,SKU003,CHI,364.80
2022-01-29,SKU004,NYC,294.71
2022-01-29,SKU004,LA,320.86
2022-01-29,SKU004,CHI,252.62
2022-01-29,SKU005,NYC,539.98
2022-01-29,SKU005,LA,495.22
2022-01-29,SKU005,CHI,313.11
2022-01-30,SKU001,NYC,418.24
2022-01-30,SKU001,LA,350.14
2022-01-30,SKU001,CHI,334.19
2022-01-30,SKU002,NYC,242.62
2022-01-30,SKU002,LA,256.39
2022-01-30,SKU002,CHI,166.84
2022-01-30,SKU003,NYC,405.67
2022-01-30,SKU003,LA,363.61
2022-01-30,SKU003,CHI,314.18
2022-01-30,SKU004,NYC,393.80
2022-01-30,SKU004,LA,270.73
2022-01-30,SKU004,CHI,231.78
2022-01-30,SKU005,NYC,428.90
2022-01-30,SKU005,LA,429.19
2022-01-30,SKU005,CHI,287.93
2022-01-31,SKU001,NYC,310.72
2022-01-31,SKU001,LA,206.07
2022-01-31,SKU001,CHI,169.03
2022-01-31,SKU002,NYC,194.25
2022-01-31,SKU002,LA,160.31
2022-01-31,SKU002,CHI,146.16
2022-01-31,SKU003,NYC,361.99
2022-01-31,SKU003,LA,262.07
2022-01-31,SKU003,CHI,225.09
2022-01-31,SKU004,NYC,219.34
2022-01-31,SKU004,LA,207.95
2022-01-31,SKU004,CHI,161.06
2022-01-31,SKU005,NYC,313.73
2022-01-31,SKU005,LA,287.61
2022-01-31,SKU005,CHI,200.49
2022-02-01,SKU001,NYC,459.51
2022-02-01,SKU001,LA,395.23
2022-02-01,SKU001,CHI,358.03
2022-02-01,SKU002,NYC,322.39
2022-02-01,SKU002,LA,261.82
2022-02-01,SKU002,CHI,194.37
2022-02-01,SKU003,NYC,648.62
2022-02-01,SKU003,LA,476.09
2022-02-01,SKU003,CHI,418.56
2022-02-01,SKU004,NYC,319.69
2022-02-01,SKU004,LA,363.28
2022-02-01,SKU004,CHI,228.12
2022-02-01,SKU005,NYC,496.99
2022-02-01,SKU005,LA,496.61
2022-02-01,SKU005,CHI,311.31
2022-02-02,SKU001,NYC,461.02
2022-02-02,SKU001,LA,390.13
2022-02-02,SKU001,CHI,278.87
2022-02-02,SKU002,NYC,368.40
2022-02-02,SKU002,LA,311.22
2022-02-02,SKU002,CHI,173.83
2022-02-02,SKU003,NYC,517.78
2022-02-02,SKU003,LA,545.38
2022-02-02,SKU003,CHI,351.08
2022-02-02,SKU004,NYC,378.44
2022-02-02,SKU004,LA,332.37
2022-02-02,SKU004,CHI,280.66
2022-02-02,SKU005,NYC,525.65
2022-02-02,SKU005,LA,452.31
2022-02-02,SKU005,CHI,330.60
2022-02-03,SKU001,NYC,615.82
2022-02-03,SKU001,LA,431.94
2022-02-03,SKU001,CHI,375.91
2022-02-03,SKU002,NYC,361.62
2022-02-03,SKU002,LA,320.97
2022-02-03,SKU002,CHI,249.80
2022-02-03,SKU003,NYC,699.09
2022-02-03,SKU003,LA,532.16
2022-02-03,SKU003,CHI,511.49
2022-02-03,SKU004,NYC,527.35
2022-02-03,SKU004,LA,394.38
2022-02-03,SKU004,CHI,330.57
2022-02-03,SKU005,NYC,683.95
2022-02-03,SKU005,LA,574.68
2022-02-03,SKU005,CHI,433.47
2022-02-04,SKU001,NYC,555.48
2022-02-04,SKU001,LA,492.44
2022-02-04,SKU001,CHI,365.12
2022-02-04,SKU002,NYC,343.10
2022-02-04,SKU002,LA,317.52
2022-02-04,SKU002,CHI,205.56
2022-02-04,SKU003,NYC,708.44
2022-02-04,SKU003,LA,615.13
2022-02-04,SKU003,CHI,530.98
2022-02-04,SKU004,NYC,467.75
2022-02-04,SKU004,LA,419.63
2022-02-04,SKU004,CHI,307.17
2022-02-04,SKU005,NYC,565.12
2022-02-04,SKU005,LA,450.59
2022-02-04,SKU005,CHI,379.00
2022-02-05,SKU001,NYC,608.91
2022-02-05,SKU001,LA,624.96
2022-02-05,SKU001,CHI,460.41
2022-02-05,SKU002,NYC,520.94
2022-02-05,SKU002,LA,413.71
2022-02-05,SKU002,CHI,362.86
2022-02-05,SKU003,NYC,1016.62
2022-02-05,SKU003,LA,716.54
2022-02-05,SKU003,CHI,595.97
2022-02-05,SKU004,NYC,565.56
2022-02-05,SKU004,LA,417.11
2022-02-05,SKU004,CHI,425.15
2022-02-05,SKU005,NYC,913.49
2022-02-05,SKU005,LA,679.92
2022-02-05,SKU005,CHI,517.44
2022-02-06,SKU001,NYC,780.11
2022-02-06,SKU001,LA,448.70
2022-02-06,SKU001,CHI,477.24
2022-02-06,SKU002,NYC,498.53
2022-02-06,SKU002,LA,386.19
2022-02-06,SKU002,CHI,373.26
2022-02-06,SKU003,NYC,1005.77
2022-02-06,SKU003,LA,744.03
2022-02-06,SKU003,CHI,605.88
2022-02-06,SKU004,NYC,572.62
2022-02-06,SKU004,LA,471.02
2022-02-06,SKU004,CHI,345.20
2022-02-06,SKU005,NYC,926.79
2022-02-06,SKU005,LA,748.44
2022-02-06,SKU005,CHI,586.27
2022-02-07,SKU001,NYC,408.46
2022-02-07,SKU001,LA,461.74
2022-02-07,SKU001,CHI,366.31
2022-02-07,SKU002,NYC,326.49
2022-02-07,SKU002,LA,242.91
2022-02-07,SKU002,CHI,195.13
2022-02-07,SKU003,NYC,622.86
2022-02-07,SKU003,LA,452.71
2022-02-07,SKU003,CHI,397.20
2022-02-07,SKU004,NYC,430.70
2022-02-07,SKU004,LA,274.91
2022-02-07,SKU004,CHI,310.88
2022-02-07,SKU005,NYC,614.36
2022-02-07,SKU005,LA,387.86
2022-02-07,SKU005,CHI,304.04
2022-02-08,SKU001,NYC,444.41
2022-02-08,SKU001,LA,341.84
2022-02-08,SKU001,CHI,296.88
2022-02-08,SKU002,NYC,237.08
2022-02-08,SKU002,LA,260.21
2022-02-08,SKU002,CHI,251.45
2022-02-08,SKU003,NYC,529.65
2022-02-08,SKU003,LA,483.29
2022-02-08,SKU003,CHI,338.27
2022-02-08,SKU004,NYC,412.02
2022-02-08,SKU004,LA,315.48
2022-02-08,SKU004,CHI,308.31
2022-02-08,SKU005,NYC,540.73
2022-02-08,SKU005,LA,425.04
2022-02-08,SKU005,CHI,372.62
2022-02-09,SKU001,NYC,433.00
2022-02-09,SKU001,LA,329.17
2022-02-09,SKU001,CHI,313.24
2022-02-09,SKU002,NYC,313.07
2022-02-09,SKU002,LA,269.95
2022-02-09,SKU002,CHI,220.41
2022-02-09,SKU003,NYC,564.24
2022-02-09,SKU003,LA,516.38
2022-02-09,SKU003,CHI,465.27
2022-02-09,SKU004,NYC,343.39
2022-02-09,SKU004,LA,377.72
2022-02-09,SKU004,CHI,251.20
2022-02-09,SKU005,NYC,487.87
2022-02-09,SKU005,LA,547.19
2022-02-09,SKU005,CHI,357.71
2022-02-10,SKU001,NYC,608.35
2022-02-10,SKU001,LA,482.31
2022-02-10,SKU001,CHI,296.74
2022-02-10,SKU002,NYC,378.30
2022-02-10,SKU002,LA,295.12
2022-02-10,SKU002,CHI,215.75
2022-02-10,SKU003,NYC,573.97
2022-02-10,SKU003,LA,587.24
2022-02-10,SKU003,CHI,492.48
2022-02-10,SKU004,NYC,470.66
2022-02-10,SKU004,LA,365.93
2022-02-10,SKU004,CHI,277.86
2022-02-10,SKU005,NYC,558.77
2022-02-10,SKU005,LA,487.94
2022-02-10,SKU005,CHI,370.60
2022-02-11,SKU001,NYC,522.62
2022-02-11,SKU001,LA,443.54
2022-02-11,SKU001,CHI,323.78
2022-02-11,SKU002,NYC,364.02
2022-02-11,SKU002,LA,286.95
2022-02-11,SKU002,CHI,248.34
2022-02-11,SKU003,NYC,730.84
2022-02-11,SKU003,LA,589.96
2022-02-11,SKU003,CHI,485.60
2022-02-11,SKU004,NYC,376.99
2022-02-11,SKU004,LA,362.08
2022-02-11,SKU004,CHI,309.40
2022-02-11,SKU005,NYC,657.90
2022-02-11,SKU005,LA,432.88
2022-02-11,SKU005,CHI,418.73
2022-02-12,SKU001,NYC,774.86
2022-02-12,SKU001,LA,565.91
2022-02-12,SKU001,CHI,456.60
2022-02-12,SKU002,NYC,504.77
2022-02-12,SKU002,LA,412.46
2022-02-12,SKU002,CHI,343.73
2022-02-12,SKU003,NYC,908.15
2022-02-12,SKU003,LA,762.80
2022-02-12,SKU003,CHI,554.05
2022-02-12,SKU004,NYC,575.30
2022-02-12,SKU004,LA,548.85
2022-02-12,SKU004,CHI,382.22
2022-02-12,SKU005,NYC,787.99
2022-02-12,SKU005,LA,635.09
2022-02-12,SKU005,CHI,576.39
2022-02-13,SKU001,NYC,630.44
2022-02-13,SKU001,LA,626.77
2022-02-13,SKU001,CHI,416.51
2022-02-13,SKU002,NYC,430.59
2022-02-13,SKU002,LA,409.54
2022-02-13,SKU002,CHI,325.20
2022-02-13,SKU003,NYC,925.71
2022-02-13,SKU003,LA,828.73
2022-02-13,SKU003,CHI,574.59
2022-02-13,SKU004,NYC,609.30
2022-02-13,SKU004,LA,441.97
2022-02-13,SKU004,CHI,437.95
2022-02-13,SKU005,NYC,849.78
2022-02-13,SKU005,LA,701.76
2022-02-13,SKU005,CHI,542.83
2022-02-14,SKU001,NYC,579.68
2022-02-14,SKU001,LA,507.08
2022-02-14,SKU001,CHI,440.44
2022-02-14,SKU002,NYC,438.57
2022-02-14,SKU002,LA,370.71
2022-02-14,SKU002,CHI,253.11
2022-02-14,SKU003,NYC,835.29
2022-02-14,SKU003,LA,636.39
2022-02-14,SKU003,CHI,487.70
2022-02-14,SKU004,NYC,524.16
2022-02-14,SKU004,LA,361.30
2022-02-14,SKU004,CHI,379.72
2022-02-14,SKU005,NYC,791.65
2022-02-14,SKU005,LA,604.67
2022-02-14,SKU005,CHI,438.00
2022-02-15,SKU001,NYC,405.61
2022-02-15,SKU001,LA,367.66
2022-02-15,SKU001,CHI,226.26
2022-02-15,SKU002,NYC,318.52
2022-02-15,SKU002,LA,278.05
2022-02-15,SKU002,CHI,202.08
2022-02-15,SKU003,NYC,555.36
2022-02-15,SKU003,LA,495.73
2022-02-15,SKU003,CHI,403.15
2022-02-15,SKU004,NYC,420.54
2022-02-15,SKU004,LA,316.47
2022-02-15,SKU004,CHI,235.28
2022-02-15,SKU005,NYC,495.58
2022-02-15,SKU005,LA,440.83
2022-02-15,SKU005,CHI,400.27
2022-02-16,SKU001,NYC,432.24
2022-02-16,SKU001,LA,332.95
2022-02-16,SKU001,CHI,271.79
2022-02-16,SKU002,NYC,246.49
2022-02-16,SKU002,LA,268.46
2022-02-16,SKU002,CHI,179.61
2022-02-16,SKU003,NYC,510.60
2022-02-16,SKU003,LA,389.46
2022-02-16,SKU003,CHI,344.88
2022-02-16,SKU004,NYC,399.30
2022-02-16,SKU004,LA,273.57
2022-02-16,SKU004,CHI,207.81
2022-02-16,SKU005,NYC,527.24
2022-02-16,SKU005,LA,416.95
2022-02-16,SKU005,CHI,360.26
2022-02-17,SKU001,NYC,562.44
2022-02-17,SKU001,LA,436.02
2022-02-17,SKU001,CHI,303.80
2022-02-17,SKU002,NYC,361.19
2022-02-17,SKU002,LA,320.01
2022-02-17,SKU002,CHI,229.60
2022-02-17,SKU003,NYC,584.89
2022-02-17,SKU003,LA,632.00
2022-02-17,SKU003,CHI,436.48
2022-02-17,SKU004,NYC,424.91
2022-02-17,SKU004,LA,369.79
2022-02-17,SKU004,CHI,325.79
2022-02-17,SKU005,NYC,623.60
2022-02-17,SKU005,LA,489.45
2022-02-17,SKU005,CHI,432.69
2022-02-18,SKU001,NYC,634.03
2022-02-18,SKU001,LA,495.34
2022-02-18,SKU001,CHI,371.39
2022-02-18,SKU002,NYC,323.60
2022-02-18,SKU002,LA,417.73
2022-02-18,SKU002,CHI,213.88
2022-02-18,SKU003,NYC,655.60
2022-02-18,SKU003,LA,527.72
2022-02-18,SKU003,CHI,527.80
2022-02-18,SKU004,NYC,460.11
2022-02-18,SKU004,LA,315.45
2022-02-18,SKU004,CHI,302.25
2022-02-18,SKU005,NYC,638.85
2022-02-18,SKU005,LA,488.70
2022-02-18,SKU005,CHI,354.54
2022-02-19,SKU001,NYC,627.29
2022-02-19,SKU001,LA,538.98
2022-02-19,SKU001,CHI,451.91
2022-02-19,SKU002,NYC,447.73
2022-02-19,SKU002,LA,422.50
2022-02-19,SKU002,CHI,284.95
2022-02-19,SKU003,NYC,729.57
2022-02-19,SKU003,LA,680.92
2022-02-19,SKU003,CHI,667.57
2022-02-19,SKU004,NYC,539.29
2022-02-19,SKU004,LA,588.32
2022-02-19,SKU004,CHI,400.13
2022-02-19,SKU005,NYC,693.60
2022-02-19,SKU005,LA,599.59
2022-02-19,SKU005,CHI,536.07
2022-02-20,SKU001,NYC,594.69
2022-02-20,SKU001,LA,695.11
2022-02-20,SKU001,CHI,404.85
2022-02-20,SKU002,NYC,502.74
2022-02-20,SKU002,LA,449.51
2022-02-20,SKU002,CHI,310.36
2022-02-20,SKU003,NYC,791.88
2022-02-20,SKU003,LA,712.88
2022-02-20,SKU003,CHI,607.55
2022-02-20,SKU004,NYC,620.04
2022-02-20,SKU004,LA,477.79
2022-02-20,SKU004,CHI,326.86
2022-02-20,SKU005,NYC,785.85
2022-02-20,SKU005,LA,608.20
2022-02-20,SKU005,CHI,407.79
2022-02-21,SKU001,NYC,408.61
2022-02-21,SKU001,LA,313.61
2022-02-21,SKU001,CHI,310.02
2022-02-21,SKU002,NYC,366.33
2022-02-21,SKU002,LA,303.09
2022-02-21,SKU002,CHI,192.75
2022-02-21,SKU003,NYC,546.35
2022-02-21,SKU003,LA,510.51
2022-02-21,SKU003,CHI,422.64
2022-02-21,SKU004,NYC,355.92
2022-02-21,SKU004,LA,305.14
2022-02-21,SKU004,CHI,302.30
2022-02-21,SKU005,NYC,504.55
2022-02-21,SKU005,LA,404.39
2022-02-21,SKU005,CHI,344.10
2022-02-22,SKU001,NYC,463.12
2022-02-22,SKU001,LA,327.52
2022-02-22,SKU001,CHI,284.58
2022-02-22,SKU002,NYC,269.99
2022-02-22,SKU002,LA,247.61
2022-02-22,SKU002,CHI,242.00
2022-02-22,SKU003,NYC,613.59
2022-02-22,SKU003,LA,471.61
2022-02-22,SKU003,CHI,345.28
2022-02-22,SKU004,NYC,358.64
2022-02-22,SKU004,LA,340.88
2022-02-22,SKU004,CHI,232.92
2022-02-22,SKU005,NYC,582.12
2022-02-22,SKU005,LA,365.46
2022-02-22,SKU005,CHI,329.09
2022-02-23,SKU001,NYC,512.26
2022-02-23,SKU001,LA,290.54
2022-02-23,SKU001,CHI,325.38
2022-02-23,SKU002,NYC,248.18
2022-02-23,SKU002,LA,251.52
2022-02-23,SKU002,CHI,199.54
2022-02-23,SKU003,NYC,616.21
2022-02-23,SKU003,LA,324.75
2022-02-23,SKU003,CHI,306.74
2022-02-23,SKU004,NYC,347.97
2022-02-23,SKU004,LA,308.51
2022-02-23,SKU004,CHI,223.93
2022-02-23,SKU005,NYC,495.53
2022-02-23,SKU005,LA,372.18
2022-02-23,SKU005,CHI,324.26
2022-02-24,SKU001,NYC,468.12
2022-02-24,SKU001,LA,436.58
2022-02-24,SKU001,CHI,360.77
2022-02-24,SKU002,NYC,408.20
2022-02-24,SKU002,LA,278.00
2022-02-24,SKU002,CHI,230.46
2022-02-24,SKU003,NYC,670.64
2022-02-24,SKU003,LA,539.81
2022-02-24,SKU003,CHI,442.65
2022-02-24,SKU004,NYC,364.83
2022-02-24,SKU004,LA,373.71
2022-02-24,SKU004,CHI,261.87
2022-02-24,SKU005,NYC,537.30
2022-02-24,SKU005,LA,416.50
2022-02-24,SKU005,CHI,442.10
2022-02-25,SKU001,NYC,502.45
2022-02-25,SKU001,LA,473.49
2022-02-25,SKU001,CHI,348.99
2022-02-25,SKU002,NYC,295.16
2022-02-25,SKU002,LA,264.34
2022-02-25,SKU002,CHI,255.15
2022-02-25,SKU003,NYC,614.21
2022-02-25,SKU003,LA,493.85
2022-02-25,SKU003,CHI,435.47
2022-02-25,SKU004,NYC,423.18
2022-02-25,SKU004,LA,322.68
2022-02-25,SKU004,CHI,277.84
2022-02-25,SKU005,NYC,563.84
2022-02-25,SKU005,LA,365.67
2022-02-25,SKU005,CHI,414.63
2022-02-26,SKU001,NYC,606.56
2022-02-26,SKU001,LA,621.86
2022-02-26,SKU001,CHI,389.47
2022-02-26,SKU002,NYC,388.02
2022-02-26,SKU002,LA,429.62
2022-02-26,SKU002,CHI,258.51
2022-02-26,SKU003,NYC,806.83
2022-02-26,SKU003,LA,760.93
2022-02-26,SKU003,CHI,555.50
2022-02-26,SKU004,NYC,465.61
2022-02-26,SKU004,LA,473.73
2022-02-26,SKU004,CHI,364.76
2022-02-26,SKU005,NYC,865.72
2022-02-26,SKU005,LA,676.98
2022-02-26,SKU005,CHI,666.75
2022-02-27,SKU001,NYC,549.48
2022-02-27,SKU001,LA,546.93
2022-02-27,SKU001,CHI,391.72
2022-02-27,SKU002,NYC,512.14
2022-02-27,SKU002,LA,414.05
2022-02-27,SKU002,CHI,329.16
2022-02-27,SKU003,NYC,791.85
2022-02-27,SKU003,LA,662.18
2022-02-27,SKU003,CHI,456.22
2022-02-27,SKU004,NYC,650.95
2022-02-27,SKU004,LA,486.80
2022-02-27,SKU004,CHI,360.94
2022-02-27,SKU005,NYC,835.96
2022-02-27,SKU005,LA,685.00
2022-02-27,SKU005,CHI,559.44
2022-02-28,SKU001,NYC,358.92
2022-02-28,SKU001,LA,331.58
2022-02-28,SKU001,CHI,291.24
2022-02-28,SKU002,NYC,309.71
2022-02-28,SKU002,LA,273.09
2022-02-28,SKU002,CHI,179.28
2022-02-28,SKU003,NYC,566.49
2022-02-28,SKU003,LA,568.95
2022-02-28,SKU003,CHI,398.72
2022-02-28,SKU004,NYC,393.64
2022-02-28,SKU004,LA,301.19
2022-02-28,SKU004,CHI,259.94
2022-02-28,SKU005,NYC,588.06
2022-02-28,SKU005,LA,419.58
2022-02-28,SKU005,CHI,372.78
2022-03-01,SKU001,NYC,389.55
2022-03-01,SKU001,LA,376.75
2022-03-01,SKU001,CHI,310.34
2022-03-01,SKU002,NYC,275.56
2022-03-01,SKU002,LA,275.57
2022-03-01,SKU002,CHI,185.23
2022-03-01,SKU003,NYC,512.47
2022-03-01,SKU003,LA,464.40
2022-03-01,SKU003,CHI,443.35
2022-03-01,SKU004,NYC,371.90
2022-03-01,SKU004,LA,328.75
2022-03-01,SKU004,CHI,222.90
2022-03-01,SKU005,NYC,500.29
2022-03-01,SKU005,LA,365.03
2022-03-01,SKU005,CHI,312.06
2022-03-02,SKU001,NYC,460.86
2022-03-02,SKU001,LA,353.07
2022-03-02,SKU001,CHI,324.69
2022-03-02,SKU002,NYC,290.83
2022-03-02,SKU002,LA,242.47
2022-03-02,SKU002,CHI,223.16
2022-03-02,SKU003,NYC,519.30
2022-03-02,SKU003,LA,392.43
2022-03-02,SKU003,CHI,418.38
2022-03-02,SKU004,NYC,374.25
2022-03-02,SKU004,LA,234.63
2022-03-02,SKU004,CHI,240.64
2022-03-02,SKU005,NYC,474.71
2022-03-02,SKU005,LA,484.17
2022-03-02,SKU005,CHI,305.75
2022-03-03,SKU001,NYC,469.54
2022-03-03,SKU001,LA,377.59
2022-03-03,SKU001,CHI,297.30
2022-03-03,SKU002,NYC,323.52
2022-03-03,SKU002,LA,248.28
2022-03-03,SKU002,CHI,208.01
2022-03-03,SKU003,NYC,546.33
2022-03-03,SKU003,LA,461.20
2022-03-03,SKU003,CHI,366.25
2022-03-03,SKU004,NYC,399.20
2022-03-03,SKU004,LA,326.96
2022-03-03,SKU004,CHI,246.33
2022-03-03,SKU005,NYC,607.64
2022-03-03,SKU005,LA,480.93
2022-03-03,SKU005,CHI,369.90
2022-03-04,SKU001,NYC,473.55
2022-03-04,SKU001,LA,479.75
2022-03-04,SKU001,CHI,339.00
2022-03-04,SKU002,NYC,363.03
2022-03-04,SKU002,LA,214.11
2022-03-04,SKU002,CHI,215.93
2022-03-04,SKU003,NYC,507.69
2022-03-04,SKU003,LA,517.37
2022-03-04,SKU003,CHI,448.46
2022-03-04,SKU004,NYC,391.22
2022-03-04,SKU004,LA,367.72
2022-03-04,SKU004,CHI,251.07
2022-03-04,SKU005,NYC,611.08
2022-03-04,SKU005,LA,406.70
2022-03-04,SKU005,CHI,375.13
2022-03-05,SKU001,NYC,670.10
2022-03-05,SKU001,LA,564.64
2022-03-05,SKU001,CHI,423.28
2022-03-05,SKU002,NYC,535.82
2022-03-05,SKU002,LA,358.48
2022-03-05,SKU002,CHI,285.69
2022-03-05,SKU003,NYC,608.09
2022-03-05,SKU003,LA,823.68
2022-03-05,SKU003,CHI,539.24
2022-03-05,SKU004,NYC,479.34
2022-03-05,SKU004,LA,512.48
2022-03-05,SKU004,CHI,406.89
2022-03-05,SKU005,NYC,756.53
2022-03-05,SKU005,LA,534.19
2022-03-05,SKU005,CHI,519.85
2022-03-06,SKU001,NYC,600.81
2022-03-06,SKU001,LA,471.35
2022-03-06,SKU001,CHI,471.64
2022-03-06,SKU002,NYC,351.69
2022-03-06,SKU002,LA,393.64
2022-03-06,SKU002,CHI,311.70
2022-03-06,SKU003,NYC,1008.27
2022-03-06,SKU003,LA,719.90
2022-03-06,SKU003,CHI,442.96
2022-03-06,SKU004,NYC,495.83
2022-03-06,SKU004,LA,453.80
2022-03-06,SKU004,CHI,373.54
2022-03-06,SKU005,NYC,818.81
2022-03-06,SKU005,LA,499.62
2022-03-06,SKU005,CHI,480.71
2022-03-07,SKU001,NYC,457.70
2022-03-07,SKU001,LA,401.38
2022-03-07,SKU001,CHI,329.92
2022-03-07,SKU002,NYC,279.77
2022-03-07,SKU002,LA,269.24
2022-03-07,SKU002,CHI,227.31
2022-03-07,SKU003,NYC,610.25
2022-03-07,SKU003,LA,487.00
2022-03-07,SKU003,CHI,393.38
2022-03-07,SKU004,NYC,324.53
2022-03-07,SKU004,LA,251.14
2022-03-07,SKU004,CHI,258.00
2022-03-07,SKU005,NYC,468.89
2022-03-07,SKU005,LA,403.65
2022-03-07,SKU005,CHI,305.09
2022-03-08,SKU001,NYC,399.27
2022-03-08,SKU001,LA,354.39
2022-03-08,SKU001,CHI,248.75
2022-03-08,SKU002,NYC,291.96
2022-03-08,SKU002,LA,247.59
2022-03-08,SKU002,CHI,191.82
2022-03-08,SKU003,NYC,502.49
2022-03-08,SKU003,LA,487.97
2022-03-08,SKU003,CHI,429.68
2022-03-08,SKU004,NYC,329.84
2022-03-08,SKU004,LA,328.56
2022-03-08,SKU004,CHI,254.77
2022-03-08,SKU005,NYC,355.53
2022-03-08,SKU005,LA,372.58
2022-03-08,SKU005,CHI,302.11
2022-03-09,SKU001,NYC,446.32
2022-03-09,SKU001,LA,351.46
2022-03-09,SKU001,CHI,289.06
2022-03-09,SKU002,NYC,307.19
2022-03-09,SKU002,LA,219.04
2022-03-09,SKU002,CHI,178.17
2022-03-09,SKU003,NYC,474.63
2022-03-09,SKU003,LA,442.96
2022-03-09,SKU003,CHI,356.21
2022-03-09,SKU004,NYC,355.51
2022-03-09,SKU004,LA,270.08
2022-03-09,SKU004,CHI,254.14
2022-03-09,SKU005,NYC,526.32
2022-03-09,SKU005,LA,463.89
2022-03-09,SKU005,CHI,344.27
2022-03-10,SKU001,NYC,494.06
2022-03-10,SKU001,LA,431.40
2022-03-10,SKU001,CHI,343.09
2022-03-10,SKU002,NYC,316.35
2022-03-10,SKU002,LA,318.37
2022-03-10,SKU002,CHI,264.38
2022-03-10,SKU003,NYC,758.97
2022-03-10,SKU003,LA,529.94
2022-03-10,SKU003,CHI,436.16
2022-03-10,SKU004,NYC,426.57
2022-03-10,SKU004,LA,341.18
2022-03-10,SKU004,CHI,289.92
2022-03-10,SKU005,NYC,558.19
2022-03-10,SKU005,LA,461.74
2022-03-10,SKU005,CHI,442.95
2022-03-11,SKU001,NYC,491.08
2022-03-11,SKU001,LA,405.30
2022-03-11,SKU001,CHI,350.49
2022-03-11,SKU002,NYC,342.10
2022-03-11,SKU002,LA,289.05
2022-03-11,SKU002,CHI,223.26
2022-03-11,SKU003,NYC,554.17
2022-03-11,SKU003,LA,524.37
2022-03-11,SKU003,CHI,372.96
2022-03-11,SKU004,NYC,416.41
2022-03-11,SKU004,LA,299.71
2022-03-11,SKU004,CHI,296.82
2022-03-11,SKU005,NYC,605.05
2022-03-11,SKU005,LA,482.22
2022-03-11,SKU005,CHI,371.49
2022-03-12,SKU001,NYC,651.56
2022-03-12,SKU001,LA,418.84
2022-03-12,SKU001,CHI,371.27
2022-03-12,SKU002,NYC,429.86
2022-03-12,SKU002,LA,376.18
2022-03-12,SKU002,CHI,288.59
2022-03-12,SKU003,NYC,735.20
2022-03-12,SKU003,LA,690.18
2022-03-12,SKU003,CHI,520.15
2022-03-12,SKU004,NYC,471.58
2022-03-12,SKU004,LA,454.50
2022-03-12,SKU004,CHI,344.61
2022-03-12,SKU005,NYC,816.14
2022-03-12,SKU005,LA,647.86
2022-03-12,SKU005,CHI,521.65
2022-03-13,SKU001,NYC,643.02
2022-03-13,SKU001,LA,475.27
2022-03-13,SKU001,CHI,376.46
2022-03-13,SKU002,NYC,370.63
2022-03-13,SKU002,LA,466.39
2022-03-13,SKU002,CHI,258.43
2022-03-13,SKU003,NYC,796.96
2022-03-13,SKU003,LA,653.92
2022-03-13,SKU003,CHI,527.44
2022-03-13,SKU004,NYC,495.09
2022-03-13,SKU004,LA,356.30
2022-03-13,SKU004,CHI,315.54
2022-03-13,SKU005,NYC,625.12
2022-03-13,SKU005,LA,597.41
2022-03-13,SKU005,CHI,450.94
2022-03-14,SKU001,NYC,377.79
2022-03-14,SKU001,LA,345.35
2022-03-14,SKU001,CHI,254.68
2022-03-14,SKU002,NYC,309.33
2022-03-14,SKU002,LA,226.69
2022-03-14,SKU002,CHI,192.89
2022-03-14,SKU003,NYC,459.86
2022-03-14,SKU003,LA,470.79
2022-03-14,SKU003,CHI,339.09
2022-03-14,SKU004,NYC,356.35
2022-03-14,SKU004,LA,294.71
2022-03-14,SKU004,CHI,224.28
2022-03-14,SKU005,NYC,483.19
2022-03-14,SKU005,LA,378.90
2022-03-14,SKU005,CHI,357.71
2022-03-15,SKU001,NYC,521.26
2022-03-15,SKU001,LA,416.43
2022-03-15,SKU001,CHI,280.31
2022-03-15,SKU002,NYC,295.95
2022-03-15,SKU002,LA,258.69
2022-03-15,SKU002,CHI,216.24
2022-03-15,SKU003,NYC,650.93
2022-03-15,SKU003,LA,472.63
2022-03-15,SKU003,CHI,464.23
2022-03-15,SKU004,NYC,402.42
2022-03-15,SKU004,LA,267.75
2022-03-15,SKU004,CHI,255.44
2022-03-15,SKU005,NYC,412.14
2022-03-15,SKU005,LA,428.38
2022-03-15,SKU005,CHI,350.21
2022-03-16,SKU001,NYC,377.77
2022-03-16,SKU001,LA,324.37
2022-03-16,SKU001,CHI,257.65
2022-03-16,SKU002,NYC,263.94
2022-03-16,SKU002,LA,268.97
2022-03-16,SKU002,CHI,209.80
2022-03-16,SKU003,NYC,465.79
2022-03-16,SKU003,LA,493.14
2022-03-16,SKU003,CHI,293.72
2022-03-16,SKU004,NYC,311.81
2022-03-16,SKU004,LA,326.04
2022-03-16,SKU004,CHI,175.63
2022-03-16,SKU005,NYC,496.16
2022-03-16,SKU005,LA,341.98
2022-03-16,SKU005,CHI,308.29
2022-03-17,SKU001,NYC,462.86
2022-03-17,SKU001,LA,459.46
2022-03-17,SKU001,CHI,288.77
2022-03-17,SKU002,NYC,326.46
2022-03-17,SKU002,LA,291.12
2022-03-17,SKU002,CHI,213.64
2022-03-17,SKU003,NYC,565.45
2022-03-17,SKU003,LA,510.38
2022-03-17,SKU003,CHI,414.58
2022-03-17,SKU004,NYC,432.83
2022-03-17,SKU004,LA,300.14
2022-03-17,SKU004,CHI,253.21
2022-03-17,SKU005,NYC,567.55
2022-03-17,SKU005,LA,450.50
2022-03-17,SKU005,CHI,359.74
2022-03-18,SKU001,NYC,468.59
2022-03-18,SKU001,LA,363.94
2022-03-18,SKU001,CHI,287.90
2022-03-18,SKU002,NYC,341.77
2022-03-18,SKU002,LA,242.91
2022-03-18,SKU002,CHI,243.66
2022-03-18,SKU003,NYC,626.91
2022-03-18,SKU003,LA,446.04
2022-03-18,SKU003,CHI,420.63
2022-03-18,SKU004,NYC,402.60
2022-03-18,SKU004,LA,355.13
2022-03-18,SKU004,CHI,294.57
2022-03-18,SKU005,NYC,527.54
2022-03-18,SKU005,LA,424.04
2022-03-18,SKU005,CHI,342.95
2022-03-19,SKU001,NYC,548.03
2022-03-19,SKU001,LA,468.57
2022-03-19,SKU001,CHI,416.62
2022-03-19,SKU002,NYC,424.39
2022-03-19,SKU002,LA,335.77
2022-03-19,SKU002,CHI,261.64
2022-03-19,SKU003,NYC,821.99
2022-03-19,SKU003,LA,628.76
2022-03-19,SKU003,CHI,474.49
2022-03-19,SKU004,NYC,504.78
2022-03-19,SKU004,LA,415.83
2022-03-19,SKU004,CHI,305.14
2022-03-19,SKU005,NYC,767.68
2022-03-19,SKU005,LA,640.85
2022-03-19,SKU005,CHI,474.62
2022-03-20,SKU001,NYC,613.02
2022-03-20,SKU001,LA,530.83
2022-03-20,SKU001,CHI,402.14
2022-03-20,SKU002,NYC,459.54
2022-03-20,SKU002,LA,409.84
2022-03-20,SKU002,CHI,283.55
2022-03-20,SKU003,NYC,825.89
2022-03-20,SKU003,LA,716.80
2022-03-20,SKU003,CHI,509.55
2022-03-20,SKU004,NYC,452.76
2022-03-20,SKU004,LA,463.82
2022-03-20,SKU004,CHI,286.86
2022-03-20,SKU005,NYC,832.50
2022-03-20,SKU005,LA,639.70
2022-03-20,SKU005,CHI,479.62
2022-03-21,SKU001,NYC,395.97
2022-03-21,SKU001,LA,385.80
2022-03-21,SKU001,CHI,237.79
2022-03-21,SKU002,NYC,242.83
2022-03-21,SKU002,LA,215.22
2022-03-21,SKU002,CHI,178.34
2022-03-21,SKU003,NYC,463.24
2022-03-21,SKU003,LA,435.84
2022-03-21,SKU003,CHI,348.06
2022-03-21,SKU004,NYC,305.20
2022-03-21,SKU004,LA,321.25
2022-03-21,SKU004,CHI,190.66
2022-03-21,SKU005,NYC,401.15
2022-03-21,SKU005,LA,397.63
2022-03-21,SKU005,CHI,300.22
2022-03-22,SKU001,NYC,408.67
2022-03-22,SKU001,LA,306.67
2022-03-22,SKU001,CHI,234.50
2022-03-22,SKU002,NYC,255.86
2022-03-22,SKU002,LA,212.35
2022-03-22,SKU002,CHI,191.92
2022-03-22,SKU003,NYC,488.31
2022-03-22,SKU003,LA,459.99
2022-03-22,SKU003,CHI,362.07
2022-03-22,SKU004,NYC,365.22
2022-03-22,SKU004,LA,300.49
2022-03-22,SKU004,CHI,237.83
2022-03-22,SKU005,NYC,493.26
2022-03-22,SKU005,LA,361.95
2022-03-22,SKU005,CHI,297.34
2022-03-23,SKU001,NYC,319.13
2022-03-23,SKU001,LA,335.01
2022-03-23,SKU001,CHI,242.86
2022-03-23,SKU002,NYC,283.28
2022-03-23,SKU002,LA,238.92
2022-03-23,SKU002,CHI,157.01
2022-03-23,SKU003,NYC,459.00
2022-03-23,SKU003,LA,410.78
2022-03-23,SKU003,CHI,322.90
2022-03-23,SKU004,NYC,334.86
2022-03-23,SKU004,LA,242.75
2022-03-23,SKU004,CHI,220.61
2022-03-23,SKU005,NYC,379.12
2022-03-23,SKU005,LA,298.19
2022-03-23,SKU005,CHI,325.88
2022-03-24,SKU001,NYC,397.85
2022-03-24,SKU001,LA,359.97
2022-03-24,SKU001,CHI,261.82
2022-03-24,SKU002,NYC,274.07
2022-03-24,SKU002,LA,255.24
2022-03-24,SKU002,CHI,203.95
2022-03-24,SKU003,NYC,657.20
2022-03-24,SKU003,LA,521.08
2022-03-24,SKU003,CHI,388.52
2022-03-24,SKU004,NYC,415.01
2022-03-24,SKU004,LA,357.38
2022-03-24,SKU004,CHI,267.77
2022-03-24,SKU005,NYC,512.72
2022-03-24,SKU005,LA,490.73
2022-03-24,SKU005,CHI,419.30
2022-03-25,SKU001,NYC,485.72
2022-03-25,SKU001,LA,446.92
2022-03-25,SKU001,CHI,331.89
2022-03-25,SKU002,NYC,344.59
2022-03-25,SKU002,LA,235.84
2022-03-25,SKU002,CHI,188.17
2022-03-25,SKU003,NYC,592.93
2022-03-25,SKU003,LA,413.67
2022-03-25,SKU003,CHI,373.70
2022-03-25,SKU004,NYC,417.41
2022-03-25,SKU004,LA,298.79
2022-03-25,SKU004,CHI,269.71
2022-03-25,SKU005,NYC,460.33
2022-03-25,SKU005,LA,421.64
2022-03-25,SKU005,CHI,391.14
2022-03-26,SKU001,NYC,602.06
2022-03-26,SKU001,LA,505.74
2022-03-26,SKU001,CHI,460.20
2022-03-26,SKU002,NYC,464.44
2022-03-26,SKU002,LA,312.56
2022-03-26,SKU002,CHI,310.21
2022-03-26,SKU003,NYC,723.91
2022-03-26,SKU003,LA,641.68
2022-03-26,SKU003,CHI,515.03
2022-03-26,SKU004,NYC,550.47
2022-03-26,SKU004,LA,367.49
2022-03-26,SKU004,CHI,346.39
2022-03-26,SKU005,NYC,725.18
2022-03-26,SKU005,LA,620.83
2022-03-26,SKU005,CHI,449.72
2022-03-27,SKU001,NYC,646.15
2022-03-27,SKU001,LA,454.53
2022-03-27,SKU001,CHI,436.39
2022-03-27,SKU002,NYC,423.76
2022-03-27,SKU002,LA,293.36
2022-03-27,SKU002,CHI,284.02
2022-03-27,SKU003,NYC,781.88
2022-03-27,SKU003,LA,617.32
2022-03-27,SKU003,CHI,474.37
2022-03-27,SKU004,NYC,483.05
2022-03-27,SKU004,LA,352.96
2022-03-27,SKU004,CHI,385.74
2022-03-27,SKU005,NYC,608.81
2022-03-27,SKU005,LA,534.05
2022-03-27,SKU005,CHI,509.87
2022-03-28,SKU001,NYC,404.66
2022-03-28,SKU001,LA,341.53
2022-03-28,SKU001,CHI,293.52
2022-03-28,SKU002,NYC,258.16
2022-03-28,SKU002,LA,198.82
2022-03-28,SKU002,CHI,192.65
2022-03-28,SKU003,NYC,539.91
2022-03-28,SKU003,LA,403.12
2022-03-28,SKU003,CHI,291.20
2022-03-28,SKU004,NYC,362.11
2022-03-28,SKU004,LA,283.95
2022-03-28,SKU004,CHI,185.29
2022-03-28,SKU005,NYC,481.70
2022-03-28,SKU005,LA,318.71
2022-03-28,SKU005,CHI,283.52
2022-03-29,SKU001,NYC,337.89
2022-03-29,SKU001,LA,296.97
2022-03-29,SKU001,CHI,232.62
2022-03-29,SKU002,NYC,249.04
2022-03-29,SKU002,LA,237.11
2022-03-29,SKU002,CHI,182.09
2022-03-29,SKU003,NYC,529.28
2022-03-29,SKU003,LA,460.30
2022-03-29,SKU003,CHI,319.60
2022-03-29,SKU004,NYC,323.32
2022-03-29,SKU004,LA,281.68
2022-03-29,SKU004,CHI,250.34
2022-03-29,SKU005,NYC,485.01
2022-03-29,SKU005,LA,422.06
2022-03-29,SKU005,CHI,326.89
2022-03-30,SKU001,NYC,419.07
2022-03-30,SKU001,LA,259.47
2022-03-30,SKU001,CHI,274.92
2022-03-30,SKU002,NYC,269.78
2022-03-30,SKU002,LA,221.32
2022-03-30,SKU002,CHI,166.82
2022-03-30,SKU003,NYC,474.76
2022-03-30,SKU003,LA,430.40
2022-03-30,SKU003,CHI,358.33
2022-03-30,SKU004,NYC,271.51
2022-03-30,SKU004,LA,271.92
2022-03-30,SKU004,CHI,200.96
2022-03-30,SKU005,NYC,401.02
2022-03-30,SKU005,LA,383.80
2022-03-30,SKU005,CHI,285.73
2022-03-31,SKU001,NYC,414.69
2022-03-31,SKU001,LA,341.50
2022-03-31,SKU001,CHI,304.29
2022-03-31,SKU002,NYC,309.10
2022-03-31,SKU002,LA,229.69
2022-03-31,SKU002,CHI,188.92
2022-03-31,SKU003,NYC,570.27
2022-03-31,SKU003,LA,503.67
2022-03-31,SKU003,CHI,346.60
2022-03-31,SKU004,NYC,392.29
2022-03-31,SKU004,LA,286.01
2022-03-31,SKU004,CHI,317.37
2022-03-31,SKU005,NYC,470.34
2022-03-31,SKU005,LA,398.48
2022-03-31,SKU005,CHI,352.85
2022-04-01,SKU001,NYC,402.14
2022-04-01,SKU001,LA,398.84
2022-04-01,SKU001,CHI,347.77
2022-04-01,SKU002,NYC,296.11
2022-04-01,SKU002,LA,261.14
2022-04-01,SKU002,CHI,194.73
2022-04-01,SKU003,NYC,578.39
2022-04-01,SKU003,LA,551.00
2022-04-01,SKU003,CHI,420.08
2022-04-01,SKU004,NYC,338.70
2022-04-01,SKU004,LA,358.28
2022-04-01,SKU004,CHI,277.10
2022-04-01,SKU005,NYC,542.20
2022-04-01,SKU005,LA,402.47
2022-04-01,SKU005,CHI,346.97
2022-04-02,SKU001,NYC,526.64
2022-04-02,SKU001,LA,499.09
2022-04-02,SKU001,CHI,369.36
2022-04-02,SKU002,NYC,309.60
2022-04-02,SKU002,LA,363.03
2022-04-02,SKU002,CHI,270.90
2022-04-02,SKU003,NYC,829.46
2022-04-02,SKU003,LA,615.43
2022-04-02,SKU003,CHI,508.55
2022-04-02,SKU004,NYC,535.69
2022-04-02,SKU004,LA,417.19
2022-04-02,SKU004,CHI,330.55
2022-04-02,SKU005,NYC,884.54
2022-04-02,SKU005,LA,548.39
2022-04-02,SKU005,CHI,453.80
2022-04-03,SKU001,NYC,668.45
2022-04-03,SKU001,LA,436.51
2022-04-03,SKU001,CHI,340.25
2022-04-03,SKU002,NYC,340.12
2022-04-03,SKU002,LA,348.46
2022-04-03,SKU002,CHI,281.20
2022-04-03,SKU003,NYC,800.80
2022-04-03,SKU003,LA,537.17
2022-04-03,SKU003,CHI,547.01
2022-04-03,SKU004,NYC,537.25
2022-04-03,SKU004,LA,395.95
2022-04-03,SKU004,CHI,320.91
2022-04-03,SKU005,NYC,711.64
2022-04-03,SKU005,LA,575.90
2022-04-03,SKU005,CHI,472.93
2022-04-04,SKU001,NYC,330.59
2022-04-04,SKU001,LA,303.66
2022-04-04,SKU001,CHI,217.27
2022-04-04,SKU002,NYC,274.73
2022-04-04,SKU002,LA,226.77
2022-04-04,SKU002,CHI,170.58
2022-04-04,SKU003,NYC,499.79
2022-04-04,SKU003,LA,341.53
2022-04-04,SKU003,CHI,351.35
2022-04-04,SKU004,NYC,297.74
2022-04-04,SKU004,LA,263.63
2022-04-04,SKU004,CHI,231.44
2022-04-04,SKU005,NYC,401.22
2022-04-04,SKU005,LA,405.02
2022-04-04,SKU005,CHI,292.96
2022-04-05,SKU001,NYC,370.30
2022-04-05,SKU001,LA,324.83
2022-04-05,SKU001,CHI,215.48
2022-04-05,SKU002,NYC,272.57
2022-04-05,SKU002,LA,215.72
2022-04-05,SKU002,CHI,189.30
2022-04-05,SKU003,NYC,472.84
2022-04-05,SKU003,LA,388.13
2022-04-05,SKU003,CHI,334.12
2022-04-05,SKU004,NYC,309.10
2022-04-05,SKU004,LA,228.70
2022-04-05,SKU004,CHI,203.28
2022-04-05,SKU005,NYC,487.05
2022-04-05,SKU005,LA,356.86
2022-04-05,SKU005,CHI,263.09
2022-04-06,SKU001,NYC,393.99
2022-04-06,SKU001,LA,249.60
2022-04-06,SKU001,CHI,193.14
2022-04-06,SKU002,NYC,256.06
2022-04-06,SKU002,LA,217.33
2022-04-06,SKU002,CHI,174.54
2022-04-06,SKU003,NYC,438.30
2022-04-06,SKU003,LA,395.02
2022-04-06,SKU003,CHI,275.96
2022-04-06,SKU004,NYC,316.37
2022-04-06,SKU004,LA,216.31
2022-04-06,SKU004,CHI,203.30
2022-04-06,SKU005,NYC,441.73
2022-04-06,SKU005,LA,295.71
2022-04-06,SKU005,CHI,271.99
2022-04-07,SKU001,NYC,464.63
2022-04-07,SKU001,LA,414.49
2022-04-07,SKU001,CHI,243.94
2022-04-07,SKU002,NYC,310.25
2022-04-07,SKU002,LA,219.14
2022-04-07,SKU002,CHI,173.13
2022-04-07,SKU003,NYC,653.77
2022-04-07,SKU003,LA,501.22
2022-04-07,SKU003,CHI,345.63
2022-04-07,SKU004,NYC,370.54
2022-04-07,SKU004,LA,321.56
2022-04-07,SKU004,CHI,246.11
2022-04-07,SKU005,NYC,617.69
2022-04-07,SKU005,LA,445.75
2022-04-07,SKU005,CHI,235.60
2022-04-08,SKU001,NYC,478.84
2022-04-08,SKU001,LA,380.69
2022-04-08,SKU001,CHI,322.06
2022-04-08,SKU002,NYC,344.02
2022-04-08,SKU002,LA,267.66
2022-04-08,SKU002,CHI,204.19
2022-04-08,SKU003,NYC,733.64
2022-04-08,SKU003,LA,570.15
2022-04-08,SKU003,CHI,401.54
2022-04-08,SKU004,NYC,443.37
2022-04-08,SKU004,LA,369.32
2022-04-08,SKU004,CHI,311.84
2022-04-08,SKU005,NYC,516.66
2022-04-08,SKU005,LA,518.88
2022-04-08,SKU005,CHI,361.67
2022-04-09,SKU001,NYC,619.20
2022-04-09,SKU001,LA,453.67
2022-04-09,SKU001,CHI,285.99
2022-04-09,SKU002,NYC,388.05
2022-04-09,SKU002,LA,264.74
2022-04-09,SKU002,CHI,252.19
2022-04-09,SKU003,NYC,722.51
2022-04-09,SKU003,LA,581.31
2022-04-09,SKU003,CHI,412.45
2022-04-09,SKU004,NYC,415.11
2022-04-09,SKU004,LA,356.48
2022-04-09,SKU004,CHI,303.76
2022-04-09,SKU005,NYC,734.06
2022-04-09,SKU005,LA,580.32
2022-04-09,SKU005,CHI,413.04
2022-04-10,SKU001,NYC,623.11
2022-04-10,SKU001,LA,397.57
2022-04-10,SKU001,CHI,393.71
2022-04-10,SKU002,NYC,378.26
2022-04-10,SKU002,LA,328.42
2022-04-10,SKU002,CHI,273.06
2022-04-10,SKU003,NYC,674.50
2022-04-10,SKU003,LA,651.38
2022-04-10,SKU003,CHI,482.00
2022-04-10,SKU004,NYC,577.38
2022-04-10,SKU004,LA,375.86
2022-04-10,SKU004,CHI,349.49
2022-04-10,SKU005,NYC,689.51
2022-04-10,SKU005,LA,476.31
2022-04-10,SKU005,CHI,490.48
2022-04-11,SKU001,NYC,321.68
2022-04-11,SKU001,LA,232.94
2022-04-11,SKU001,CHI,260.36
2022-04-11,SKU002,NYC,277.44
2022-04-11,SKU002,LA,209.96
2022-04-11,SKU002,CHI,162.74
2022-04-11,SKU003,NYC,545.81
2022-04-11,SKU003,LA,420.61
2022-04-11,SKU003,CHI,293.52
2022-04-11,SKU004,NYC,324.99
2022-04-11,SKU004,LA,220.98
2022-04-11,SKU004,CHI,190.60
2022-04-11,SKU005,NYC,377.38
2022-04-11,SKU005,LA,274.11
2022-04-11,SKU005,CHI,248.04
2022-04-12,SKU001,NYC,402.10
2022-04-12,SKU001,LA,265.81
2022-04-12,SKU001,CHI,225.73
2022-04-12,SKU002,NYC,220.59
2022-04-12,SKU002,LA,225.98
2022-04-12,SKU002,CHI,166.40
2022-04-12,SKU003,NYC,492.24
2022-04-12,SKU003,LA,386.88
2022-04-12,SKU003,CHI,276.18
2022-04-12,SKU004,NYC,272.15
2022-04-12,SKU004,LA,272.30
2022-04-12,SKU004,CHI,199.86
2022-04-12,SKU005,NYC,452.51
2022-04-12,SKU005,LA,239.30
2022-04-12,SKU005,CHI,311.08
2022-04-13,SKU001,NYC,339.16
2022-04-13,SKU001,LA,361.93
2022-04-13,SKU001,CHI,225.71
2022-04-13,SKU002,NYC,249.20
2022-04-13,SKU002,LA,220.76
2022-04-13,SKU002,CHI,151.16
2022-04-13,SKU003,NYC,508.04
2022-04-13,SKU003,LA,364.26
2022-04-13,SKU003,CHI,351.66
2022-04-13,SKU004,NYC,324.02
2022-04-13,SKU004,LA,262.57
2022-04-13,SKU004,CHI,185.64
2022-04-13,SKU005,NYC,409.48
2022-04-13,SKU005,LA,359.03
2022-04-13,SKU005,CHI,222.16
2022-04-14,SKU001,NYC,394.92
2022-04-14,SKU001,LA,380.99
2022-04-14,SKU001,CHI,243.31
2022-04-14,SKU002,NYC,328.33
2022-04-14,SKU002,LA,227.34
2022-04-14,SKU002,CHI,200.34
2022-04-14,SKU003,NYC,484.61
2022-04-14,SKU003,LA,478.30
2022-04-14,SKU003,CHI,381.85
2022-04-14,SKU004,NYC,391.62
2022-04-14,SKU004,LA,332.73
2022-04-14,SKU004,CHI,263.83
2022-04-14,SKU005,NYC,500.36
2022-04-14,SKU005,LA,358.35
2022-04-14,SKU005,CHI,370.00
2022-04-15,SKU001,NYC,361.94
2022-04-15,SKU001,LA,331.64
2022-04-15,SKU001,CHI,297.94
2022-04-15,SKU002,NYC,302.72
2022-04-15,SKU002,LA,280.04
2022-04-15,SKU002,CHI,193.16
2022-04-15,SKU003,NYC,453.04
2022-04-15,SKU003,LA,441.81
2022-04-15,SKU003,CHI,369.78
2022-04-15,SKU004,NYC,337.87
2022-04-15,SKU004,LA,333.00
2022-04-15,SKU004,CHI,227.65
2022-04-15,SKU005,NYC,418.06
2022-04-15,SKU005,LA,425.78
2022-04-15,SKU005,CHI,288.08
2022-04-16,SKU001,NYC,630.42
2022-04-16,SKU001,LA,461.15
2022-04-16,SKU001,CHI,308.81
2022-04-16,SKU002,NYC,415.73
2022-04-16,SKU002,LA,386.78
2022-04-16,SKU002,CHI,200.02
2022-04-16,SKU003,NYC,769.56
2022-04-16,SKU003,LA,616.65
2022-04-16,SKU003,CHI,478.81
2022-04-16,SKU004,NYC,468.80
2022-04-16,SKU004,LA,396.28
2022-04-16,SKU004,CHI,281.22
2022-04-16,SKU005,NYC,721.25
2022-04-16,SKU005,LA,455.64
2022-04-16,SKU005,CHI,503.91
2022-04-17,SKU001,NYC,618.56
2022-04-17,SKU001,LA,394.12
2022-04-17,SKU001,CHI,357.53
2022-04-17,SKU002,NYC,426.71
2022-04-17,SKU002,LA,296.09
2022-04-17,SKU002,CHI,245.06
2022-04-17,SKU003,NYC,674.65
2022-04-17,SKU003,LA,654.17
2022-04-17,SKU003,CHI,440.15
2022-04-17,SKU004,NYC,450.87
2022-04-17,SKU004,LA,396.41
2022-04-17,SKU004,CHI,294.63
2022-04-17,SKU005,NYC,575.01
2022-04-17,SKU005,LA,454.25
2022-04-17,SKU005,CHI,355.98
2022-04-18,SKU001,NYC,308.17
2022-04-18,SKU001,LA,241.07
2022-04-18,SKU001,CHI,216.00
2022-04-18,SKU002,NYC,250.59
2022-04-18,SKU002,LA,203.84
2022-04-18,SKU002,CHI,148.79
2022-04-18,SKU003,NYC,411.15
2022-04-18,SKU003,LA,343.56
2022-04-18,SKU003,CHI,262.81
2022-04-18,SKU004,NYC,257.52
2022-04-18,SKU004,LA,262.36
2022-04-18,SKU004,CHI,168.38
2022-04-18,SKU005,NYC,410.72
2022-04-18,SKU005,LA,320.56
2022-04-18,SKU005,CHI,339.70
2022-04-19,SKU001,NYC,285.43
2022-04-19,SKU001,LA,295.57
2022-04-19,SKU001,CHI,224.23
2022-04-19,SKU002,NYC,223.60
2022-04-19,SKU002,LA,208.26
2022-04-19,SKU002,CHI,164.03
2022-04-19,SKU003,NYC,407.17
2022-04-19,SKU003,LA,396.11
2022-04-19,SKU003,CHI,315.76
2022-04-19,SKU004,NYC,330.92
2022-04-19,SKU004,LA,228.96
2022-04-19,SKU004,CHI,223.75
2022-04-19,SKU005,NYC,400.36
2022-04-19,SKU005,LA,273.08
2022-04-19,SKU005,CHI,286.51
2022-04-20,SKU001,NYC,343.71
2022-04-20,SKU001,LA,263.30
2022-04-20,SKU001,CHI,252.59
2022-04-20,SKU002,NYC,229.90
2022-04-20,SKU002,LA,221.51
2022-04-20,SKU002,CHI,159.52
2022-04-20,SKU003,NYC,488.14
2022-04-20,SKU003,LA,404.10
2022-04-20,SKU003,CHI,317.04
2022-04-20,SKU004,NYC,261.31
2022-04-20,SKU004,LA,265.15
2022-04-20,SKU004,CHI,194.68
2022-04-20,SKU005,NYC,488.27
2022-04-20,SKU005,LA,355.24
2022-04-20,SKU005,CHI,291.58
2022-04-21,SKU001,NYC,374.99
2022-04-21,SKU001,LA,324.63
2022-04-21,SKU001,CHI,273.32
2022-04-21,SKU002,NYC,249.61
2022-04-21,SKU002,LA,208.01
2022-04-21,SKU002,CHI,186.42
2022-04-21,SKU003,NYC,527.94
2022-04-21,SKU003,LA,452.36
2022-04-21,SKU003,CHI,394.35
2022-04-21,SKU004,NYC,327.71
2022-04-21,SKU004,LA,303.85
2022-04-21,SKU004,CHI,224.30
2022-04-21,SKU005,NYC,467.51
2022-04-21,SKU005,LA,407.51
2022-04-21,SKU005,CHI,252.12
2022-04-22,SKU001,NYC,407.10
2022-04-22,SKU001,LA,315.50
2022-04-22,SKU001,CHI,244.54
2022-04-22,SKU002,NYC,228.42
2022-04-22,SKU002,LA,224.23
2022-04-22,SKU002,CHI,152.46
2022-04-22,SKU003,NYC,576.10
2022-04-22,SKU003,LA,431.08
2022-04-22,SKU003,CHI,293.89
2022-04-22,SKU004,NYC,317.08
2022-04-22,SKU004,LA,304.70
2022-04-22,SKU004,CHI,213.17
2022-04-22,SKU005,NYC,461.58
2022-04-22,SKU005,LA,381.17
2022-04-22,SKU005,CHI,312.56
2022-04-23,SKU001,NYC,434.64
2022-04-23,SKU001,LA,434.39
2022-04-23,SKU001,CHI,329.62
2022-04-23,SKU002,NYC,472.21
2022-04-23,SKU002,LA,297.31
2022-04-23,SKU002,CHI,231.95
2022-04-23,SKU003,NYC,754.12
2022-04-23,SKU003,LA,562.98
2022-04-23,SKU003,CHI,469.11
2022-04-23,SKU004,NYC,401.69
2022-04-23,SKU004,LA,423.85
2022-04-23,SKU004,CHI,275.02
2022-04-23,SKU005,NYC,638.16
2022-04-23,SKU005,LA,570.60
2022-04-23,SKU005,CHI,397.56
2022-04-24,SKU001,NYC,521.57
2022-04-24,SKU001,LA,460.14
2022-04-24,SKU001,CHI,371.46
2022-04-24,SKU002,NYC,323.50
2022-04-24,SKU002,LA,308.06
2022-04-24,SKU002,CHI,219.17
2022-04-24,SKU003,NYC,632.67
2022-04-24,SKU003,LA,532.75
2022-04-24,SKU003,CHI,511.17
2022-04-24,SKU004,NYC,508.38
2022-04-24,SKU004,LA,460.50
2022-04-24,SKU004,CHI,290.60
2022-04-24,SKU005,NYC,561.20
2022-04-24,SKU005,LA,461.13
2022-04-24,SKU005,CHI,474.17
2022-04-25,SKU001,NYC,287.44
2022-04-25,SKU001,LA,274.11
2022-04-25,SKU001,CHI,213.65
2022-04-25,SKU002,NYC,277.84
2022-04-25,SKU002,LA,177.08
2022-04-25,SKU002,CHI,175.00
2022-04-25,SKU003,NYC,503.75
2022-04-25,SKU003,LA,364.87
2022-04-25,SKU003,CHI,310.66
2022-04-25,SKU004,NYC,241.56
2022-04-25,SKU004,LA,235.81
2022-04-25,SKU004,CHI,186.23
2022-04-25,SKU005,NYC,296.19
2022-04-25,SKU005,LA,346.45
2022-04-25,SKU005,CHI,275.56
2022-04-26,SKU001,NYC,281.09
2022-04-26,SKU001,LA,242.16
2022-04-26,SKU001,CHI,208.69
2022-04-26,SKU002,NYC,223.07
2022-04-26,SKU002,LA,190.26
2022-04-26,SKU002,CHI,141.98
2022-04-26,SKU003,NYC,398.87
2022-04-26,SKU003,LA,380.98
2022-04-26,SKU003,CHI,281.67
2022-04-26,SKU004,NYC,281.32
2022-04-26,SKU004,LA,231.52
2022-04-26,SKU004,CHI,198.24
2022-04-26,SKU005,NYC,391.56
2022-04-26,SKU005,LA,359.96
2022-04-26,SKU005,CHI,267.86
2022-04-27,SKU001,NYC,367.06
2022-04-27,SKU001,LA,315.94
2022-04-27,SKU001,CHI,191.91
2022-04-27,SKU002,NYC,256.25
2022-04-27,SKU002,LA,230.37
2022-04-27,SKU002,CHI,141.20
2022-04-27,SKU003,NYC,440.50
2022-04-27,SKU003,LA,355.11
2022-04-27,SKU003,CHI,307.60
2022-04-27,SKU004,NYC,297.97
2022-04-27,SKU004,LA,220.23
2022-04-27,SKU004,CHI,213.61
2022-04-27,SKU005,NYC,362.30
2022-04-27,SKU005,LA,325.64
2022-04-27,SKU005,CHI,291.20
2022-04-28,SKU001,NYC,472.25
2022-04-28,SKU001,LA,312.35
2022-04-28,SKU001,CHI,283.99
2022-04-28,SKU002,NYC,281.01
2022-04-28,SKU002,LA,192.88
2022-04-28,SKU002,CHI,165.80
2022-04-28,SKU003,NYC,455.56
2022-04-28,SKU003,LA,409.91
2022-04-28,SKU003,CHI,330.92
2022-04-28,SKU004,NYC,332.85
2022-04-28,SKU004,LA,311.95
2022-04-28,SKU004,CHI,230.63
2022-04-28,SKU005,NYC,587.72
2022-04-28,SKU005,LA,377.65
2022-04-28,SKU005,CHI,334.10
2022-04-29,SKU001,NYC,409.91
2022-04-29,SKU001,LA,377.41
2022-04-29,SKU001,CHI,252.46
2022-04-29,SKU002,NYC,297.07
2022-04-29,SKU002,LA,265.45
2022-04-29,SKU002,CHI,169.45
2022-04-29,SKU003,NYC,512.20
2022-04-29,SKU003,LA,451.74
2022-04-29,SKU003,CHI,329.09
2022-04-29,SKU004,NYC,301.71
2022-04-29,SKU004,LA,326.04
2022-04-29,SKU004,CHI,215.37
2022-04-29,SKU005,NYC,543.10
2022-04-29,SKU005,LA,366.09
2022-04-29,SKU005,CHI,302.17
2022-04-30,SKU001,NYC,550.43
2022-04-30,SKU001,LA,416.07
2022-04-30,SKU001,CHI,309.31
2022-04-30,SKU002,NYC,329.22
2022-04-30,SKU002,LA,303.70
2022-04-30,SKU002,CHI,220.75
2022-04-30,SKU003,NYC,674.34
2022-04-30,SKU003,LA,431.31
2022-04-30,SKU003,CHI,420.77
2022-04-30,SKU004,NYC,420.49
2022-04-30,SKU004,LA,338.55
2022-04-30,SKU004,CHI,257.11
2022-04-30,SKU005,NYC,546.61
2022-04-30,SKU005,LA,503.18
2022-04-30,SKU005,CHI,459.16
2022-05-01,SKU001,NYC,436.90
2022-05-01,SKU001,LA,411.58
2022-05-01,SKU001,CHI,371.70
2022-05-01,SKU002,NYC,365.27
2022-05-01,SKU002,LA,291.78
2022-05-01,SKU002,CHI,225.01
2022-05-01,SKU003,NYC,666.95
2022-05-01,SKU003,LA,549.45
2022-05-01,SKU003,CHI,346.96
2022-05-01,SKU004,NYC,396.08
2022-05-01,SKU004,LA,286.20
2022-05-01,SKU004,CHI,321.13
2022-05-01,SKU005,NYC,646.66
2022-05-01,SKU005,LA,458.68
2022-05-01,SKU005,CHI,430.40
2022-05-02,SKU001,NYC,411.94
2022-05-02,SKU001,LA,258.58
2022-05-02,SKU001,CHI,249.27
2022-05-02,SKU002,NYC,238.61
2022-05-02,SKU002,LA,187.34
2022-05-02,SKU002,CHI,136.53
2022-05-02,SKU003,NYC,409.85
2022-05-02,SKU003,LA,347.36
2022-05-02,SKU003,CHI,222.32
2022-05-02,SKU004,NYC,292.65
2022-05-02,SKU004,LA,224.14
2022-05-02,SKU004,CHI,193.78
2022-05-02,SKU005,NYC,373.03
2022-05-02,SKU005,LA,421.74
2022-05-02,SKU005,CHI,216.55
2022-05-03,SKU001,NYC,298.97
2022-05-03,SKU001,LA,294.16
2022-05-03,SKU001,CHI,271.67
2022-05-03,SKU002,NYC,206.66
2022-05-03,SKU002,LA,226.17
2022-05-03,SKU002,CHI,138.93
2022-05-03,SKU003,NYC,488.40
2022-05-03,SKU003,LA,363.10
2022-05-03,SKU003,CHI,352.60
2022-05-03,SKU004,NYC,326.24
2022-05-03,SKU004,LA,215.80
2022-05-03,SKU004,CHI,238.79
2022-05-03,SKU005,NYC,344.42
2022-05-03,SKU005,LA,313.23
2022-05-03,SKU005,CHI,305.46
2022-05-04,SKU001,NYC,304.45
2022-05-04,SKU001,LA,256.26
2022-05-04,SKU001,CHI,221.92
2022-05-04,SKU002,NYC,238.97
2022-05-04,SKU002,LA,197.89
2022-05-04,SKU002,CHI,141.05
2022-05-04,SKU003,NYC,439.47
2022-05-04,SKU003,LA,382.05
2022-05-04,SKU003,CHI,330.54
2022-05-04,SKU004,NYC,284.96
2022-05-04,SKU004,LA,201.11
2022-05-04,SKU004,CHI,184.46
2022-05-04,SKU005,NYC,362.76
2022-05-04,SKU005,LA,364.81
2022-05-04,SKU005,CHI,214.64
2022-05-05,SKU001,NYC,406.81
2022-05-05,SKU001,LA,286.84
2022-05-05,SKU001,CHI,289.50
2022-05-05,SKU002,NYC,288.70
2022-05-05,SKU002,LA,228.26
2022-05-05,SKU002,CHI,187.71
2022-05-05,SKU003,NYC,488.31
2022-05-05,SKU003,LA,449.57
2022-05-05,SKU003,CHI,335.22
2022-05-05,SKU004,NYC,347.09
2022-05-05,SKU004,LA,271.11
2022-05-05,SKU004,CHI,162.13
2022-05-05,SKU005,NYC,430.24
2022-05-05,SKU005,LA,435.30
2022-05-05,SKU005,CHI,346.28
2022-05-06,SKU001,NYC,387.96
2022-05-06,SKU001,LA,315.92
2022-05-06,SKU001,CHI,247.38
2022-05-06,SKU002,NYC,283.95
2022-05-06,SKU002,LA,235.48
2022-05-06,SKU002,CHI,160.64
2022-05-06,SKU003,NYC,536.99
2022-05-06,SKU003,LA,471.47
2022-05-06,SKU003,CHI,303.72
2022-05-06,SKU004,NYC,316.30
2022-05-06,SKU004,LA,281.05
2022-05-06,SKU004,CHI,230.41
2022-05-06,SKU005,NYC,433.08
2022-05-06,SKU005,LA,356.82
2022-05-06,SKU005,CHI,287.41
2022-05-07,SKU001,NYC,516.64
2022-05-07,SKU001,LA,432.35
2022-05-07,SKU001,CHI,331.01
2022-05-07,SKU002,NYC,298.86
2022-05-07,SKU002,LA,256.96
2022-05-07,SKU002,CHI,245.41
2022-05-07,SKU003,NYC,572.95
2022-05-07,SKU003,LA,556.18
2022-05-07,SKU003,CHI,419.40
2022-05-07,SKU004,NYC,392.43
2022-05-07,SKU004,LA,348.91
2022-05-07,SKU004,CHI,325.06
2022-05-07,SKU005,NYC,602.80
2022-05-07,SKU005,LA,473.79
2022-05-07,SKU005,CHI,333.04
2022-05-08,SKU001,NYC,521.25
2022-05-08,SKU001,LA,460.18
2022-05-08,SKU001,CHI,350.65
2022-05-08,SKU002,NYC,385.15
2022-05-08,SKU002,LA,301.14
2022-05-08,SKU002,CHI,199.98
2022-05-08,SKU003,NYC,647.64
2022-05-08,SKU003,LA,570.59
2022-05-08,SKU003,CHI,464.98
2022-05-08,SKU004,NYC,395.66
2022-05-08,SKU004,LA,344.62
2022-05-08,SKU004,CHI,287.60
2022-05-08,SKU005,NYC,658.33
2022-05-08,SKU005,LA,535.66
2022-05-08,SKU005,CHI,414.55
2022-05-09,SKU001,NYC,335.98
2022-05-09,SKU001,LA,241.70
2022-05-09,SKU001,CHI,191.73
2022-05-09,SKU002,NYC,222.73
2022-05-09,SKU002,LA,206.85
2022-05-09,SKU002,CHI,155.79
2022-05-09,SKU003,NYC,447.83
2022-05-09,SKU003,LA,300.31
2022-05-09,SKU003,CHI,241.37
2022-05-09,SKU004,NYC,301.59
2022-05-09,SKU004,LA,225.23
2022-05-09,SKU004,CHI,157.06
2022-05-09,SKU005,NYC,414.34
2022-05-09,SKU005,LA,325.48
2022-05-09,SKU005,CHI,328.75
2022-05-10,SKU001,NYC,362.44
2022-05-10,SKU001,LA,277.78
2022-05-10,SKU001,CHI,211.53
2022-05-10,SKU002,NYC,229.29
2022-05-10,SKU002,LA,184.82
2022-05-10,SKU002,CHI,127.90
2022-05-10,SKU003,NYC,461.95
2022-05-10,SKU003,LA,361.97
2022-05-10,SKU003,CHI,204.19
2022-05-10,SKU004,NYC,253.16
2022-05-10,SKU004,LA,206.62
2022-05-10,SKU004,CHI,197.91
2022-05-10,SKU005,NYC,377.96
2022-05-10,SKU005,LA,363.41
2022-05-10,SKU005,CHI,212.81
2022-05-11,SKU001,NYC,286.63
2022-05-11,SKU001,LA,296.21
2022-05-11,SKU001,CHI,200.09
2022-05-11,SKU002,NYC,199.74
2022-05-11,SKU002,LA,176.35
2022-05-11,SKU002,CHI,137.61
2022-05-11,SKU003,NYC,444.21
2022-05-11,SKU003,LA,390.50
2022-05-11,SKU003,CHI,236.39
2022-05-11,SKU004,NYC,261.65
2022-05-11,SKU004,LA,224.89
2022-05-11,SKU004,CHI,181.14
2022-05-11,SKU005,NYC,410.08
2022-05-11,SKU005,LA,319.23
2022-05-11,SKU005,CHI,237.73
2022-05-12,SKU001,NYC,334.84
2022-05-12,SKU001,LA,256.65
2022-05-12,SKU001,CHI,241.83
2022-05-12,SKU002,NYC,262.39
2022-05-12,SKU002,LA,238.46
2022-05-12,SKU002,CHI,168.07
2022-05-12,SKU003,NYC,609.29
2022-05-12,SKU003,LA,408.85
2022-05-12,SKU003,CHI,313.67
2022-05-12,SKU004,NYC,328.09
2022-05-12,SKU004,LA,237.82
2022-05-12,SKU004,CHI,215.11
2022-05-12,SKU005,NYC,352.42
2022-05-12,SKU005,LA,395.09
2022-05-12,SKU005,CHI,298.03
2022-05-13,SKU001,NYC,383.53
2022-05-13,SKU001,LA,317.86
2022-05-13,SKU001,CHI,218.52
2022-05-13,SKU002,NYC,237.75
2022-05-13,SKU002,LA,251.79
2022-05-13,SKU002,CHI,182.77
2022-05-13,SKU003,NYC,463.55
2022-05-13,SKU003,LA,428.13
2022-05-13,SKU003,CHI,342.06
2022-05-13,SKU004,NYC,376.70
2022-05-13,SKU004,LA,291.75
2022-05-13,SKU004,CHI,218.71
2022-05-13,SKU005,NYC,422.98
2022-05-13,SKU005,LA,434.89
2022-05-13,SKU005,CHI,292.25
2022-05-14,SKU001,NYC,444.53
2022-05-14,SKU001,LA,356.25
2022-05-14,SKU001,CHI,296.61
2022-05-14,SKU002,NYC,326.28
2022-05-14,SKU002,LA,303.77
2022-05-14,SKU002,CHI,246.35
2022-05-14,SKU003,NYC,712.67
2022-05-14,SKU003,LA,540.74
2022-05-14,SKU003,CHI,461.50
2022-05-14,SKU004,NYC,500.71
2022-05-14,SKU004,LA,371.34
2022-05-14,SKU004,CHI,315.93
2022-05-14,SKU005,NYC,487.46
2022-05-14,SKU005,LA,443.00
2022-05-14,SKU005,CHI,354.04
2022-05-15,SKU001,NYC,355.57
2022-05-15,SKU001,LA,407.61
2022-05-15,SKU001,CHI,368.78
2022-05-15,SKU002,NYC,319.58
2022-05-15,SKU002,LA,286.88
2022-05-15,SKU002,CHI,205.88
2022-05-15,SKU003,NYC,606.03
2022-05-15,SKU003,LA,546.30
2022-05-15,SKU003,CHI,374.11
2022-05-15,SKU004,NYC,455.07
2022-05-15,SKU004,LA,274.26
2022-05-15,SKU004,CHI,280.25
2022-05-15,SKU005,NYC,544.56
2022-05-15,SKU005,LA,548.32
2022-05-15,SKU005,CHI,410.89
2022-05-16,SKU001,NYC,250.63
2022-05-16,SKU001,LA,199.94
2022-05-16,SKU001,CHI,189.94
2022-05-16,SKU002,NYC,209.11
2022-05-16,SKU002,LA,180.00
2022-05-16,SKU002,CHI,147.22
2022-05-16,SKU003,NYC,443.65
2022-05-16,SKU003,LA,299.06
2022-05-16,SKU003,CHI,227.21
2022-05-16,SKU004,NYC,272.24
2022-05-16,SKU004,LA,213.29
2022-05-16,SKU004,CHI,175.19
2022-05-16,SKU005,NYC,349.54
2022-05-16,SKU005,LA,305.87
2022-05-16,SKU005,CHI,286.03
2022-05-17,SKU001,NYC,264.53
2022-05-17,SKU001,LA,230.91
2022-05-17,SKU001,CHI,224.03
2022-05-17,SKU002,NYC,253.99
2022-05-17,SKU002,LA,179.21
2022-05-17,SKU002,CHI,127.90
2022-05-17,SKU003,NYC,331.62
2022-05-17,SKU003,LA,354.49
2022-05-17,SKU003,CHI,241.86
2022-05-17,SKU004,NYC,322.42
2022-05-17,SKU004,LA,272.35
2022-05-17,SKU004,CHI,180.53
2022-05-17,SKU005,NYC,390.69
2022-05-17,SKU005,LA,306.84
2022-05-17,SKU005,CHI,276.77
2022-05-18,SKU001,NYC,314.88
2022-05-18,SKU001,LA,264.15
2022-05-18,SKU001,CHI,238.55
2022-05-18,SKU002,NYC,232.71
2022-05-18,SKU002,LA,221.39
2022-05-18,SKU002,CHI,122.10
2022-05-18,SKU003,NYC,390.58
2022-05-18,SKU003,LA,313.48
2022-05-18,SKU003,CHI,298.91
2022-05-18,SKU004,NYC,251.07
2022-05-18,SKU004,LA,233.34
2022-05-18,SKU004,CHI,155.49
2022-05-18,SKU005,NYC,368.22
2022-05-18,SKU005,LA,380.92
2022-05-18,SKU005,CHI,288.42
2022-05-19,SKU001,NYC,300.21
2022-05-19,SKU001,LA,319.27
2022-05-19,SKU001,CHI,266.80
2022-05-19,SKU002,NYC,244.32
2022-05-19,SKU002,LA,190.56
2022-05-19,SKU002,CHI,182.67
2022-05-19,SKU003,NYC,490.26
2022-05-19,SKU003,LA,426.82
2022-05-19,SKU003,CHI,318.46
2022-05-19,SKU004,NYC,382.16
2022-05-19,SKU004,LA,234.66
2022-05-19,SKU004,CHI,196.36
2022-05-19,SKU005,NYC,458.79
2022-05-19,SKU005,LA,390.21
2022-05-19,SKU005,CHI,250.78
2022-05-20,SKU001,NYC,416.60
2022-05-20,SKU001,LA,262.49
2022-05-20,SKU001,CHI,246.00
2022-05-20,SKU002,NYC,248.50
2022-05-20,SKU002,LA,198.52
2022-05-20,SKU002,CHI,190.28
2022-05-20,SKU003,NYC,370.59
2022-05-20,SKU003,LA,374.04
2022-05-20,SKU003,CHI,293.68
2022-05-20,SKU004,NYC,336.19
2022-05-20,SKU004,LA,297.56
2022-05-20,SKU004,CHI,222.08
2022-05-20,SKU005,NYC,496.10
2022-05-20,SKU005,LA,282.09
2022-05-20,SKU005,CHI,294.99
2022-05-21,SKU001,NYC,412.14
2022-05-21,SKU001,LA,383.62
2022-05-21,SKU001,CHI,326.66
2022-05-21,SKU002,NYC,335.64
2022-05-21,SKU002,LA,315.20
2022-05-21,SKU002,CHI,177.80
2022-05-21,SKU003,NYC,575.61
2022-05-21,SKU003,LA,445.92
2022-05-21,SKU003,CHI,350.11
2022-05-21,SKU004,NYC,441.24
2022-05-21,SKU004,LA,340.19
2022-05-21,SKU004,CHI,308.88
2022-05-21,SKU005,NYC,631.70
2022-05-21,SKU005,LA,473.85
2022-05-21,SKU005,CHI,340.00
2022-05-22,SKU001,NYC,524.55
2022-05-22,SKU001,LA,370.18
2022-05-22,SKU001,CHI,279.99
2022-05-22,SKU002,NYC,293.57
2022-05-22,SKU002,LA,279.82
2022-05-22,SKU002,CHI,249.15
2022-05-22,SKU003,NYC,630.04
2022-05-22,SKU003,LA,586.24
2022-05-22,SKU003,CHI,421.65
2022-05-22,SKU004,NYC,382.92
2022-05-22,SKU004,LA,424.02
2022-05-22,SKU004,CHI,315.21
2022-05-22,SKU005,NYC,574.71
2022-05-22,SKU005,LA,430.59
2022-05-22,SKU005,CHI,315.28
2022-05-23,SKU001,NYC,323.85
2022-05-23,SKU001,LA,252.84
2022-05-23,SKU001,CHI,217.27
2022-05-23,SKU002,NYC,223.42
2022-05-23,SKU002,LA,188.23
2022-05-23,SKU002,CHI,160.77
2022-05-23,SKU003,NYC,421.80
2022-05-23,SKU003,LA,316.13
2022-05-23,SKU003,CHI,251.62
2022-05-23,SKU004,NYC,276.15
2022-05-23,SKU004,LA,194.14
2022-05-23,SKU004,CHI,186.46
2022-05-23,SKU005,NYC,394.06
2022-05-23,SKU005,LA,305.15
2022-05-23,SKU005,CHI,226.04
2022-05-24,SKU001,NYC,255.52
2022-05-24,SKU001,LA,229.83
2022-05-24,SKU001,CHI,173.46
2022-05-24,SKU002,NYC,216.55
2022-05-24,SKU002,LA,172.02
2022-05-24,SKU002,CHI,130.73
2022-05-24,SKU003,NYC,443.75
2022-05-24,SKU003,LA,344.51
2022-05-24,SKU003,CHI,273.38
2022-05-24,SKU004,NYC,274.91
2022-05-24,SKU004,LA,239.47
2022-05-24,SKU004,CHI,145.76
2022-05-24,SKU005,NYC,393.05
2022-05-24,SKU005,LA,250.58
2022-05-24,SKU005,CHI,225.30
2022-05-25,SKU001,NYC,341.49
2022-05-25,SKU001,LA,276.28
2022-05-25,SKU001,CHI,220.48
2022-05-25,SKU002,NYC,219.46
2022-05-25,SKU002,LA,204.99
2022-05-25,SKU002,CHI,121.55
2022-05-25,SKU003,NYC,394.93
2022-05-25,SKU003,LA,341.08
2022-05-25,SKU003,CHI,326.85
2022-05-25,SKU004,NYC,286.51
2022-05-25,SKU004,LA,239.02
2022-05-25,SKU004,CHI,160.04
2022-05-25,SKU005,NYC,448.90
2022-05-25,SKU005,LA,319.79
2022-05-25,SKU005,CHI,219.73
2022-05-26,SKU001,NYC,449.55
2022-05-26,SKU001,LA,260.15
2022-05-26,SKU001,CHI,221.67
2022-05-26,SKU002,NYC,247.16
2022-05-26,SKU002,LA,190.23
2022-05-26,SKU002,CHI,177.62
2022-05-26,SKU003,NYC,491.62
2022-05-26,SKU003,LA,403.18
2022-05-26,SKU003,CHI,379.32
2022-05-26,SKU004,NYC,255.24
2022-05-26,SKU004,LA,288.98
2022-05-26,SKU004,CHI,186.62
2022-05-26,SKU005,NYC,493.33
2022-05-26,SKU005,LA,427.00
2022-05-26,SKU005,CHI,352.97
2022-05-27,SKU001,NYC,356.57
2022-05-27,SKU001,LA,267.67
2022-05-27,SKU001,CHI,250.28
2022-05-27,SKU002,NYC,251.27
2022-05-27,SKU002,LA,173.41
2022-05-27,SKU002,CHI,180.80
2022-05-27,SKU003,NYC,433.50
2022-05-27,SKU003,LA,455.35
2022-05-27,SKU003,CHI,349.10
2022-05-27,SKU004,NYC,295.94
2022-05-27,SKU004,LA,254.68
2022-05-27,SKU004,CHI,198.08
2022-05-27,SKU005,NYC,410.05
2022-05-27,SKU005,LA,469.04
2022-05-27,SKU005,CHI,259.65
2022-05-28,SKU001,NYC,474.35
2022-05-28,SKU001,LA,432.09
2022-05-28,SKU001,CHI,302.41
2022-05-28,SKU002,NYC,307.23
2022-05-28,SKU002,LA,236.88
2022-05-28,SKU002,CHI,244.61
2022-05-28,SKU003,NYC,663.95
2022-05-28,SKU003,LA,540.79
2022-05-28,SKU003,CHI,350.87
2022-05-28,SKU004,NYC,415.05
2022-05-28,SKU004,LA,338.69
2022-05-28,SKU004,CHI,254.53
2022-05-28,SKU005,NYC,480.98
2022-05-28,SKU005,LA,462.18
2022-05-28,SKU005,CHI,339.47
2022-05-29,SKU001,NYC,474.75
2022-05-29,SKU001,LA,394.97
2022-05-29,SKU001,CHI,303.37
2022-05-29,SKU002,NYC,356.16
2022-05-29,SKU002,LA,270.94
2022-05-29,SKU002,CHI,229.74
2022-05-29,SKU003,NYC,644.76
2022-05-29,SKU003,LA,567.72
2022-05-29,SKU003,CHI,372.81
2022-05-29,SKU004,NYC,380.86
2022-05-29,SKU004,LA,359.04
2022-05-29,SKU004,CHI,267.02
2022-05-29,SKU005,NYC,619.69
2022-05-29,SKU005,LA,498.75
2022-05-29,SKU005,CHI,354.81
2022-05-30,SKU001,NYC,334.56
2022-05-30,SKU001,LA,249.64
2022-05-30,SKU001,CHI,224.60
2022-05-30,SKU002,NYC,253.27
2022-05-30,SKU002,LA,197.49
2022-05-30,SKU002,CHI,175.05
2022-05-30,SKU003,NYC,341.37
2022-05-30,SKU003,LA,318.26
2022-05-30,SKU003,CHI,262.20
2022-05-30,SKU004,NYC,247.21
2022-05-30,SKU004,LA,222.59
2022-05-30,SKU004,CHI,165.36
2022-05-30,SKU005,NYC,403.93
2022-05-30,SKU005,LA,332.93
2022-05-30,SKU005,CHI,252.49
2022-05-31,SKU001,NYC,275.97
2022-05-31,SKU001,LA,269.88
2022-05-31,SKU001,CHI,218.50
2022-05-31,SKU002,NYC,220.90
2022-05-31,SKU002,LA,178.33
2022-05-31,SKU002,CHI,162.15
2022-05-31,SKU003,NYC,381.39
2022-05-31,SKU003,LA,323.94
2022-05-31,SKU003,CHI,286.96
2022-05-31,SKU004,NYC,270.77
2022-05-31,SKU004,LA,232.54
2022-05-31,SKU004,CHI,166.55
2022-05-31,SKU005,NYC,315.50
2022-05-31,SKU005,LA,265.25
2022-05-31,SKU005,CHI,231.69
2022-06-01,SKU001,NYC,330.94
2022-06-01,SKU001,LA,275.78
2022-06-01,SKU001,CHI,167.31
2022-06-01,SKU002,NYC,224.43
2022-06-01,SKU002,LA,176.00
2022-06-01,SKU002,CHI,127.24
2022-06-01,SKU003,NYC,491.31
2022-06-01,SKU003,LA,344.71
2022-06-01,SKU003,CHI,290.91
2022-06-01,SKU004,NYC,322.68
2022-06-01,SKU004,LA,201.53
2022-06-01,SKU004,CHI,164.38
2022-06-01,SKU005,NYC,416.87
2022-06-01,SKU005,LA,262.83
2022-06-01,SKU005,CHI,243.69
2022-06-02,SKU001,NYC,361.98
2022-06-02,SKU001,LA,329.40
2022-06-02,SKU001,CHI,249.95
2022-06-02,SKU002,NYC,227.48
2022-06-02,SKU002,LA,228.90
2022-06-02,SKU002,CHI,181.00
2022-06-02,SKU003,NYC,423.82
2022-06-02,SKU003,LA,367.52
2022-06-02,SKU003,CHI,299.13
2022-06-02,SKU004,NYC,267.00
2022-06-02,SKU004,LA,278.16
2022-06-02,SKU004,CHI,194.60
2022-06-02,SKU005,NYC,414.59
2022-06-02,SKU005,LA,318.48
2022-06-02,SKU005,CHI,273.07
2022-06-03,SKU001,NYC,413.36
2022-06-03,SKU001,LA,322.37
2022-06-03,SKU001,CHI,201.13
2022-06-03,SKU002,NYC,225.30
2022-06-03,SKU002,LA,221.61
2022-06-03,SKU002,CHI,158.39
2022-06-03,SKU003,NYC,446.92
2022-06-03,SKU003,LA,360.32
2022-06-03,SKU003,CHI,273.42
2022-06-03,SKU004,NYC,304.17
2022-06-03,SKU004,LA,241.54
2022-06-03,SKU004,CHI,223.77
2022-06-03,SKU005,NYC,423.19
2022-06-03,SKU005,LA,320.76
2022-06-03,SKU005,CHI,303.73
2022-06-04,SKU001,NYC,530.33
2022-06-04,SKU001,LA,360.85
2022-06-04,SKU001,CHI,258.55
2022-06-04,SKU002,NYC,309.16
2022-06-04,SKU002,LA,234.06
2022-06-04,SKU002,CHI,252.01
2022-06-04,SKU003,NYC,529.17
2022-06-04,SKU003,LA,495.25
2022-06-04,SKU003,CHI,469.98
2022-06-04,SKU004,NYC,425.34
2022-06-04,SKU004,LA,309.29
2022-06-04,SKU004,CHI,240.41
2022-06-04,SKU005,NYC,543.34
2022-06-04,SKU005,LA,450.08
2022-06-04,SKU005,CHI,424.13
2022-06-05,SKU001,NYC,459.75
2022-06-05,SKU001,LA,336.61
2022-06-05,SKU001,CHI,342.00
2022-06-05,SKU002,NYC,358.02
2022-06-05,SKU002,LA,264.20
2022-06-05,SKU002,CHI,232.96
2022-06-05,SKU003,NYC,617.06
2022-06-05,SKU003,LA,449.86
2022-06-05,SKU003,CHI,405.96
2022-06-05,SKU004,NYC,346.11
2022-06-05,SKU004,LA,305.05
2022-06-05,SKU004,CHI,236.10
2022-06-05,SKU005,NYC,571.38
2022-06-05,SKU005,LA,469.41
2022-06-05,SKU005,CHI,320.00
2022-06-06,SKU001,NYC,277.01
2022-06-06,SKU001,LA,254.16
2022-06-06,SKU001,CHI,212.83
2022-06-06,SKU002,NYC,213.45
2022-06-06,SKU002,LA,137.63
2022-06-06,SKU002,CHI,159.46
2022-06-06,SKU003,NYC,472.19
2022-06-06,SKU003,LA,387.19
2022-06-06,SKU003,CHI,281.95
2022-06-06,SKU004,NYC,272.48
2022-06-06,SKU004,LA,198.85
2022-06-06,SKU004,CHI,173.42
2022-06-06,SKU005,NYC,320.48
2022-06-06,SKU005,LA,304.77
2022-06-06,SKU005,CHI,206.45
2022-06-07,SKU001,NYC,322.70
2022-06-07,SKU001,LA,245.04
2022-06-07,SKU001,CHI,218.83
2022-06-07,SKU002,NYC,215.62
2022-06-07,SKU002,LA,168.35
2022-06-07,SKU002,CHI,153.07
2022-06-07,SKU003,NYC,353.81
2022-06-07,SKU003,LA,325.19
2022-06-07,SKU003,CHI,252.86
2022-06-07,SKU004,NYC,274.09
2022-06-07,SKU004,LA,210.98
2022-06-07,SKU004,CHI,174.66
2022-06-07,SKU005,NYC,380.11
2022-06-07,SKU005,LA,230.34
2022-06-07,SKU005,CHI,218.46
2022-06-08,SKU001,NYC,308.20
2022-06-08,SKU001,LA,279.59
2022-06-08,SKU001,CHI,214.74
2022-06-08,SKU002,NYC,239.35
2022-06-08,SKU002,LA,172.43
2022-06-08,SKU002,CHI,142.49
2022-06-08,SKU003,NYC,380.60
2022-06-08,SKU003,LA,319.31
2022-06-08,SKU003,CHI,244.90
2022-06-08,SKU004,NYC,241.07
2022-06-08,SKU004,LA,208.39
2022-06-08,SKU004,CHI,158.88
2022-06-08,SKU005,NYC,361.94
2022-06-08,SKU005,LA,246.11
2022-06-08,SKU005,CHI,250.95
2022-06-09,SKU001,NYC,364.60
2022-06-09,SKU001,LA,311.86
2022-06-09,SKU001,CHI,227.76
2022-06-09,SKU002,NYC,236.17
2022-06-09,SKU002,LA,227.71
2022-06-09,SKU002,CHI,163.31
2022-06-09,SKU003,NYC,564.69
2022-06-09,SKU003,LA,337.39
2022-06-09,SKU003,CHI,306.30
2022-06-09,SKU004,NYC,265.93
2022-06-09,SKU004,LA,230.12
2022-06-09,SKU004,CHI,184.03
2022-06-09,SKU005,NYC,404.13
2022-06-09,SKU005,LA,381.48
2022-06-09,SKU005,CHI,250.65
2022-06-10,SKU001,NYC,379.94
2022-06-10,SKU001,LA,255.41
2022-06-10,SKU001,CHI,229.05
2022-06-10,SKU002,NYC,281.52
2022-06-10,SKU002,LA,216.82
2022-06-10,SKU002,CHI,170.31
2022-06-10,SKU003,NYC,500.62
2022-06-10,SKU003,LA,415.06
2022-06-10,SKU003,CHI,333.68
2022-06-10,SKU004,NYC,341.62
2022-06-10,SKU004,LA,223.72
2022-06-10,SKU004,CHI,198.30
2022-06-10,SKU005,NYC,451.49
2022-06-10,SKU005,LA,380.22
2022-06-10,SKU005,CHI,298.75
2022-06-11,SKU001,NYC,526.18
2022-06-11,SKU001,LA,368.38
2022-06-11,SKU001,CHI,268.38
2022-06-11,SKU002,NYC,364.31
2022-06-11,SKU002,LA,269.30
2022-06-11,SKU002,CHI,203.64
2022-06-11,SKU003,NYC,614.27
2022-06-11,SKU003,LA,488.02
2022-06-11,SKU003,CHI,449.11
2022-06-11,SKU004,NYC,423.93
2022-06-11,SKU004,LA,334.51
2022-06-11,SKU004,CHI,273.56
2022-06-11,SKU005,NYC,553.51
2022-06-11,SKU005,LA,506.95
2022-06-11,SKU005,CHI,280.88
2022-06-12,SKU001,NYC,410.92
2022-06-12,SKU001,LA,386.18
2022-06-12,SKU001,CHI,297.36
2022-06-12,SKU002,NYC,292.39
2022-06-12,SKU002,LA,285.94
2022-06-12,SKU002,CHI,194.33
2022-06-12,SKU003,NYC,625.30
2022-06-12,SKU003,LA,516.33
2022-06-12,SKU003,CHI,410.35
2022-06-12,SKU004,NYC,356.89
2022-06-12,SKU004,LA,318.03
2022-06-12,SKU004,CHI,291.27
2022-06-12,SKU005,NYC,581.68
2022-06-12,SKU005,LA,504.01
2022-06-12,SKU005,CHI,364.85
2022-06-13,SKU001,NYC,252.41
2022-06-13,SKU001,LA,241.66
2022-06-13,SKU001,CHI,199.74
2022-06-13,SKU002,NYC,238.72
2022-06-13,SKU002,LA,196.02
2022-06-13,SKU002,CHI,146.80
2022-06-13,SKU003,NYC,365.86
2022-06-13,SKU003,LA,337.73
2022-06-13,SKU003,CHI,259.77
2022-06-13,SKU004,NYC,248.20
2022-06-13,SKU004,LA,185.85
2022-06-13,SKU004,CHI,177.47
2022-06-13,SKU005,NYC,359.68
2022-06-13,SKU005,LA,324.81
2022-06-13,SKU005,CHI,205.35
2022-06-14,SKU001,NYC,269.90
2022-06-14,SKU001,LA,345.92
2022-06-14,SKU001,CHI,184.94
2022-06-14,SKU002,NYC,217.29
2022-06-14,SKU002,LA,183.72
2022-06-14,SKU002,CHI,126.98
2022-06-14,SKU003,NYC,469.30
2022-06-14,SKU003,LA,331.28
2022-06-14,SKU003,CHI,270.76
2022-06-14,SKU004,NYC,300.62
2022-06-14,SKU004,LA,195.21
2022-06-14,SKU004,CHI,161.31
2022-06-14,SKU005,NYC,348.35
2022-06-14,SKU005,LA,259.41
2022-06-14,SKU005,CHI,247.18
2022-06-15,SKU001,NYC,318.61
2022-06-15,SKU001,LA,258.16
2022-06-15,SKU001,CHI,216.11
2022-06-15,SKU002,NYC,229.51
2022-06-15,SKU002,LA,181.98
2022-06-15,SKU002,CHI,137.42
2022-06-15,SKU003,NYC,449.08
2022-06-15,SKU003,LA,310.29
2022-06-15,SKU003,CHI,304.08
2022-06-15,SKU004,NYC,249.46
2022-06-15,SKU004,LA,228.19
2022-06-15,SKU004,CHI,200.56
2022-06-15,SKU005,NYC,279.18
2022-06-15,SKU005,LA,294.99
2022-06-15,SKU005,CHI,230.90
2022-06-16,SKU001,NYC,419.10
2022-06-16,SKU001,LA,286.18
2022-06-16,SKU001,CHI,303.78
2022-06-16,SKU002,NYC,210.56
2022-06-16,SKU002,LA,214.35
2022-06-16,SKU002,CHI,159.29
2022-06-16,SKU003,NYC,494.78
2022-06-16,SKU003,LA,370.31
2022-06-16,SKU003,CHI,299.83
2022-06-16,SKU004,NYC,244.74
2022-06-16,SKU004,LA,252.11
2022-06-16,SKU004,CHI,169.64
2022-06-16,SKU005,NYC,369.15
2022-06-16,SKU005,LA,357.06
2022-06-16,SKU005,CHI,279.75
2022-06-17,SKU001,NYC,394.87
2022-06-17,SKU001,LA,258.03
2022-06-17,SKU001,CHI,248.78
2022-06-17,SKU002,NYC,256.62
2022-06-17,SKU002,LA,200.91
2022-06-17,SKU002,CHI,152.42
2022-06-17,SKU003,NYC,467.45
2022-06-17,SKU003,LA,427.35
2022-06-17,SKU003,CHI,302.38
2022-06-17,SKU004,NYC,324.72
2022-06-17,SKU004,LA,242.63
2022-06-17,SKU004,CHI,233.99
2022-06-17,SKU005,NYC,426.14
2022-06-17,SKU005,LA,347.95
2022-06-17,SKU005,CHI,237.69
2022-06-18,SKU001,NYC,399.24
2022-06-18,SKU001,LA,402.89
2022-06-18,SKU001,CHI,303.41
2022-06-18,SKU002,NYC,332.40
2022-06-18,SKU002,LA,250.97
2022-06-18,SKU002,CHI,212.29
2022-06-18,SKU003,NYC,574.60
2022-06-18,SKU003,LA,525.76
2022-06-18,SKU003,CHI,399.64
2022-06-18,SKU004,NYC,461.87
2022-06-18,SKU004,LA,302.08
2022-06-18,SKU004,CHI,288.56
2022-06-18,SKU005,NYC,494.53
2022-06-18,SKU005,LA,439.25
2022-06-18,SKU005,CHI,337.54
2022-06-19,SKU001,NYC,524.64
2022-06-19,SKU001,LA,405.26
2022-06-19,SKU001,CHI,314.89
2022-06-19,SKU002,NYC,331.04
2022-06-19,SKU002,LA,240.32
2022-06-19,SKU002,CHI,245.89
2022-06-19,SKU003,NYC,698.39
2022-06-19,SKU003,LA,509.24
2022-06-19,SKU003,CHI,409.33
2022-06-19,SKU004,NYC,414.73
2022-06-19,SKU004,LA,318.85
2022-06-19,SKU004,CHI,254.43
2022-06-19,SKU005,NYC,525.96
2022-06-19,SKU005,LA,445.07
2022-06-19,SKU005,CHI,351.26
2022-06-20,SKU001,NYC,376.16
2022-06-20,SKU001,LA,282.56
2022-06-20,SKU001,CHI,223.71
2022-06-20,SKU002,NYC,228.10
2022-06-20,SKU002,LA,172.39
2022-06-20,SKU002,CHI,187.55
2022-06-20,SKU003,NYC,484.86
2022-06-20,SKU003,LA,417.81
2022-06-20,SKU003,CHI,291.29
2022-06-20,SKU004,NYC,335.68
2022-06-20,SKU004,LA,247.70
2022-06-20,SKU004,CHI,223.70
2022-06-20,SKU005,NYC,415.76
2022-06-20,SKU005,LA,345.38
2022-06-20,SKU005,CHI,262.89
2022-06-21,SKU001,NYC,307.43
2022-06-21,SKU001,LA,259.94
2022-06-21,SKU001,CHI,233.74
2022-06-21,SKU002,NYC,244.36
2022-06-21,SKU002,LA,178.05
2022-06-21,SKU002,CHI,158.38
2022-06-21,SKU003,NYC,292.41
2022-06-21,SKU003,LA,318.87
2022-06-21,SKU003,CHI,274.37
2022-06-21,SKU004,NYC,277.55
2022-06-21,SKU004,LA,221.43
2022-06-21,SKU004,CHI,169.00
2022-06-21,SKU005,NYC,345.63
2022-06-21,SKU005,LA,277.81
2022-06-21,SKU005,CHI,287.51
2022-06-22,SKU001,NYC,339.59
2022-06-22,SKU001,LA,287.71
2022-06-22,SKU001,CHI,203.77
2022-06-22,SKU002,NYC,200.59
2022-06-22,SKU002,LA,186.40
2022-06-22,SKU002,CHI,140.93
2022-06-22,SKU003,NYC,396.75
2022-06-22,SKU003,LA,334.08
2022-06-22,SKU003,CHI,250.97
2022-06-22,SKU004,NYC,232.89
2022-06-22,SKU004,LA,207.45
2022-06-22,SKU004,CHI,146.52
2022-06-22,SKU005,NYC,384.42
2022-06-22,SKU005,LA,327.61
2022-06-22,SKU005,CHI,223.20
2022-06-23,SKU001,NYC,293.84
2022-06-23,SKU001,LA,311.41
2022-06-23,SKU001,CHI,245.41
2022-06-23,SKU002,NYC,250.05
2022-06-23,SKU002,LA,180.20
2022-06-23,SKU002,CHI,134.46
2022-06-23,SKU003,NYC,554.30
2022-06-23,SKU003,LA,385.87
2022-06-23,SKU003,CHI,331.44
2022-06-23,SKU004,NYC,298.27
2022-06-23,SKU004,LA,260.68
2022-06-23,SKU004,CHI,174.66
2022-06-23,SKU005,NYC,408.17
2022-06-23,SKU005,LA,307.75
2022-06-23,SKU005,CHI,253.84
2022-06-24,SKU001,NYC,334.40
2022-06-24,SKU001,LA,245.75
2022-06-24,SKU001,CHI,228.88
2022-06-24,SKU002,NYC,232.03
2022-06-24,SKU002,LA,183.46
2022-06-24,SKU002,CHI,164.31
2022-06-24,SKU003,NYC,473.28
2022-06-24,SKU003,LA,361.80
2022-06-24,SKU003,CHI,379.43
2022-06-24,SKU004,NYC,322.27
2022-06-24,SKU004,LA,278.67
2022-06-24,SKU004,CHI,193.87
2022-06-24,SKU005,NYC,465.95
2022-06-24,SKU005,LA,383.73
2022-06-24,SKU005,CHI,256.11
2022-06-25,SKU001,NYC,436.47
2022-06-25,SKU001,LA,504.15
2022-06-25,SKU001,CHI,299.44
2022-06-25,SKU002,NYC,340.90
2022-06-25,SKU002,LA,265.08
2022-06-25,SKU002,CHI,234.74
2022-06-25,SKU003,NYC,555.37
2022-06-25,SKU003,LA,462.26
2022-06-25,SKU003,CHI,457.78
2022-06-25,SKU004,NYC,399.05
2022-06-25,SKU004,LA,245.28
2022-06-25,SKU004,CHI,261.47
2022-06-25,SKU005,NYC,546.66
2022-06-25,SKU005,LA,496.97
2022-06-25,SKU005,CHI,383.11
2022-06-26,SKU001,NYC,485.06
2022-06-26,SKU001,LA,394.26
2022-06-26,SKU001,CHI,321.75
2022-06-26,SKU002,NYC,287.95
2022-06-26,SKU002,LA,249.12
2022-06-26,SKU002,CHI,198.48
2022-06-26,SKU003,NYC,534.70
2022-06-26,SKU003,LA,555.17
2022-06-26,SKU003,CHI,456.04
2022-06-26,SKU004,NYC,415.78
2022-06-26,SKU004,LA,306.82
2022-06-26,SKU004,CHI,247.13
2022-06-26,SKU005,NYC,533.06
2022-06-26,SKU005,LA,516.37
2022-06-26,SKU005,CHI,391.30
2022-06-27,SKU001,NYC,360.47
2022-06-27,SKU001,LA,231.08
2022-06-27,SKU001,CHI,200.09
2022-06-27,SKU002,NYC,186.22
2022-06-27,SKU002,LA,152.40
2022-06-27,SKU002,CHI,139.85
2022-06-27,SKU003,NYC,390.76
2022-06-27,SKU003,LA,319.67
2022-06-27,SKU003,CHI,228.19
2022-06-27,SKU004,NYC,261.50
2022-06-27,SKU004,LA,207.64
2022-06-27,SKU004,CHI,186.61
2022-06-27,SKU005,NYC,385.24
2022-06-27,SKU005,LA,264.37
2022-06-27,SKU005,CHI,253.06
2022-06-28,SKU001,NYC,289.10
2022-06-28,SKU001,LA,295.54
2022-06-28,SKU001,CHI,204.40
2022-06-28,SKU002,NYC,202.64
2022-06-28,SKU002,LA,170.59
2022-06-28,SKU002,CHI,120.90
2022-06-28,SKU003,NYC,456.56
2022-06-28,SKU003,LA,408.98
2022-06-28,SKU003,CHI,223.27
2022-06-28,SKU004,NYC,250.33
2022-06-28,SKU004,LA,211.63
2022-06-28,SKU004,CHI,161.02
2022-06-28,SKU005,NYC,410.27
2022-06-28,SKU005,LA,342.80
2022-06-28,SKU005,CHI,237.84
2022-06-29,SKU001,NYC,371.79
2022-06-29,SKU001,LA,257.50
2022-06-29,SKU001,CHI,200.36
2022-06-29,SKU002,NYC,219.68
2022-06-29,SKU002,LA,164.80
2022-06-29,SKU002,CHI,163.17
2022-06-29,SKU003,NYC,430.62
2022-06-29,SKU003,LA,326.01
2022-06-29,SKU003,CHI,265.39
2022-06-29,SKU004,NYC,233.82
2022-06-29,SKU004,LA,219.93
2022-06-29,SKU004,CHI,149.27
2022-06-29,SKU005,NYC,366.49
2022-06-29,SKU005,LA,289.52
2022-06-29,SKU005,CHI,258.10
2022-06-30,SKU001,NYC,400.78
2022-06-30,SKU001,LA,326.25
2022-06-30,SKU001,CHI,238.99
2022-06-30,SKU002,NYC,233.94
2022-06-30,SKU002,LA,203.56
2022-06-30,SKU002,CHI,167.60
2022-06-30,SKU003,NYC,501.33
2022-06-30,SKU003,LA,375.71
2022-06-30,SKU003,CHI,287.85
2022-06-30,SKU004,NYC,308.27
2022-06-30,SKU004,LA,286.83
2022-06-30,SKU004,CHI,239.84
2022-06-30,SKU005,NYC,466.07
2022-06-30,SKU005,LA,324.21
2022-06-30,SKU005,CHI,328.43
2022-07-01,SKU001,NYC,332.83
2022-07-01,SKU001,LA,279.63
2022-07-01,SKU001,CHI,252.75
2022-07-01,SKU002,NYC,217.42
2022-07-01,SKU002,LA,227.05
2022-07-01,SKU002,CHI,167.26
2022-07-01,SKU003,NYC,497.99
2022-07-01,SKU003,LA,366.21
2022-07-01,SKU003,CHI,346.27
2022-07-01,SKU004,NYC,319.09
2022-07-01,SKU004,LA,243.74
2022-07-01,SKU004,CHI,221.47
2022-07-01,SKU005,NYC,317.55
2022-07-01,SKU005,LA,373.61
2022-07-01,SKU005,CHI,285.33
2022-07-02,SKU001,NYC,435.87
2022-07-02,SKU001,LA,401.59
2022-07-02,SKU001,CHI,331.46
2022-07-02,SKU002,NYC,304.29
2022-07-02,SKU002,LA,270.48
2022-07-02,SKU002,CHI,218.09
2022-07-02,SKU003,NYC,648.24
2022-07-02,SKU003,LA,583.55
2022-07-02,SKU003,CHI,396.53
2022-07-02,SKU004,NYC,447.32
2022-07-02,SKU004,LA,286.43
2022-07-02,SKU004,CHI,271.43
2022-07-02,SKU005,NYC,466.68
2022-07-02,SKU005,LA,473.03
2022-07-02,SKU005,CHI,402.87
2022-07-03,SKU001,NYC,570.42
2022-07-03,SKU001,LA,397.32
2022-07-03,SKU001,CHI,292.62
2022-07-03,SKU002,NYC,362.91
2022-07-03,SKU002,LA,275.40
2022-07-03,SKU002,CHI,221.57
2022-07-03,SKU003,NYC,682.31
2022-07-03,SKU003,LA,577.74
2022-07-03,SKU003,CHI,344.49
2022-07-03,SKU004,NYC,398.03
2022-07-03,SKU004,LA,329.45
2022-07-03,SKU004,CHI,235.76
2022-07-03,SKU005,NYC,473.08
2022-07-03,SKU005,LA,467.52
2022-07-03,SKU005,CHI,359.07
2022-07-04,SKU001,NYC,374.81
2022-07-04,SKU001,LA,332.12
2022-07-04,SKU001,CHI,259.94
2022-07-04,SKU002,NYC,280.80
2022-07-04,SKU002,LA,270.42
2022-07-04,SKU002,CHI,186.31
2022-07-04,SKU003,NYC,632.47
2022-07-04,SKU003,LA,498.83
2022-07-04,SKU003,CHI,389.25
2022-07-04,SKU004,NYC,312.68
2022-07-04,SKU004,LA,272.79
2022-07-04,SKU004,CHI,204.15
2022-07-04,SKU005,NYC,501.15
2022-07-04,SKU005,LA,398.27
2022-07-04,SKU005,CHI,334.93
2022-07-05,SKU001,NYC,320.93
2022-07-05,SKU001,LA,263.95
2022-07-05,SKU001,CHI,200.26
2022-07-05,SKU002,NYC,195.05
2022-07-05,SKU002,LA,172.11
2022-07-05,SKU002,CHI,154.37
2022-07-05,SKU003,NYC,403.69
2022-07-05,SKU003,LA,339.96
2022-07-05,SKU003,CHI,297.36
2022-07-05,SKU004,NYC,272.62
2022-07-05,SKU004,LA,184.68
2022-07-05,SKU004,CHI,171.90
2022-07-05,SKU005,NYC,338.65
2022-07-05,SKU005,LA,307.47
2022-07-05,SKU005,CHI,256.97
2022-07-06,SKU001,NYC,328.10
2022-07-06,SKU001,LA,303.45
2022-07-06,SKU001,CHI,197.71
2022-07-06,SKU002,NYC,210.16
2022-07-06,SKU002,LA,190.81
2022-07-06,SKU002,CHI,158.25
2022-07-06,SKU003,NYC,368.93
2022-07-06,SKU003,LA,366.34
2022-07-06,SKU003,CHI,292.49
2022-07-06,SKU004,NYC,256.58
2022-07-06,SKU004,LA,210.98
2022-07-06,SKU004,CHI,186.39
2022-07-06,SKU005,NYC,387.75
2022-07-06,SKU005,LA,322.31
2022-07-06,SKU005,CHI,229.77
2022-07-07,SKU001,NYC,304.74
2022-07-07,SKU001,LA,303.91
2022-07-07,SKU001,CHI,238.78
2022-07-07,SKU002,NYC,267.03
2022-07-07,SKU002,LA,196.51
2022-07-07,SKU002,CHI,181.03
2022-07-07,SKU003,NYC,504.98
2022-07-07,SKU003,LA,374.34
2022-07-07,SKU003,CHI,353.97
2022-07-07,SKU004,NYC,296.62
2022-07-07,SKU004,LA,238.13
2022-07-07,SKU004,CHI,209.91
2022-07-07,SKU005,NYC,437.95
2022-07-07,SKU005,LA,332.41
2022-07-07,SKU005,CHI,310.53
2022-07-08,SKU001,NYC,368.70
2022-07-08,SKU001,LA,284.21
2022-07-08,SKU001,CHI,202.87
2022-07-08,SKU002,NYC,266.85
2022-07-08,SKU002,LA,215.40
2022-07-08,SKU002,CHI,172.66
2022-07-08,SKU003,NYC,553.28
2022-07-08,SKU003,LA,304.33
2022-07-08,SKU003,CHI,365.36
2022-07-08,SKU004,NYC,349.85
2022-07-08,SKU004,LA,231.41
2022-07-08,SKU004,CHI,226.07
2022-07-08,SKU005,NYC,404.03
2022-07-08,SKU005,LA,328.24
2022-07-08,SKU005,CHI,290.18
2022-07-09,SKU001,NYC,568.85
2022-07-09,SKU001,LA,415.29
2022-07-09,SKU001,CHI,322.23
2022-07-09,SKU002,NYC,363.08
2022-07-09,SKU002,LA,260.65
2022-07-09,SKU002,CHI,255.66
2022-07-09,SKU003,NYC,733.40
2022-07-09,SKU003,LA,550.87
2022-07-09,SKU003,CHI,389.25
2022-07-09,SKU004,NYC,444.19
2022-07-09,SKU004,LA,344.17
2022-07-09,SKU004,CHI,284.67
2022-07-09,SKU005,NYC,638.34
2022-07-09,SKU005,LA,498.51
2022-07-09,SKU005,CHI,347.64
2022-07-10,SKU001,NYC,554.06
2022-07-10,SKU001,LA,413.05
2022-07-10,SKU001,CHI,331.88
2022-07-10,SKU002,NYC,354.96
2022-07-10,SKU002,LA,287.34
2022-07-10,SKU002,CHI,239.60
2022-07-10,SKU003,NYC,648.08
2022-07-10,SKU003,LA,520.21
2022-07-10,SKU003,CHI,400.38
2022-07-10,SKU004,NYC,381.62
2022-07-10,SKU004,LA,325.50
2022-07-10,SKU004,CHI,294.65
2022-07-10,SKU005,NYC,555.42
2022-07-10,SKU005,LA,473.67
2022-07-10,SKU005,CHI,379.32
2022-07-11,SKU001,NYC,333.01
2022-07-11,SKU001,LA,280.54
2022-07-11,SKU001,CHI,252.36
2022-07-11,SKU002,NYC,188.68
2022-07-11,SKU002,LA,178.51
2022-07-11,SKU002,CHI,154.52
2022-07-11,SKU003,NYC,346.47
2022-07-11,SKU003,LA,407.71
2022-07-11,SKU003,CHI,274.57
2022-07-11,SKU004,NYC,242.71
2022-07-11,SKU004,LA,241.03
2022-07-11,SKU004,CHI,137.13
2022-07-11,SKU005,NYC,384.90
2022-07-11,SKU005,LA,282.94
2022-07-11,SKU005,CHI,250.89
2022-07-12,SKU001,NYC,328.86
2022-07-12,SKU001,LA,285.11
2022-07-12,SKU001,CHI,220.03
2022-07-12,SKU002,NYC,265.67
2022-07-12,SKU002,LA,184.31
2022-07-12,SKU002,CHI,141.53
2022-07-12,SKU003,NYC,469.11
2022-07-12,SKU003,LA,345.95
2022-07-12,SKU003,CHI,290.23
2022-07-12,SKU004,NYC,160.27
2022-07-12,SKU004,LA,230.28
2022-07-12,SKU004,CHI,174.92
2022-07-12,SKU005,NYC,361.58
2022-07-12,SKU005,LA,294.34
2022-07-12,SKU005,CHI,274.77
2022-07-13,SKU001,NYC,253.00
2022-07-13,SKU001,LA,348.35
2022-07-13,SKU001,CHI,236.40
2022-07-13,SKU002,NYC,228.58
2022-07-13,SKU002,LA,218.60
2022-07-13,SKU002,CHI,150.99
2022-07-13,SKU003,NYC,381.59
2022-07-13,SKU003,LA,385.12
2022-07-13,SKU003,CHI,233.69
2022-07-13,SKU004,NYC,280.99
2022-07-13,SKU004,LA,247.37
2022-07-13,SKU004,CHI,186.17
2022-07-13,SKU005,NYC,324.14
2022-07-13,SKU005,LA,322.46
2022-07-13,SKU005,CHI,249.67
2022-07-14,SKU001,NYC,347.27
2022-07-14,SKU001,LA,240.32
2022-07-14,SKU001,CHI,220.43
2022-07-14,SKU002,NYC,247.05
2022-07-14,SKU002,LA,241.12
2022-07-14,SKU002,CHI,221.12
2022-07-14,SKU003,NYC,536.91
2022-07-14,SKU003,LA,379.63
2022-07-14,SKU003,CHI,315.81
2022-07-14,SKU004,NYC,346.59
2022-07-14,SKU004,LA,276.62
2022-07-14,SKU004,CHI,216.65
2022-07-14,SKU005,NYC,458.13
2022-07-14,SKU005,LA,417.62
2022-07-14,SKU005,CHI,365.02
2022-07-15,SKU001,NYC,376.60
2022-07-15,SKU001,LA,318.51
2022-07-15,SKU001,CHI,263.48
2022-07-15,SKU002,NYC,248.79
2022-07-15,SKU002,LA,169.71
2022-07-15,SKU002,CHI,182.49
2022-07-15,SKU003,NYC,459.68
2022-07-15,SKU003,LA,467.82
2022-07-15,SKU003,CHI,336.75
2022-07-15,SKU004,NYC,360.63
2022-07-15,SKU004,LA,238.97
2022-07-15,SKU004,CHI,232.76
2022-07-15,SKU005,NYC,375.67
2022-07-15,SKU005,LA,409.17
2022-07-15,SKU005,CHI,292.18
2022-07-16,SKU001,NYC,536.63
2022-07-16,SKU001,LA,394.22
2022-07-16,SKU001,CHI,349.41
2022-07-16,SKU002,NYC,357.24
2022-07-16,SKU002,LA,294.31
2022-07-16,SKU002,CHI,236.80
2022-07-16,SKU003,NYC,755.65
2022-07-16,SKU003,LA,508.85
2022-07-16,SKU003,CHI,491.82
2022-07-16,SKU004,NYC,394.50
2022-07-16,SKU004,LA,381.95
2022-07-16,SKU004,CHI,336.45
2022-07-16,SKU005,NYC,538.77
2022-07-16,SKU005,LA,382.73
2022-07-16,SKU005,CHI,396.73
2022-07-17,SKU001,NYC,458.15
2022-07-17,SKU001,LA,388.57
2022-07-17,SKU001,CHI,317.33
2022-07-17,SKU002,NYC,322.99
2022-07-17,SKU002,LA,325.03
2022-07-17,SKU002,CHI,253.07
2022-07-17,SKU003,NYC,724.27
2022-07-17,SKU003,LA,665.93
2022-07-17,SKU003,CHI,399.34
2022-07-17,SKU004,NYC,307.81
2022-07-17,SKU004,LA,411.05
2022-07-17,SKU004,CHI,280.34
2022-07-17,SKU005,NYC,584.21
2022-07-17,SKU005,LA,401.31
2022-07-17,SKU005,CHI,338.72
2022-07-18,SKU001,NYC,345.21
2022-07-18,SKU001,LA,265.21
2022-07-18,SKU001,CHI,168.91
2022-07-18,SKU002,NYC,202.76
2022-07-18,SKU002,LA,206.08
2022-07-18,SKU002,CHI,168.29
2022-07-18,SKU003,NYC,434.91
2022-07-18,SKU003,LA,455.38
2022-07-18,SKU003,CHI,313.00
2022-07-18,SKU004,NYC,317.79
2022-07-18,SKU004,LA,254.13
2022-07-18,SKU004,CHI,194.30
2022-07-18,SKU005,NYC,333.83
2022-07-18,SKU005,LA,269.80
2022-07-18,SKU005,CHI,237.92
2022-07-19,SKU001,NYC,332.32
2022-07-19,SKU001,LA,269.99
2022-07-19,SKU001,CHI,224.06
2022-07-19,SKU002,NYC,224.10
2022-07-19,SKU002,LA,196.06
2022-07-19,SKU002,CHI,164.48
2022-07-19,SKU003,NYC,427.58
2022-07-19,SKU003,LA,345.78
2022-07-19,SKU003,CHI,210.17
2022-07-19,SKU004,NYC,293.50
2022-07-19,SKU004,LA,207.56
2022-07-19,SKU004,CHI,163.61
2022-07-19,SKU005,NYC,420.37
2022-07-19,SKU005,LA,351.95
2022-07-19,SKU005,CHI,275.41
2022-07-20,SKU001,NYC,356.03
2022-07-20,SKU001,LA,241.24
2022-07-20,SKU001,CHI,211.74
2022-07-20,SKU002,NYC,212.91
2022-07-20,SKU002,LA,220.23
2022-07-20,SKU002,CHI,163.18
2022-07-20,SKU003,NYC,418.27
2022-07-20,SKU003,LA,387.34
2022-07-20,SKU003,CHI,296.53
2022-07-20,SKU004,NYC,267.67
2022-07-20,SKU004,LA,236.24
2022-07-20,SKU004,CHI,195.92
2022-07-20,SKU005,NYC,382.69
2022-07-20,SKU005,LA,283.05
2022-07-20,SKU005,CHI,267.98
2022-07-21,SKU001,NYC,373.62
2022-07-21,SKU001,LA,283.16
2022-07-21,SKU001,CHI,236.18
2022-07-21,SKU002,NYC,259.34
2022-07-21,SKU002,LA,222.25
2022-07-21,SKU002,CHI,187.28
2022-07-21,SKU003,NYC,495.43
2022-07-21,SKU003,LA,440.80
2022-07-21,SKU003,CHI,324.86
2022-07-21,SKU004,NYC,337.17
2022-07-21,SKU004,LA,277.18
2022-07-21,SKU004,CHI,225.28
2022-07-21,SKU005,NYC,524.27
2022-07-21,SKU005,LA,371.19
2022-07-21,SKU005,CHI,256.90
2022-07-22,SKU001,NYC,382.12
2022-07-22,SKU001,LA,346.91
2022-07-22,SKU001,CHI,257.38
2022-07-22,SKU002,NYC,275.40
2022-07-22,SKU002,LA,184.11
2022-07-22,SKU002,CHI,163.10
2022-07-22,SKU003,NYC,535.39
2022-07-22,SKU003,LA,456.28
2022-07-22,SKU003,CHI,313.27
2022-07-22,SKU004,NYC,332.60
2022-07-22,SKU004,LA,248.35
2022-07-22,SKU004,CHI,189.24
2022-07-22,SKU005,NYC,463.37
2022-07-22,SKU005,LA,391.74
2022-07-22,SKU005,CHI,318.90
2022-07-23,SKU001,NYC,539.15
2022-07-23,SKU001,LA,488.95
2022-07-23,SKU001,CHI,366.76
2022-07-23,SKU002,NYC,335.66
2022-07-23,SKU002,LA,317.45
2022-07-23,SKU002,CHI,198.08
2022-07-23,SKU003,NYC,669.55
2022-07-23,SKU003,LA,610.59
2022-07-23,SKU003,CHI,471.93
2022-07-23,SKU004,NYC,453.22
2022-07-23,SKU004,LA,415.41
2022-07-23,SKU004,CHI,258.36
2022-07-23,SKU005,NYC,648.14
2022-07-23,SKU005,LA,495.68
2022-07-23,SKU005,CHI,444.90
2022-07-24,SKU001,NYC,510.25
2022-07-24,SKU001,LA,453.14
2022-07-24,SKU001,CHI,388.22
2022-07-24,SKU002,NYC,371.54
2022-07-24,SKU002,LA,285.13
2022-07-24,SKU002,CHI,224.43
2022-07-24,SKU003,NYC,619.19
2022-07-24,SKU003,LA,612.04
2022-07-24,SKU003,CHI,501.79
2022-07-24,SKU004,NYC,409.79
2022-07-24,SKU004,LA,286.71
2022-07-24,SKU004,CHI,262.30
2022-07-24,SKU005,NYC,628.92
2022-07-24,SKU005,LA,454.74
2022-07-24,SKU005,CHI,323.14
2022-07-25,SKU001,NYC,316.28
2022-07-25,SKU001,LA,219.55
2022-07-25,SKU001,CHI,227.84
2022-07-25,SKU002,NYC,220.16
2022-07-25,SKU002,LA,192.29
2022-07-25,SKU002,CHI,172.73
2022-07-25,SKU003,NYC,397.07
2022-07-25,SKU003,LA,285.76
2022-07-25,SKU003,CHI,290.32
2022-07-25,SKU004,NYC,288.58
2022-07-25,SKU004,LA,196.88
2022-07-25,SKU004,CHI,177.00
2022-07-25,SKU005,NYC,381.93
2022-07-25,SKU005,LA,330.64
2022-07-25,SKU005,CHI,247.54
2022-07-26,SKU001,NYC,420.75
2022-07-26,SKU001,LA,269.61
2022-07-26,SKU001,CHI,225.64
2022-07-26,SKU002,NYC,219.07
2022-07-26,SKU002,LA,141.15
2022-07-26,SKU002,CHI,174.68
2022-07-26,SKU003,NYC,300.02
2022-07-26,SKU003,LA,414.92
2022-07-26,SKU003,CHI,253.66
2022-07-26,SKU004,NYC,239.09
2022-07-26,SKU004,LA,228.06
2022-07-26,SKU004,CHI,224.96
2022-07-26,SKU005,NYC,409.95
2022-07-26,SKU005,LA,324.72
2022-07-26,SKU005,CHI,244.51
2022-07-27,SKU001,NYC,355.26
2022-07-27,SKU001,LA,267.67
2022-07-27,SKU001,CHI,238.24
2022-07-27,SKU002,NYC,185.73
2022-07-27,SKU002,LA,202.77
2022-07-27,SKU002,CHI,158.97
2022-07-27,SKU003,NYC,380.29
2022-07-27,SKU003,LA,328.92
2022-07-27,SKU003,CHI,289.12
2022-07-27,SKU004,NYC,264.22
2022-07-27,SKU004,LA,238.16
2022-07-27,SKU004,CHI,158.59
2022-07-27,SKU005,NYC,363.60
2022-07-27,SKU005,LA,402.67
2022-07-27,SKU005,CHI,243.52
2022-07-28,SKU001,NYC,377.18
2022-07-28,SKU001,LA,322.49
2022-07-28,SKU001,CHI,255.33
2022-07-28,SKU002,NYC,305.90
2022-07-28,SKU002,LA,214.45
2022-07-28,SKU002,CHI,197.53
2022-07-28,SKU003,NYC,475.44
2022-07-28,SKU003,LA,466.76
2022-07-28,SKU003,CHI,339.19
2022-07-28,SKU004,NYC,322.27
2022-07-28,SKU004,LA,270.92
2022-07-28,SKU004,CHI,230.70
2022-07-28,SKU005,NYC,414.97
2022-07-28,SKU005,LA,354.57
2022-07-28,SKU005,CHI,378.14
2022-07-29,SKU001,NYC,415.58
2022-07-29,SKU001,LA,317.72
2022-07-29,SKU001,CHI,280.63
2022-07-29,SKU002,NYC,272.39
2022-07-29,SKU002,LA,176.95
2022-07-29,SKU002,CHI,185.64
2022-07-29,SKU003,NYC,515.68
2022-07-29,SKU003,LA,450.22
2022-07-29,SKU003,CHI,321.07
2022-07-29,SKU004,NYC,322.03
2022-07-29,SKU004,LA,305.75
2022-07-29,SKU004,CHI,216.21
2022-07-29,SKU005,NYC,452.89
2022-07-29,SKU005,LA,408.72
2022-07-29,SKU005,CHI,303.03
2022-07-30,SKU001,NYC,571.43
2022-07-30,SKU001,LA,422.74
2022-07-30,SKU001,CHI,356.71
2022-07-30,SKU002,NYC,332.50
2022-07-30,SKU002,LA,260.88
2022-07-30,SKU002,CHI,255.61
2022-07-30,SKU003,NYC,699.32
2022-07-30,SKU003,LA,604.09
2022-07-30,SKU003,CHI,487.78
2022-07-30,SKU004,NYC,366.63
2022-07-30,SKU004,LA,362.43
2022-07-30,SKU004,CHI,229.05
2022-07-30,SKU005,NYC,649.85
2022-07-30,SKU005,LA,458.92
2022-07-30,SKU005,CHI,431.09
2022-07-31,SKU001,NYC,556.07
2022-07-31,SKU001,LA,408.72
2022-07-31,SKU001,CHI,344.82
2022-07-31,SKU002,NYC,403.04
2022-07-31,SKU002,LA,249.79
2022-07-31,SKU002,CHI,254.84
2022-07-31,SKU003,NYC,692.43
2022-07-31,SKU003,LA,624.34
2022-07-31,SKU003,CHI,380.86
2022-07-31,SKU004,NYC,431.66
2022-07-31,SKU004,LA,399.29
2022-07-31,SKU004,CHI,326.77
2022-07-31,SKU005,NYC,572.71
2022-07-31,SKU005,LA,502.58
2022-07-31,SKU005,CHI,489.79
2022-08-01,SKU001,NYC,292.06
2022-08-01,SKU001,LA,282.36
2022-08-01,SKU001,CHI,230.95
2022-08-01,SKU002,NYC,239.92
2022-08-01,SKU002,LA,178.14
2022-08-01,SKU002,CHI,172.36
2022-08-01,SKU003,NYC,489.27
2022-08-01,SKU003,LA,442.46
2022-08-01,SKU003,CHI,275.81
2022-08-01,SKU004,NYC,269.64
2022-08-01,SKU004,LA,261.96
2022-08-01,SKU004,CHI,223.14
2022-08-01,SKU005,NYC,407.04
2022-08-01,SKU005,LA,287.65
2022-08-01,SKU005,CHI,265.76
2022-08-02,SKU001,NYC,374.81
2022-08-02,SKU001,LA,304.18
2022-08-02,SKU001,CHI,253.25
2022-08-02,SKU002,NYC,282.36
2022-08-02,SKU002,LA,188.81
2022-08-02,SKU002,CHI,143.58
2022-08-02,SKU003,NYC,397.01
2022-08-02,SKU003,LA,371.45
2022-08-02,SKU003,CHI,331.51
2022-08-02,SKU004,NYC,333.59
2022-08-02,SKU004,LA,242.23
2022-08-02,SKU004,CHI,189.92
2022-08-02,SKU005,NYC,403.81
2022-08-02,SKU005,LA,382.86
2022-08-02,SKU005,CHI,252.04
2022-08-03,SKU001,NYC,339.69
2022-08-03,SKU001,LA,283.86
2022-08-03,SKU001,CHI,228.24
2022-08-03,SKU002,NYC,280.78
2022-08-03,SKU002,LA,180.48
2022-08-03,SKU002,CHI,197.44
2022-08-03,SKU003,NYC,423.55
2022-08-03,SKU003,LA,346.72
2022-08-03,SKU003,CHI,282.20
2022-08-03,SKU004,NYC,304.18
2022-08-03,SKU004,LA,237.71
2022-08-03,SKU004,CHI,211.78
2022-08-03,SKU005,NYC,377.22
2022-08-03,SKU005,LA,285.24
2022-08-03,SKU005,CHI,263.88
2022-08-04,SKU001,NYC,416.97
2022-08-04,SKU001,LA,288.34
2022-08-04,SKU001,CHI,267.54
2022-08-04,SKU002,NYC,295.99
2022-08-04,SKU002,LA,215.23
2022-08-04,SKU002,CHI,171.86
2022-08-04,SKU003,NYC,476.93
2022-08-04,SKU003,LA,439.92
2022-08-04,SKU003,CHI,373.35
2022-08-04,SKU004,NYC,430.20
2022-08-04,SKU004,LA,314.00
2022-08-04,SKU004,CHI,196.60
2022-08-04,SKU005,NYC,411.14
2022-08-04,SKU005,LA,400.37
2022-08-04,SKU005,CHI,374.78
2022-08-05,SKU001,NYC,434.17
2022-08-05,SKU001,LA,321.60
2022-08-05,SKU001,CHI,298.81
2022-08-05,SKU002,NYC,321.02
2022-08-05,SKU002,LA,269.50
2022-08-05,SKU002,CHI,168.05
2022-08-05,SKU003,NYC,561.50
2022-08-05,SKU003,LA,390.87
2022-08-05,SKU003,CHI,329.76
2022-08-05,SKU004,NYC,295.59
2022-08-05,SKU004,LA,275.04
2022-08-05,SKU004,CHI,193.50
2022-08-05,SKU005,NYC,525.84
2022-08-05,SKU005,LA,406.18
2022-08-05,SKU005,CHI,297.22
2022-08-06,SKU001,NYC,557.79
2022-08-06,SKU001,LA,511.16
2022-08-06,SKU001,CHI,366.89
2022-08-06,SKU002,NYC,346.91
2022-08-06,SKU002,LA,298.29
2022-08-06,SKU002,CHI,243.05
2022-08-06,SKU003,NYC,653.22
2022-08-06,SKU003,LA,485.21
2022-08-06,SKU003,CHI,450.61
2022-08-06,SKU004,NYC,497.50
2022-08-06,SKU004,LA,338.25
2022-08-06,SKU004,CHI,238.06
2022-08-06,SKU005,NYC,631.70
2022-08-06,SKU005,LA,589.70
2022-08-06,SKU005,CHI,351.72
2022-08-07,SKU001,NYC,544.49
2022-08-07,SKU001,LA,463.60
2022-08-07,SKU001,CHI,375.35
2022-08-07,SKU002,NYC,390.65
2022-08-07,SKU002,LA,327.12
2022-08-07,SKU002,CHI,207.62
2022-08-07,SKU003,NYC,749.16
2022-08-07,SKU003,LA,669.08
2022-08-07,SKU003,CHI,460.03
2022-08-07,SKU004,NYC,460.94
2022-08-07,SKU004,LA,332.79
2022-08-07,SKU004,CHI,334.90
2022-08-07,SKU005,NYC,600.73
2022-08-07,SKU005,LA,621.62
2022-08-07,SKU005,CHI,410.66
2022-08-08,SKU001,NYC,374.74
2022-08-08,SKU001,LA,276.86
2022-08-08,SKU001,CHI,277.90
2022-08-08,SKU002,NYC,195.10
2022-08-08,SKU002,LA,210.00
2022-08-08,SKU002,CHI,128.33
2022-08-08,SKU003,NYC,407.68
2022-08-08,SKU003,LA,459.35
2022-08-08,SKU003,CHI,337.08
2022-08-08,SKU004,NYC,233.19
2022-08-08,SKU004,LA,243.08
2022-08-08,SKU004,CHI,182.52
2022-08-08,SKU005,NYC,444.61
2022-08-08,SKU005,LA,415.40
2022-08-08,SKU005,CHI,298.76
2022-08-09,SKU001,NYC,367.87
2022-08-09,SKU001,LA,308.71
2022-08-09,SKU001,CHI,209.35
2022-08-09,SKU002,NYC,261.23
2022-08-09,SKU002,LA,222.17
2022-08-09,SKU002,CHI,152.78
2022-08-09,SKU003,NYC,435.75
2022-08-09,SKU003,LA,444.32
2022-08-09,SKU003,CHI,316.94
2022-08-09,SKU004,NYC,259.83
2022-08-09,SKU004,LA,233.95
2022-08-09,SKU004,CHI,186.51
2022-08-09,SKU005,NYC,419.90
2022-08-09,SKU005,LA,349.63
2022-08-09,SKU005,CHI,274.73
2022-08-10,SKU001,NYC,413.45
2022-08-10,SKU001,LA,319.70
2022-08-10,SKU001,CHI,271.12
2022-08-10,SKU002,NYC,203.67
2022-08-10,SKU002,LA,206.63
2022-08-10,SKU002,CHI,182.69
2022-08-10,SKU003,NYC,501.77
2022-08-10,SKU003,LA,363.38
2022-08-10,SKU003,CHI,288.31
2022-08-10,SKU004,NYC,322.76
2022-08-10,SKU004,LA,240.19
2022-08-10,SKU004,CHI,209.05
2022-08-10,SKU005,NYC,431.30
2022-08-10,SKU005,LA,349.71
2022-08-10,SKU005,CHI,286.51
2022-08-11,SKU001,NYC,383.86
2022-08-11,SKU001,LA,408.16
2022-08-11,SKU001,CHI,294.36
2022-08-11,SKU002,NYC,330.38
2022-08-11,SKU002,LA,228.74
2022-08-11,SKU002,CHI,182.77
2022-08-11,SKU003,NYC,535.32
2022-08-11,SKU003,LA,421.11
2022-08-11,SKU003,CHI,393.65
2022-08-11,SKU004,NYC,372.82
2022-08-11,SKU004,LA,275.14
2022-08-11,SKU004,CHI,224.60
2022-08-11,SKU005,NYC,520.90
2022-08-11,SKU005,LA,386.84
2022-08-11,SKU005,CHI,320.96
2022-08-12,SKU001,NYC,486.16
2022-08-12,SKU001,LA,324.28
2022-08-12,SKU001,CHI,265.87
2022-08-12,SKU002,NYC,364.08
2022-08-12,SKU002,LA,191.04
2022-08-12,SKU002,CHI,171.11
2022-08-12,SKU003,NYC,655.45
2022-08-12,SKU003,LA,444.03
2022-08-12,SKU003,CHI,388.91
2022-08-12,SKU004,NYC,423.71
2022-08-12,SKU004,LA,270.45
2022-08-12,SKU004,CHI,219.28
2022-08-12,SKU005,NYC,525.14
2022-08-12,SKU005,LA,417.16
2022-08-12,SKU005,CHI,318.63
2022-08-13,SKU001,NYC,541.94
2022-08-13,SKU001,LA,396.93
2022-08-13,SKU001,CHI,383.23
2022-08-13,SKU002,NYC,411.99
2022-08-13,SKU002,LA,311.76
2022-08-13,SKU002,CHI,247.83
2022-08-13,SKU003,NYC,765.53
2022-08-13,SKU003,LA,572.20
2022-08-13,SKU003,CHI,468.90
2022-08-13,SKU004,NYC,453.45
2022-08-13,SKU004,LA,436.48
2022-08-13,SKU004,CHI,302.88
2022-08-13,SKU005,NYC,651.45
2022-08-13,SKU005,LA,540.11
2022-08-13,SKU005,CHI,422.44
2022-08-14,SKU001,NYC,498.60
2022-08-14,SKU001,LA,417.61
2022-08-14,SKU001,CHI,399.55
2022-08-14,SKU002,NYC,360.29
2022-08-14,SKU002,LA,321.30
2022-08-14,SKU002,CHI,242.56
2022-08-14,SKU003,NYC,632.35
2022-08-14,SKU003,LA,579.41
2022-08-14,SKU003,CHI,554.03
2022-08-14,SKU004,NYC,439.66
2022-08-14,SKU004,LA,356.38
2022-08-14,SKU004,CHI,292.70
2022-08-14,SKU005,NYC,640.02
2022-08-14,SKU005,LA,564.43
2022-08-14,SKU005,CHI,423.28
2022-08-15,SKU001,NYC,359.00
2022-08-15,SKU001,LA,287.28
2022-08-15,SKU001,CHI,250.33
2022-08-15,SKU002,NYC,258.77
2022-08-15,SKU002,LA,213.56
2022-08-15,SKU002,CHI,177.90
2022-08-15,SKU003,NYC,474.32
2022-08-15,SKU003,LA,447.65
2022-08-15,SKU003,CHI,334.27
2022-08-15,SKU004,NYC,346.13
2022-08-15,SKU004,LA,249.08
2022-08-15,SKU004,CHI,206.33
2022-08-15,SKU005,NYC,405.42
2022-08-15,SKU005,LA,363.15
2022-08-15,SKU005,CHI,313.80
2022-08-16,SKU001,NYC,350.95
2022-08-16,SKU001,LA,348.85
2022-08-16,SKU001,CHI,243.47
2022-08-16,SKU002,NYC,292.07
2022-08-16,SKU002,LA,188.09
2022-08-16,SKU002,CHI,163.44
2022-08-16,SKU003,NYC,457.50
2022-08-16,SKU003,LA,441.70
2022-08-16,SKU003,CHI,341.53
2022-08-16,SKU004,NYC,300.39
2022-08-16,SKU004,LA,240.76
2022-08-16,SKU004,CHI,201.26
2022-08-16,SKU005,NYC,468.94
2022-08-16,SKU005,LA,394.84
2022-08-16,SKU005,CHI,289.77
2022-08-17,SKU001,NYC,349.65
2022-08-17,SKU001,LA,308.13
2022-08-17,SKU001,CHI,247.16
2022-08-17,SKU002,NYC,259.74
2022-08-17,SKU002,LA,201.55
2022-08-17,SKU002,CHI,198.29
2022-08-17,SKU003,NYC,453.32
2022-08-17,SKU003,LA,464.08
2022-08-17,SKU003,CHI,367.44
2022-08-17,SKU004,NYC,332.93
2022-08-17,SKU004,LA,300.94
2022-08-17,SKU004,CHI,214.02
2022-08-17,SKU005,NYC,425.53
2022-08-17,SKU005,LA,347.05
2022-08-17,SKU005,CHI,273.30
2022-08-18,SKU001,NYC,468.91
2022-08-18,SKU001,LA,307.18
2022-08-18,SKU001,CHI,247.43
2022-08-18,SKU002,NYC,345.37
2022-08-18,SKU002,LA,274.84
2022-08-18,SKU002,CHI,207.92
2022-08-18,SKU003,NYC,624.69
2022-08-18,SKU003,LA,513.47
2022-08-18,SKU003,CHI,374.13
2022-08-18,SKU004,NYC,306.69
2022-08-18,SKU004,LA,338.01
2022-08-18,SKU004,CHI,250.35
2022-08-18,SKU005,NYC,448.08
2022-08-18,SKU005,LA,439.15
2022-08-18,SKU005,CHI,330.15
2022-08-19,SKU001,NYC,429.76
2022-08-19,SKU001,LA,350.43
2022-08-19,SKU001,CHI,305.83
2022-08-19,SKU002,NYC,294.64
2022-08-19,SKU002,LA,221.80
2022-08-19,SKU002,CHI,214.11
2022-08-19,SKU003,NYC,602.62
2022-08-19,SKU003,LA,410.63
2022-08-19,SKU003,CHI,398.81
2022-08-19,SKU004,NYC,393.25
2022-08-19,SKU004,LA,296.41
2022-08-19,SKU004,CHI,245.32
2022-08-19,SKU005,NYC,482.28
2022-08-19,SKU005,LA,359.01
2022-08-19,SKU005,CHI,366.30
2022-08-20,SKU001,NYC,562.97
2022-08-20,SKU001,LA,493.63
2022-08-20,SKU001,CHI,369.75
2022-08-20,SKU002,NYC,382.83
2022-08-20,SKU002,LA,332.87
2022-08-20,SKU002,CHI,260.39
2022-08-20,SKU003,NYC,815.84
2022-08-20,SKU003,LA,599.14
2022-08-20,SKU003,CHI,428.23
2022-08-20,SKU004,NYC,478.59
2022-08-20,SKU004,LA,341.92
2022-08-20,SKU004,CHI,234.83
2022-08-20,SKU005,NYC,607.45
2022-08-20,SKU005,LA,543.63
2022-08-20,SKU005,CHI,418.65
2022-08-21,SKU001,NYC,483.03
2022-08-21,SKU001,LA,464.93
2022-08-21,SKU001,CHI,426.77
2022-08-21,SKU002,NYC,427.73
2022-08-21,SKU002,LA,329.41
2022-08-21,SKU002,CHI,287.57
2022-08-21,SKU003,NYC,721.29
2022-08-21,SKU003,LA,573.31
2022-08-21,SKU003,CHI,537.14
2022-08-21,SKU004,NYC,422.68
2022-08-21,SKU004,LA,408.23
2022-08-21,SKU004,CHI,315.22
2022-08-21,SKU005,NYC,660.87
2022-08-21,SKU005,LA,545.28
2022-08-21,SKU005,CHI,509.15
2022-08-22,SKU001,NYC,315.40
2022-08-22,SKU001,LA,320.91
2022-08-22,SKU001,CHI,242.79
2022-08-22,SKU002,NYC,240.26
2022-08-22,SKU002,LA,217.09
2022-08-22,SKU002,CHI,178.46
2022-08-22,SKU003,NYC,492.82
2022-08-22,SKU003,LA,423.28
2022-08-22,SKU003,CHI,377.29
2022-08-22,SKU004,NYC,292.73
2022-08-22,SKU004,LA,270.38
2022-08-22,SKU004,CHI,171.53
2022-08-22,SKU005,NYC,471.25
2022-08-22,SKU005,LA,305.43
2022-08-22,SKU005,CHI,319.40
2022-08-23,SKU001,NYC,358.93
2022-08-23,SKU001,LA,319.19
2022-08-23,SKU001,CHI,214.66
2022-08-23,SKU002,NYC,261.39
2022-08-23,SKU002,LA,235.21
2022-08-23,SKU002,CHI,184.62
2022-08-23,SKU003,NYC,497.40
2022-08-23,SKU003,LA,414.95
2022-08-23,SKU003,CHI,370.22
2022-08-23,SKU004,NYC,335.97
2022-08-23,SKU004,LA,244.49
2022-08-23,SKU004,CHI,196.53
2022-08-23,SKU005,NYC,422.16
2022-08-23,SKU005,LA,376.11
2022-08-23,SKU005,CHI,266.92
2022-08-24,SKU001,NYC,296.96
2022-08-24,SKU001,LA,308.69
2022-08-24,SKU001,CHI,258.85
2022-08-24,SKU002,NYC,266.92
2022-08-24,SKU002,LA,242.05
2022-08-24,SKU002,CHI,152.11
2022-08-24,SKU003,NYC,475.06
2022-08-24,SKU003,LA,357.10
2022-08-24,SKU003,CHI,342.04
2022-08-24,SKU004,NYC,311.16
2022-08-24,SKU004,LA,249.44
2022-08-24,SKU004,CHI,210.50
2022-08-24,SKU005,NYC,423.09
2022-08-24,SKU005,LA,340.62
2022-08-24,SKU005,CHI,351.48
2022-08-25,SKU001,NYC,484.01
2022-08-25,SKU001,LA,366.23
2022-08-25,SKU001,CHI,252.47
2022-08-25,SKU002,NYC,303.14
2022-08-25,SKU002,LA,272.98
2022-08-25,SKU002,CHI,210.03
2022-08-25,SKU003,NYC,651.82
2022-08-25,SKU003,LA,553.93
2022-08-25,SKU003,CHI,391.38
2022-08-25,SKU004,NYC,354.33
2022-08-25,SKU004,LA,294.46
2022-08-25,SKU004,CHI,237.57
2022-08-25,SKU005,NYC,587.05
2022-08-25,SKU005,LA,429.60
2022-08-25,SKU005,CHI,298.58
2022-08-26,SKU001,NYC,470.86
2022-08-26,SKU001,LA,371.24
2022-08-26,SKU001,CHI,285.95
2022-08-26,SKU002,NYC,250.17
2022-08-26,SKU002,LA,289.77
2022-08-26,SKU002,CHI,221.98
2022-08-26,SKU003,NYC,527.39
2022-08-26,SKU003,LA,503.40
2022-08-26,SKU003,CHI,353.70
2022-08-26,SKU004,NYC,322.71
2022-08-26,SKU004,LA,245.95
2022-08-26,SKU004,CHI,268.43
2022-08-26,SKU005,NYC,588.74
2022-08-26,SKU005,LA,436.96
2022-08-26,SKU005,CHI,358.59
2022-08-27,SKU001,NYC,690.98
2022-08-27,SKU001,LA,452.85
2022-08-27,SKU001,CHI,345.45
2022-08-27,SKU002,NYC,411.86
2022-08-27,SKU002,LA,357.52
2022-08-27,SKU002,CHI,263.07
2022-08-27,SKU003,NYC,666.58
2022-08-27,SKU003,LA,598.17
2022-08-27,SKU003,CHI,553.80
2022-08-27,SKU004,NYC,522.82
2022-08-27,SKU004,LA,338.69
2022-08-27,SKU004,CHI,285.53
2022-08-27,SKU005,NYC,637.42
2022-08-27,SKU005,LA,587.73
2022-08-27,SKU005,CHI,575.41
2022-08-28,SKU001,NYC,573.86
2022-08-28,SKU001,LA,495.34
2022-08-28,SKU001,CHI,362.43
2022-08-28,SKU002,NYC,514.33
2022-08-28,SKU002,LA,320.06
2022-08-28,SKU002,CHI,258.51
2022-08-28,SKU003,NYC,793.57
2022-08-28,SKU003,LA,564.90
2022-08-28,SKU003,CHI,563.04
2022-08-28,SKU004,NYC,489.91
2022-08-28,SKU004,LA,374.17
2022-08-28,SKU004,CHI,307.40
2022-08-28,SKU005,NYC,576.11
2022-08-28,SKU005,LA,559.37
2022-08-28,SKU005,CHI,366.04
2022-08-29,SKU001,NYC,370.69
2022-08-29,SKU001,LA,307.45
2022-08-29,SKU001,CHI,243.54
2022-08-29,SKU002,NYC,252.87
2022-08-29,SKU002,LA,204.93
2022-08-29,SKU002,CHI,201.11
2022-08-29,SKU003,NYC,587.36
2022-08-29,SKU003,LA,420.63
2022-08-29,SKU003,CHI,381.46
2022-08-29,SKU004,NYC,312.28
2022-08-29,SKU004,LA,260.34
2022-08-29,SKU004,CHI,196.97
2022-08-29,SKU005,NYC,499.68
2022-08-29,SKU005,LA,413.31
2022-08-29,SKU005,CHI,271.22
2022-08-30,SKU001,NYC,396.34
2022-08-30,SKU001,LA,308.28
2022-08-30,SKU001,CHI,236.61
2022-08-30,SKU002,NYC,269.15
2022-08-30,SKU002,LA,181.72
2022-08-30,SKU002,CHI,172.09
2022-08-30,SKU003,NYC,613.56
2022-08-30,SKU003,LA,448.78
2022-08-30,SKU003,CHI,304.97
2022-08-30,SKU004,NYC,341.64
2022-08-30,SKU004,LA,272.16
2022-08-30,SKU004,CHI,208.89
2022-08-30,SKU005,NYC,442.01
2022-08-30,SKU005,LA,391.29
2022-08-30,SKU005,CHI,294.47
2022-08-31,SKU001,NYC,385.25
2022-08-31,SKU001,LA,350.86
2022-08-31,SKU001,CHI,282.68
2022-08-31,SKU002,NYC,236.02
2022-08-31,SKU002,LA,215.39
2022-08-31,SKU002,CHI,209.83
2022-08-31,SKU003,NYC,611.84
2022-08-31,SKU003,LA,448.20
2022-08-31,SKU003,CHI,401.43
2022-08-31,SKU004,NYC,364.60
2022-08-31,SKU004,LA,267.51
2022-08-31,SKU004,CHI,173.57
2022-08-31,SKU005,NYC,469.05
2022-08-31,SKU005,LA,342.85
2022-08-31,SKU005,CHI,318.91
2022-09-01,SKU001,NYC,544.46
2022-09-01,SKU001,LA,395.87
2022-09-01,SKU001,CHI,284.75
2022-09-01,SKU002,NYC,283.11
2022-09-01,SKU002,LA,214.72
2022-09-01,SKU002,CHI,172.99
2022-09-01,SKU003,NYC,713.03
2022-09-01,SKU003,LA,554.80
2022-09-01,SKU003,CHI,403.49
2022-09-01,SKU004,NYC,378.69
2022-09-01,SKU004,LA,318.81
2022-09-01,SKU004,CHI,256.08
2022-09-01,SKU005,NYC,635.78
2022-09-01,SKU005,LA,483.22
2022-09-01,SKU005,CHI,298.30
2022-09-02,SKU001,NYC,515.23
2022-09-02,SKU001,LA,313.27
2022-09-02,SKU001,CHI,297.94
2022-09-02,SKU002,NYC,277.52
2022-09-02,SKU002,LA,269.56
2022-09-02,SKU002,CHI,187.78
2022-09-02,SKU003,NYC,531.44
2022-09-02,SKU003,LA,459.88
2022-09-02,SKU003,CHI,444.35
2022-09-02,SKU004,NYC,379.27
2022-09-02,SKU004,LA,343.53
2022-09-02,SKU004,CHI,292.68
2022-09-02,SKU005,NYC,574.34
2022-09-02,SKU005,LA,494.12
2022-09-02,SKU005,CHI,337.72
2022-09-03,SKU001,NYC,603.44
2022-09-03,SKU001,LA,448.89
2022-09-03,SKU001,CHI,428.19
2022-09-03,SKU002,NYC,459.03
2022-09-03,SKU002,LA,384.62
2022-09-03,SKU002,CHI,279.80
2022-09-03,SKU003,NYC,877.42
2022-09-03,SKU003,LA,661.34
2022-09-03,SKU003,CHI,506.73
2022-09-03,SKU004,NYC,530.17
2022-09-03,SKU004,LA,451.23
2022-09-03,SKU004,CHI,410.72
2022-09-03,SKU005,NYC,786.47
2022-09-03,SKU005,LA,543.60
2022-09-03,SKU005,CHI,440.88
2022-09-04,SKU001,NYC,531.99
2022-09-04,SKU001,LA,513.62
2022-09-04,SKU001,CHI,362.90
2022-09-04,SKU002,NYC,480.58
2022-09-04,SKU002,LA,342.19
2022-09-04,SKU002,CHI,300.07
2022-09-04,SKU003,NYC,821.65
2022-09-04,SKU003,LA,697.67
2022-09-04,SKU003,CHI,483.65
2022-09-04,SKU004,NYC,505.59
2022-09-04,SKU004,LA,404.67
2022-09-04,SKU004,CHI,334.77
2022-09-04,SKU005,NYC,745.99
2022-09-04,SKU005,LA,655.84
2022-09-04,SKU005,CHI,468.33
2022-09-05,SKU001,NYC,434.98
2022-09-05,SKU001,LA,345.93
2022-09-05,SKU001,CHI,311.83
2022-09-05,SKU002,NYC,185.85
2022-09-05,SKU002,LA,216.71
2022-09-05,SKU002,CHI,208.59
2022-09-05,SKU003,NYC,397.77
2022-09-05,SKU003,LA,509.03
2022-09-05,SKU003,CHI,357.49
2022-09-05,SKU004,NYC,265.23
2022-09-05,SKU004,LA,297.90
2022-09-05,SKU004,CHI,198.81
2022-09-05,SKU005,NYC,440.04
2022-09-05,SKU005,LA,462.63
2022-09-05,SKU005,CHI,310.33
2022-09-06,SKU001,NYC,365.13
2022-09-06,SKU001,LA,404.14
2022-09-06,SKU001,CHI,294.26
2022-09-06,SKU002,NYC,269.93
2022-09-06,SKU002,LA,214.35
2022-09-06,SKU002,CHI,182.38
2022-09-06,SKU003,NYC,618.86
2022-09-06,SKU003,LA,401.69
2022-09-06,SKU003,CHI,310.97
2022-09-06,SKU004,NYC,377.61
2022-09-06,SKU004,LA,271.22
2022-09-06,SKU004,CHI,225.52
2022-09-06,SKU005,NYC,512.28
2022-09-06,SKU005,LA,389.79
2022-09-06,SKU005,CHI,245.83
2022-09-07,SKU001,NYC,397.26
2022-09-07,SKU001,LA,380.20
2022-09-07,SKU001,CHI,329.36
2022-09-07,SKU002,NYC,277.33
2022-09-07,SKU002,LA,233.20
2022-09-07,SKU002,CHI,212.64
2022-09-07,SKU003,NYC,569.23
2022-09-07,SKU003,LA,460.91
2022-09-07,SKU003,CHI,287.27
2022-09-07,SKU004,NYC,322.53
2022-09-07,SKU004,LA,286.47
2022-09-07,SKU004,CHI,190.39
2022-09-07,SKU005,NYC,471.32
2022-09-07,SKU005,LA,477.35
2022-09-07,SKU005,CHI,317.77
2022-09-08,SKU001,NYC,411.02
2022-09-08,SKU001,LA,324.42
2022-09-08,SKU001,CHI,319.54
2022-09-08,SKU002,NYC,312.61
2022-09-08,SKU002,LA,252.47
2022-09-08,SKU002,CHI,226.22
2022-09-08,SKU003,NYC,653.29
2022-09-08,SKU003,LA,538.57
2022-09-08,SKU003,CHI,438.31
2022-09-08,SKU004,NYC,348.95
2022-09-08,SKU004,LA,310.30
2022-09-08,SKU004,CHI,256.58
2022-09-08,SKU005,NYC,575.40
2022-09-08,SKU005,LA,529.80
2022-09-08,SKU005,CHI,357.59
2022-09-09,SKU001,NYC,444.72
2022-09-09,SKU001,LA,461.62
2022-09-09,SKU001,CHI,326.57
2022-09-09,SKU002,NYC,286.79
2022-09-09,SKU002,LA,269.19
2022-09-09,SKU002,CHI,194.79
2022-09-09,SKU003,NYC,565.79
2022-09-09,SKU003,LA,461.00
2022-09-09,SKU003,CHI,391.71
2022-09-09,SKU004,NYC,482.11
2022-09-09,SKU004,LA,366.80
2022-09-09,SKU004,CHI,303.34
2022-09-09,SKU005,NYC,644.72
2022-09-09,SKU005,LA,478.03
2022-09-09,SKU005,CHI,403.29
2022-09-10,SKU001,NYC,744.64
2022-09-10,SKU001,LA,548.61
2022-09-10,SKU001,CHI,434.25
2022-09-10,SKU002,NYC,555.45
2022-09-10,SKU002,LA,372.90
2022-09-10,SKU002,CHI,346.54
2022-09-10,SKU003,NYC,1039.44
2022-09-10,SKU003,LA,874.39
2022-09-10,SKU003,CHI,674.56
2022-09-10,SKU004,NYC,537.61
2022-09-10,SKU004,LA,536.66
2022-09-10,SKU004,CHI,401.69
2022-09-10,SKU005,NYC,802.04
2022-09-10,SKU005,LA,593.46
2022-09-10,SKU005,CHI,619.37
2022-09-11,SKU001,NYC,534.77
2022-09-11,SKU001,LA,437.47
2022-09-11,SKU001,CHI,495.80
2022-09-11,SKU002,NYC,385.06
2022-09-11,SKU002,LA,349.38
2022-09-11,SKU002,CHI,293.85
2022-09-11,SKU003,NYC,844.06
2022-09-11,SKU003,LA,627.28
2022-09-11,SKU003,CHI,519.20
2022-09-11,SKU004,NYC,566.98
2022-09-11,SKU004,LA,425.07
2022-09-11,SKU004,CHI,349.00
2022-09-11,SKU005,NYC,598.50
2022-09-11,SKU005,LA,599.86
2022-09-11,SKU005,CHI,552.75
2022-09-12,SKU001,NYC,385.61
2022-09-12,SKU001,LA,313.64
2022-09-12,SKU001,CHI,287.69
2022-09-12,SKU002,NYC,304.75
2022-09-12,SKU002,LA,247.61
2022-09-12,SKU002,CHI,180.83
2022-09-12,SKU003,NYC,592.04
2022-09-12,SKU003,LA,533.73
2022-09-12,SKU003,CHI,410.13
2022-09-12,SKU004,NYC,290.83
2022-09-12,SKU004,LA,371.42
2022-09-12,SKU004,CHI,199.35
2022-09-12,SKU005,NYC,440.32
2022-09-12,SKU005,LA,430.93
2022-09-12,SKU005,CHI,331.40
2022-09-13,SKU001,NYC,433.07
2022-09-13,SKU001,LA,393.99
2022-09-13,SKU001,CHI,304.57
2022-09-13,SKU002,NYC,263.11
2022-09-13,SKU002,LA,242.50
2022-09-13,SKU002,CHI,212.09
2022-09-13,SKU003,NYC,611.76
2022-09-13,SKU003,LA,513.10
2022-09-13,SKU003,CHI,399.15
2022-09-13,SKU004,NYC,370.89
2022-09-13,SKU004,LA,273.82
2022-09-13,SKU004,CHI,200.47
2022-09-13,SKU005,NYC,525.69
2022-09-13,SKU005,LA,401.24
2022-09-13,SKU005,CHI,378.10
2022-09-14,SKU001,NYC,383.35
2022-09-14,SKU001,LA,336.66
2022-09-14,SKU001,CHI,268.01
2022-09-14,SKU002,NYC,318.38
2022-09-14,SKU002,LA,260.10
2022-09-14,SKU002,CHI,193.98
2022-09-14,SKU003,NYC,572.45
2022-09-14,SKU003,LA,538.35
2022-09-14,SKU003,CHI,305.44
2022-09-14,SKU004,NYC,374.05
2022-09-14,SKU004,LA,321.33
2022-09-14,SKU004,CHI,260.18
2022-09-14,SKU005,NYC,547.61
2022-09-14,SKU005,LA,389.75
2022-09-14,SKU005,CHI,319.73
2022-09-15,SKU001,NYC,529.38
2022-09-15,SKU001,LA,389.37
2022-09-15,SKU001,CHI,324.44
2022-09-15,SKU002,NYC,291.52
2022-09-15,SKU002,LA,251.88
2022-09-15,SKU002,CHI,236.71
2022-09-15,SKU003,NYC,629.56
2022-09-15,SKU003,LA,506.40
2022-09-15,SKU003,CHI,430.15
2022-09-15,SKU004,NYC,423.77
2022-09-15,SKU004,LA,333.85
2022-09-15,SKU004,CHI,278.98
2022-09-15,SKU005,NYC,604.69
2022-09-15,SKU005,LA,486.92
2022-09-15,SKU005,CHI,399.14
2022-09-16,SKU001,NYC,454.63
2022-09-16,SKU001,LA,394.89
2022-09-16,SKU001,CHI,271.50
2022-09-16,SKU002,NYC,304.59
2022-09-16,SKU002,LA,253.23
2022-09-16,SKU002,CHI,220.70
2022-09-16,SKU003,NYC,735.48
2022-09-16,SKU003,LA,550.16
2022-09-16,SKU003,CHI,447.15
2022-09-16,SKU004,NYC,374.36
2022-09-16,SKU004,LA,354.31
2022-09-16,SKU004,CHI,322.26
2022-09-16,SKU005,NYC,597.13
2022-09-16,SKU005,LA,460.59
2022-09-16,SKU005,CHI,354.77
2022-09-17,SKU001,NYC,668.81
2022-09-17,SKU001,LA,491.95
2022-09-17,SKU001,CHI,465.44
2022-09-17,SKU002,NYC,404.79
2022-09-17,SKU002,LA,313.16
2022-09-17,SKU002,CHI,314.67
2022-09-17,SKU003,NYC,751.54
2022-09-17,SKU003,LA,762.94
2022-09-17,SKU003,CHI,635.17
2022-09-17,SKU004,NYC,507.82
2022-09-17,SKU004,LA,459.22
2022-09-17,SKU004,CHI,409.98
2022-09-17,SKU005,NYC,750.42
2022-09-17,SKU005,LA,760.67
2022-09-17,SKU005,CHI,507.43
2022-09-18,SKU001,NYC,593.39
2022-09-18,SKU001,LA,550.98
2022-09-18,SKU001,CHI,446.35
2022-09-18,SKU002,NYC,503.84
2022-09-18,SKU002,LA,410.52
2022-09-18,SKU002,CHI,312.82
2022-09-18,SKU003,NYC,924.31
2022-09-18,SKU003,LA,735.90
2022-09-18,SKU003,CHI,624.07
2022-09-18,SKU004,NYC,514.22
2022-09-18,SKU004,LA,403.09
2022-09-18,SKU004,CHI,369.11
2022-09-18,SKU005,NYC,1003.60
2022-09-18,SKU005,LA,712.33
2022-09-18,SKU005,CHI,490.36
2022-09-19,SKU001,NYC,490.13
2022-09-19,SKU001,LA,291.64
2022-09-19,SKU001,CHI,279.55
2022-09-19,SKU002,NYC,309.08
2022-09-19,SKU002,LA,231.04
2022-09-19,SKU002,CHI,186.40
2022-09-19,SKU003,NYC,560.19
2022-09-19,SKU003,LA,449.14
2022-09-19,SKU003,CHI,350.13
2022-09-19,SKU004,NYC,317.63
2022-09-19,SKU004,LA,250.57
2022-09-19,SKU004,CHI,214.55
2022-09-19,SKU005,NYC,514.41
2022-09-19,SKU005,LA,476.66
2022-09-19,SKU005,CHI,323.48
2022-09-20,SKU001,NYC,379.83
2022-09-20,SKU001,LA,417.99
2022-09-20,SKU001,CHI,255.19
2022-09-20,SKU002,NYC,301.48
2022-09-20,SKU002,LA,225.57
2022-09-20,SKU002,CHI,184.79
2022-09-20,SKU003,NYC,594.75
2022-09-20,SKU003,LA,499.18
2022-09-20,SKU003,CHI,430.26
2022-09-20,SKU004,NYC,381.85
2022-09-20,SKU004,LA,302.85
2022-09-20,SKU004,CHI,253.51
2022-09-20,SKU005,NYC,468.44
2022-09-20,SKU005,LA,487.89
2022-09-20,SKU005,CHI,366.71
2022-09-21,SKU001,NYC,455.50
2022-09-21,SKU001,LA,383.52
2022-09-21,SKU001,CHI,246.65
2022-09-21,SKU002,NYC,266.02
2022-09-21,SKU002,LA,253.35
2022-09-21,SKU002,CHI,202.93
2022-09-21,SKU003,NYC,608.44
2022-09-21,SKU003,LA,484.57
2022-09-21,SKU003,CHI,376.49
2022-09-21,SKU004,NYC,404.78
2022-09-21,SKU004,LA,310.11
2022-09-21,SKU004,CHI,257.60
2022-09-21,SKU005,NYC,587.53
2022-09-21,SKU005,LA,492.61
2022-09-21,SKU005,CHI,360.98
2022-09-22,SKU001,NYC,550.50
2022-09-22,SKU001,LA,439.09
2022-09-22,SKU001,CHI,378.87
2022-09-22,SKU002,NYC,435.50
2022-09-22,SKU002,LA,264.64
2022-09-22,SKU002,CHI,218.62
2022-09-22,SKU003,NYC,787.80
2022-09-22,SKU003,LA,577.30
2022-09-22,SKU003,CHI,433.91
2022-09-22,SKU004,NYC,395.45
2022-09-22,SKU004,LA,387.32
2022-09-22,SKU004,CHI,299.17
2022-09-22,SKU005,NYC,744.98
2022-09-22,SKU005,LA,512.30
2022-09-22,SKU005,CHI,450.90
2022-09-23,SKU001,NYC,600.92
2022-09-23,SKU001,LA,368.08
2022-09-23,SKU001,CHI,307.55
2022-09-23,SKU002,NYC,365.93
2022-09-23,SKU002,LA,279.88
2022-09-23,SKU002,CHI,227.50
2022-09-23,SKU003,NYC,638.15
2022-09-23,SKU003,LA,561.00
2022-09-23,SKU003,CHI,414.36
2022-09-23,SKU004,NYC,372.25
2022-09-23,SKU004,LA,369.43
2022-09-23,SKU004,CHI,288.14
2022-09-23,SKU005,NYC,684.45
2022-09-23,SKU005,LA,546.64
2022-09-23,SKU005,CHI,433.24
2022-09-24,SKU001,NYC,724.13
2022-09-24,SKU001,LA,509.85
2022-09-24,SKU001,CHI,426.57
2022-09-24,SKU002,NYC,478.04
2022-09-24,SKU002,LA,423.96
2022-09-24,SKU002,CHI,330.22
2022-09-24,SKU003,NYC,873.56
2022-09-24,SKU003,LA,729.87
2022-09-24,SKU003,CHI,609.85
2022-09-24,SKU004,NYC,492.99
2022-09-24,SKU004,LA,503.96
2022-09-24,SKU004,CHI,400.34
2022-09-24,SKU005,NYC,890.01
2022-09-24,SKU005,LA,746.04
2022-09-24,SKU005,CHI,597.08
2022-09-25,SKU001,NYC,549.06
2022-09-25,SKU001,LA,576.47
2022-09-25,SKU001,CHI,386.53
2022-09-25,SKU002,NYC,422.84
2022-09-25,SKU002,LA,384.30
2022-09-25,SKU002,CHI,348.44
2022-09-25,SKU003,NYC,926.33
2022-09-25,SKU003,LA,764.49
2022-09-25,SKU003,CHI,704.50
2022-09-25,SKU004,NYC,573.45
2022-09-25,SKU004,LA,422.31
2022-09-25,SKU004,CHI,321.27
2022-09-25,SKU005,NYC,746.82
2022-09-25,SKU005,LA,689.50
2022-09-25,SKU005,CHI,461.45
2022-09-26,SKU001,NYC,463.83
2022-09-26,SKU001,LA,381.74
2022-09-26,SKU001,CHI,274.91
2022-09-26,SKU002,NYC,310.16
2022-09-26,SKU002,LA,269.02
2022-09-26,SKU002,CHI,191.71
2022-09-26,SKU003,NYC,632.14
2022-09-26,SKU003,LA,455.64
2022-09-26,SKU003,CHI,415.72
2022-09-26,SKU004,NYC,421.37
2022-09-26,SKU004,LA,316.34
2022-09-26,SKU004,CHI,213.95
2022-09-26,SKU005,NYC,542.32
2022-09-26,SKU005,LA,451.59
2022-09-26,SKU005,CHI,327.50
2022-09-27,SKU001,NYC,390.15
2022-09-27,SKU001,LA,357.78
2022-09-27,SKU001,CHI,323.42
2022-09-27,SKU002,NYC,333.56
2022-09-27,SKU002,LA,287.78
2022-09-27,SKU002,CHI,204.64
2022-09-27,SKU003,NYC,707.94
2022-09-27,SKU003,LA,451.36
2022-09-27,SKU003,CHI,411.85
2022-09-27,SKU004,NYC,360.47
2022-09-27,SKU004,LA,353.73
2022-09-27,SKU004,CHI,247.05
2022-09-27,SKU005,NYC,484.35
2022-09-27,SKU005,LA,460.96
2022-09-27,SKU005,CHI,319.66
2022-09-28,SKU001,NYC,409.27
2022-09-28,SKU001,LA,408.27
2022-09-28,SKU001,CHI,298.31
2022-09-28,SKU002,NYC,336.21
2022-09-28,SKU002,LA,235.55
2022-09-28,SKU002,CHI,233.25
2022-09-28,SKU003,NYC,583.98
2022-09-28,SKU003,LA,398.38
2022-09-28,SKU003,CHI,360.77
2022-09-28,SKU004,NYC,319.17
2022-09-28,SKU004,LA,263.92
2022-09-28,SKU004,CHI,259.97
2022-09-28,SKU005,NYC,562.46
2022-09-28,SKU005,LA,478.90
2022-09-28,SKU005,CHI,335.08
2022-09-29,SKU001,NYC,558.04
2022-09-29,SKU001,LA,376.73
2022-09-29,SKU001,CHI,336.19
2022-09-29,SKU002,NYC,360.17
2022-09-29,SKU002,LA,287.59
2022-09-29,SKU002,CHI,246.44
2022-09-29,SKU003,NYC,700.87
2022-09-29,SKU003,LA,612.97
2022-09-29,SKU003,CHI,482.53
2022-09-29,SKU004,NYC,480.27
2022-09-29,SKU004,LA,347.79
2022-09-29,SKU004,CHI,311.31
2022-09-29,SKU005,NYC,659.15
2022-09-29,SKU005,LA,547.45
2022-09-29,SKU005,CHI,433.28
2022-09-30,SKU001,NYC,417.44
2022-09-30,SKU001,LA,528.56
2022-09-30,SKU001,CHI,322.33
2022-09-30,SKU002,NYC,338.31
2022-09-30,SKU002,LA,296.45
2022-09-30,SKU002,CHI,212.95
2022-09-30,SKU003,NYC,828.83
2022-09-30,SKU003,LA,551.59
2022-09-30,SKU003,CHI,438.25
2022-09-30,SKU004,NYC,403.77
2022-09-30,SKU004,LA,382.95
2022-09-30,SKU004,CHI,334.50
2022-09-30,SKU005,NYC,661.89
2022-09-30,SKU005,LA,495.36
2022-09-30,SKU005,CHI,486.36
2022-10-01,SKU001,NYC,714.63
2022-10-01,SKU001,LA,537.27
2022-10-01,SKU001,CHI,459.95
2022-10-01,SKU002,NYC,486.24
2022-10-01,SKU002,LA,409.43
2022-10-01,SKU002,CHI,320.01
2022-10-01,SKU003,NYC,923.63
2022-10-01,SKU003,LA,910.89
2022-10-01,SKU003,CHI,788.35
2022-10-01,SKU004,NYC,584.79
2022-10-01,SKU004,LA,435.10
2022-10-01,SKU004,CHI,342.98
2022-10-01,SKU005,NYC,909.88
2022-10-01,SKU005,LA,587.33
2022-10-01,SKU005,CHI,550.77
2022-10-02,SKU001,NYC,725.52
2022-10-02,SKU001,LA,592.20
2022-10-02,SKU001,CHI,446.48
2022-10-02,SKU002,NYC,570.59
2022-10-02,SKU002,LA,433.66
2022-10-02,SKU002,CHI,306.21
2022-10-02,SKU003,NYC,998.01
2022-10-02,SKU003,LA,757.08
2022-10-02,SKU003,CHI,585.16
2022-10-02,SKU004,NYC,553.77
2022-10-02,SKU004,LA,537.97
2022-10-02,SKU004,CHI,363.35
2022-10-02,SKU005,NYC,839.26
2022-10-02,SKU005,LA,776.26
2022-10-02,SKU005,CHI,580.66
2022-10-03,SKU001,NYC,469.35
2022-10-03,SKU001,LA,356.53
2022-10-03,SKU001,CHI,376.77
2022-10-03,SKU002,NYC,342.41
2022-10-03,SKU002,LA,201.28
2022-10-03,SKU002,CHI,238.52
2022-10-03,SKU003,NYC,529.64
2022-10-03,SKU003,LA,437.01
2022-10-03,SKU003,CHI,376.92
2022-10-03,SKU004,NYC,426.74
2022-10-03,SKU004,LA,307.28
2022-10-03,SKU004,CHI,258.03
2022-10-03,SKU005,NYC,462.47
2022-10-03,SKU005,LA,512.41
2022-10-03,SKU005,CHI,360.23
2022-10-04,SKU001,NYC,400.95
2022-10-04,SKU001,LA,396.04
2022-10-04,SKU001,CHI,321.90
2022-10-04,SKU002,NYC,320.55
2022-10-04,SKU002,LA,299.08
2022-10-04,SKU002,CHI,224.27
2022-10-04,SKU003,NYC,702.16
2022-10-04,SKU003,LA,505.93
2022-10-04,SKU003,CHI,411.43
2022-10-04,SKU004,NYC,413.54
2022-10-04,SKU004,LA,353.96
2022-10-04,SKU004,CHI,245.31
2022-10-04,SKU005,NYC,662.84
2022-10-04,SKU005,LA,470.09
2022-10-04,SKU005,CHI,371.96
2022-10-05,SKU001,NYC,482.68
2022-10-05,SKU001,LA,352.25
2022-10-05,SKU001,CHI,257.44
2022-10-05,SKU002,NYC,384.80
2022-10-05,SKU002,LA,294.30
2022-10-05,SKU002,CHI,193.13
2022-10-05,SKU003,NYC,621.50
2022-10-05,SKU003,LA,542.77
2022-10-05,SKU003,CHI,388.79
2022-10-05,SKU004,NYC,437.01
2022-10-05,SKU004,LA,302.77
2022-10-05,SKU004,CHI,280.11
2022-10-05,SKU005,NYC,524.83
2022-10-05,SKU005,LA,490.46
2022-10-05,SKU005,CHI,431.31
2022-10-06,SKU001,NYC,572.03
2022-10-06,SKU001,LA,432.89
2022-10-06,SKU001,CHI,372.15
2022-10-06,SKU002,NYC,404.41
2022-10-06,SKU002,LA,300.78
2022-10-06,SKU002,CHI,241.46
2022-10-06,SKU003,NYC,852.02
2022-10-06,SKU003,LA,687.98
2022-10-06,SKU003,CHI,450.89
2022-10-06,SKU004,NYC,392.00
2022-10-06,SKU004,LA,327.98
2022-10-06,SKU004,CHI,267.46
2022-10-06,SKU005,NYC,643.10
2022-10-06,SKU005,LA,547.41
2022-10-06,SKU005,CHI,380.21
2022-10-07,SKU001,NYC,556.88
2022-10-07,SKU001,LA,324.32
2022-10-07,SKU001,CHI,370.71
2022-10-07,SKU002,NYC,439.51
2022-10-07,SKU002,LA,277.19
2022-10-07,SKU002,CHI,179.73
2022-10-07,SKU003,NYC,739.58
2022-10-07,SKU003,LA,648.69
2022-10-07,SKU003,CHI,465.17
2022-10-07,SKU004,NYC,463.74
2022-10-07,SKU004,LA,426.59
2022-10-07,SKU004,CHI,353.31
2022-10-07,SKU005,NYC,704.54
2022-10-07,SKU005,LA,485.52
2022-10-07,SKU005,CHI,450.70
2022-10-08,SKU001,NYC,644.26
2022-10-08,SKU001,LA,595.63
2022-10-08,SKU001,CHI,465.73
2022-10-08,SKU002,NYC,466.02
2022-10-08,SKU002,LA,474.92
2022-10-08,SKU002,CHI,321.99
2022-10-08,SKU003,NYC,809.04
2022-10-08,SKU003,LA,821.44
2022-10-08,SKU003,CHI,676.56
2022-10-08,SKU004,NYC,594.78
2022-10-08,SKU004,LA,454.92
2022-10-08,SKU004,CHI,377.45
2022-10-08,SKU005,NYC,816.85
2022-10-08,SKU005,LA,686.80
2022-10-08,SKU005,CHI,538.03
2022-10-09,SKU001,NYC,702.91
2022-10-09,SKU001,LA,517.79
2022-10-09,SKU001,CHI,491.02
2022-10-09,SKU002,NYC,457.41
2022-10-09,SKU002,LA,449.80
2022-10-09,SKU002,CHI,343.43
2022-10-09,SKU003,NYC,1097.23
2022-10-09,SKU003,LA,686.28
2022-10-09,SKU003,CHI,725.48
2022-10-09,SKU004,NYC,587.20
2022-10-09,SKU004,LA,525.74
2022-10-09,SKU004,CHI,431.32
2022-10-09,SKU005,NYC,955.46
2022-10-09,SKU005,LA,730.87
2022-10-09,SKU005,CHI,607.54
2022-10-10,SKU001,NYC,467.56
2022-10-10,SKU001,LA,421.85
2022-10-10,SKU001,CHI,286.54
2022-10-10,SKU002,NYC,338.94
2022-10-10,SKU002,LA,313.25
2022-10-10,SKU002,CHI,260.75
2022-10-10,SKU003,NYC,692.98
2022-10-10,SKU003,LA,598.00
2022-10-10,SKU003,CHI,439.26
2022-10-10,SKU004,NYC,431.10
2022-10-10,SKU004,LA,388.21
2022-10-10,SKU004,CHI,258.59
2022-10-10,SKU005,NYC,481.49
2022-10-10,SKU005,LA,468.84
2022-10-10,SKU005,CHI,388.67
2022-10-11,SKU001,NYC,434.74
2022-10-11,SKU001,LA,347.52
2022-10-11,SKU001,CHI,300.28
2022-10-11,SKU002,NYC,286.82
2022-10-11,SKU002,LA,297.41
2022-10-11,SKU002,CHI,255.20
2022-10-11,SKU003,NYC,671.12
2022-10-11,SKU003,LA,450.82
2022-10-11,SKU003,CHI,427.78
2022-10-11,SKU004,NYC,357.92
2022-10-11,SKU004,LA,335.40
2022-10-11,SKU004,CHI,239.53
2022-10-11,SKU005,NYC,631.26
2022-10-11,SKU005,LA,512.61
2022-10-11,SKU005,CHI,370.89
2022-10-12,SKU001,NYC,499.65
2022-10-12,SKU001,LA,398.89
2022-10-12,SKU001,CHI,371.88
2022-10-12,SKU002,NYC,265.89
2022-10-12,SKU002,LA,284.90
2022-10-12,SKU002,CHI,246.09
2022-10-12,SKU003,NYC,608.05
2022-10-12,SKU003,LA,499.75
2022-10-12,SKU003,CHI,428.26
2022-10-12,SKU004,NYC,356.89
2022-10-12,SKU004,LA,309.96
2022-10-12,SKU004,CHI,235.19
2022-10-12,SKU005,NYC,566.91
2022-10-12,SKU005,LA,380.35
2022-10-12,SKU005,CHI,361.58
2022-10-13,SKU001,NYC,593.17
2022-10-13,SKU001,LA,450.44
2022-10-13,SKU001,CHI,359.10
2022-10-13,SKU002,NYC,422.62
2022-10-13,SKU002,LA,374.12
2022-10-13,SKU002,CHI,239.45
2022-10-13,SKU003,NYC,835.39
2022-10-13,SKU003,LA,512.54
2022-10-13,SKU003,CHI,454.99
2022-10-13,SKU004,NYC,489.03
2022-10-13,SKU004,LA,396.77
2022-10-13,SKU004,CHI,313.13
2022-10-13,SKU005,NYC,740.76
2022-10-13,SKU005,LA,556.65
2022-10-13,SKU005,CHI,489.19
2022-10-14,SKU001,NYC,536.40
2022-10-14,SKU001,LA,440.49
2022-10-14,SKU001,CHI,305.49
2022-10-14,SKU002,NYC,415.58
2022-10-14,SKU002,LA,296.23
2022-10-14,SKU002,CHI,285.65
2022-10-14,SKU003,NYC,824.07
2022-10-14,SKU003,LA,609.89
2022-10-14,SKU003,CHI,503.35
2022-10-14,SKU004,NYC,475.14
2022-10-14,SKU004,LA,380.30
2022-10-14,SKU004,CHI,265.31
2022-10-14,SKU005,NYC,783.54
2022-10-14,SKU005,LA,538.08
2022-10-14,SKU005,CHI,480.54
2022-10-15,SKU001,NYC,757.42
2022-10-15,SKU001,LA,631.08
2022-10-15,SKU001,CHI,501.39
2022-10-15,SKU002,NYC,554.27
2022-10-15,SKU002,LA,386.43
2022-10-15,SKU002,CHI,372.22
2022-10-15,SKU003,NYC,993.05
2022-10-15,SKU003,LA,817.23
2022-10-15,SKU003,CHI,624.20
2022-10-15,SKU004,NYC,605.20
2022-10-15,SKU004,LA,535.97
2022-10-15,SKU004,CHI,357.80
2022-10-15,SKU005,NYC,739.79
2022-10-15,SKU005,LA,724.14
2022-10-15,SKU005,CHI,637.50
2022-10-16,SKU001,NYC,716.67
2022-10-16,SKU001,LA,700.05
2022-10-16,SKU001,CHI,556.34
2022-10-16,SKU002,NYC,581.35
2022-10-16,SKU002,LA,486.57
2022-10-16,SKU002,CHI,348.85
2022-10-16,SKU003,NYC,1036.22
2022-10-16,SKU003,LA,761.44
2022-10-16,SKU003,CHI,478.18
2022-10-16,SKU004,NYC,634.94
2022-10-16,SKU004,LA,469.26
2022-10-16,SKU004,CHI,398.62
2022-10-16,SKU005,NYC,674.12
2022-10-16,SKU005,LA,814.66
2022-10-16,SKU005,CHI,585.99
2022-10-17,SKU001,NYC,456.20
2022-10-17,SKU001,LA,357.37
2022-10-17,SKU001,CHI,296.96
2022-10-17,SKU002,NYC,306.25
2022-10-17,SKU002,LA,251.75
2022-10-17,SKU002,CHI,191.54
2022-10-17,SKU003,NYC,630.12
2022-10-17,SKU003,LA,518.21
2022-10-17,SKU003,CHI,465.96
2022-10-17,SKU004,NYC,330.29
2022-10-17,SKU004,LA,318.81
2022-10-17,SKU004,CHI,243.16
2022-10-17,SKU005,NYC,608.93
2022-10-17,SKU005,LA,488.14
2022-10-17,SKU005,CHI,425.90
2022-10-18,SKU001,NYC,576.09
2022-10-18,SKU001,LA,405.57
2022-10-18,SKU001,CHI,341.62
2022-10-18,SKU002,NYC,310.63
2022-10-18,SKU002,LA,276.29
2022-10-18,SKU002,CHI,224.43
2022-10-18,SKU003,NYC,784.23
2022-10-18,SKU003,LA,477.02
2022-10-18,SKU003,CHI,424.92
2022-10-18,SKU004,NYC,402.65
2022-10-18,SKU004,LA,309.63
2022-10-18,SKU004,CHI,277.35
2022-10-18,SKU005,NYC,591.98
2022-10-18,SKU005,LA,498.51
2022-10-18,SKU005,CHI,365.64
2022-10-19,SKU001,NYC,524.29
2022-10-19,SKU001,LA,369.14
2022-10-19,SKU001,CHI,313.49
2022-10-19,SKU002,NYC,365.57
2022-10-19,SKU002,LA,320.11
2022-10-19,SKU002,CHI,207.82
2022-10-19,SKU003,NYC,688.84
2022-10-19,SKU003,LA,535.76
2022-10-19,SKU003,CHI,477.43
2022-10-19,SKU004,NYC,407.79
2022-10-19,SKU004,LA,393.11
2022-10-19,SKU004,CHI,310.07
2022-10-19,SKU005,NYC,535.66
2022-10-19,SKU005,LA,478.35
2022-10-19,SKU005,CHI,365.92
2022-10-20,SKU001,NYC,572.01
2022-10-20,SKU001,LA,393.23
2022-10-20,SKU001,CHI,320.10
2022-10-20,SKU002,NYC,438.48
2022-10-20,SKU002,LA,342.88
2022-10-20,SKU002,CHI,285.25
2022-10-20,SKU003,NYC,696.41
2022-10-20,SKU003,LA,571.00
2022-10-20,SKU003,CHI,500.58
2022-10-20,SKU004,NYC,541.97
2022-10-20,SKU004,LA,399.76
2022-10-20,SKU004,CHI,323.23
2022-10-20,SKU005,NYC,783.31
2022-10-20,SKU005,LA,606.15
2022-10-20,SKU005,CHI,475.69
2022-10-21,SKU001,NYC,603.45
2022-10-21,SKU001,LA,473.07
2022-10-21,SKU001,CHI,446.52
2022-10-21,SKU002,NYC,395.12
2022-10-21,SKU002,LA,308.77
2022-10-21,SKU002,CHI,284.34
2022-10-21,SKU003,NYC,841.21
2022-10-21,SKU003,LA,610.17
2022-10-21,SKU003,CHI,549.40
2022-10-21,SKU004,NYC,529.20
2022-10-21,SKU004,LA,264.69
2022-10-21,SKU004,CHI,263.58
2022-10-21,SKU005,NYC,731.57
2022-10-21,SKU005,LA,531.62
2022-10-21,SKU005,CHI,548.02
2022-10-22,SKU001,NYC,935.33
2022-10-22,SKU001,LA,747.30
2022-10-22,SKU001,CHI,607.71
2022-10-22,SKU002,NYC,601.30
2022-10-22,SKU002,LA,487.44
2022-10-22,SKU002,CHI,421.77
2022-10-22,SKU003,NYC,1323.74
2022-10-22,SKU003,LA,847.47
2022-10-22,SKU003,CHI,821.37
2022-10-22,SKU004,NYC,714.23
2022-10-22,SKU004,LA,628.58
2022-10-22,SKU004,CHI,461.09
2022-10-22,SKU005,NYC,1117.20
2022-10-22,SKU005,LA,819.39
2022-10-22,SKU005,CHI,732.75
2022-10-23,SKU001,NYC,737.86
2022-10-23,SKU001,LA,526.19
2022-10-23,SKU001,CHI,526.18
2022-10-23,SKU002,NYC,375.68
2022-10-23,SKU002,LA,419.17
2022-10-23,SKU002,CHI,296.49
2022-10-23,SKU003,NYC,1031.96
2022-10-23,SKU003,LA,810.25
2022-10-23,SKU003,CHI,725.53
2022-10-23,SKU004,NYC,612.67
2022-10-23,SKU004,LA,509.99
2022-10-23,SKU004,CHI,463.58
2022-10-23,SKU005,NYC,878.33
2022-10-23,SKU005,LA,765.34
2022-10-23,SKU005,CHI,701.68
2022-10-24,SKU001,NYC,529.93
2022-10-24,SKU001,LA,496.32
2022-10-24,SKU001,CHI,346.56
2022-10-24,SKU002,NYC,324.72
2022-10-24,SKU002,LA,316.42
2022-10-24,SKU002,CHI,249.67
2022-10-24,SKU003,NYC,642.10
2022-10-24,SKU003,LA,579.82
2022-10-24,SKU003,CHI,436.46
2022-10-24,SKU004,NYC,430.63
2022-10-24,SKU004,LA,342.95
2022-10-24,SKU004,CHI,269.92
2022-10-24,SKU005,NYC,706.53
2022-10-24,SKU005,LA,526.69
2022-10-24,SKU005,CHI,349.35
2022-10-25,SKU001,NYC,509.09
2022-10-25,SKU001,LA,403.15
2022-10-25,SKU001,CHI,342.87
2022-10-25,SKU002,NYC,352.26
2022-10-25,SKU002,LA,297.17
2022-10-25,SKU002,CHI,190.39
2022-10-25,SKU003,NYC,558.53
2022-10-25,SKU003,LA,629.30
2022-10-25,SKU003,CHI,440.42
2022-10-25,SKU004,NYC,466.61
2022-10-25,SKU004,LA,361.04
2022-10-25,SKU004,CHI,259.73
2022-10-25,SKU005,NYC,504.17
2022-10-25,SKU005,LA,531.37
2022-10-25,SKU005,CHI,425.31
2022-10-26,SKU001,NYC,587.96
2022-10-26,SKU001,LA,408.51
2022-10-26,SKU001,CHI,336.10
2022-10-26,SKU002,NYC,282.73
2022-10-26,SKU002,LA,270.15
2022-10-26,SKU002,CHI,235.74
2022-10-26,SKU003,NYC,641.31
2022-10-26,SKU003,LA,505.45
2022-10-26,SKU003,CHI,505.90
2022-10-26,SKU004,NYC,479.02
2022-10-26,SKU004,LA,307.30
2022-10-26,SKU004,CHI,277.96
2022-10-26,SKU005,NYC,582.63
2022-10-26,SKU005,LA,582.58
2022-10-26,SKU005,CHI,415.44
2022-10-27,SKU001,NYC,625.82
2022-10-27,SKU001,LA,446.11
2022-10-27,SKU001,CHI,445.96
2022-10-27,SKU002,NYC,395.16
2022-10-27,SKU002,LA,402.68
2022-10-27,SKU002,CHI,301.22
2022-10-27,SKU003,NYC,733.44
2022-10-27,SKU003,LA,688.21
2022-10-27,SKU003,CHI,535.74
2022-10-27,SKU004,NYC,476.46
2022-10-27,SKU004,LA,436.48
2022-10-27,SKU004,CHI,324.00
2022-10-27,SKU005,NYC,720.61
2022-10-27,SKU005,LA,561.01
2022-10-27,SKU005,CHI,443.40
2022-10-28,SKU001,NYC,596.98
2022-10-28,SKU001,LA,502.52
2022-10-28,SKU001,CHI,437.45
2022-10-28,SKU002,NYC,353.27
2022-10-28,SKU002,LA,344.34
2022-10-28,SKU002,CHI,315.83
2022-10-28,SKU003,NYC,733.71
2022-10-28,SKU003,LA,587.46
2022-10-28,SKU003,CHI,476.10
2022-10-28,SKU004,NYC,527.44
2022-10-28,SKU004,LA,355.73
2022-10-28,SKU004,CHI,326.47
2022-10-28,SKU005,NYC,672.78
2022-10-28,SKU005,LA,566.28
2022-10-28,SKU005,CHI,465.96
2022-10-29,SKU001,NYC,743.66
2022-10-29,SKU001,LA,620.17
2022-10-29,SKU001,CHI,512.28
2022-10-29,SKU002,NYC,547.18
2022-10-29,SKU002,LA,423.90
2022-10-29,SKU002,CHI,371.95
2022-10-29,SKU003,NYC,977.26
2022-10-29,SKU003,LA,816.57
2022-10-29,SKU003,CHI,687.19
2022-10-29,SKU004,NYC,527.94
2022-10-29,SKU004,LA,487.50
2022-10-29,SKU004,CHI,396.50
2022-10-29,SKU005,NYC,844.27
2022-10-29,SKU005,LA,765.57
2022-10-29,SKU005,CHI,581.00
2022-10-30,SKU001,NYC,704.37
2022-10-30,SKU001,LA,711.44
2022-10-30,SKU001,CHI,624.25
2022-10-30,SKU002,NYC,587.59
2022-10-30,SKU002,LA,458.67
2022-10-30,SKU002,CHI,396.36
2022-10-30,SKU003,NYC,1062.10
2022-10-30,SKU003,LA,835.75
2022-10-30,SKU003,CHI,694.15
2022-10-30,SKU004,NYC,617.76
2022-10-30,SKU004,LA,415.24
2022-10-30,SKU004,CHI,390.30
2022-10-30,SKU005,NYC,865.33
2022-10-30,SKU005,LA,824.32
2022-10-30,SKU005,CHI,598.78
2022-10-31,SKU001,NYC,416.79
2022-10-31,SKU001,LA,422.34
2022-10-31,SKU001,CHI,348.56
2022-10-31,SKU002,NYC,377.47
2022-10-31,SKU002,LA,302.73
2022-10-31,SKU002,CHI,289.53
2022-10-31,SKU003,NYC,616.81
2022-10-31,SKU003,LA,636.96
2022-10-31,SKU003,CHI,491.73
2022-10-31,SKU004,NYC,392.55
2022-10-31,SKU004,LA,344.85
2022-10-31,SKU004,CHI,258.61
2022-10-31,SKU005,NYC,611.26
2022-10-31,SKU005,LA,492.93
2022-10-31,SKU005,CHI,394.27
2022-11-01,SKU001,NYC,509.52
2022-11-01,SKU001,LA,380.82
2022-11-01,SKU001,CHI,378.07
2022-11-01,SKU002,NYC,382.41
2022-11-01,SKU002,LA,272.58
2022-11-01,SKU002,CHI,254.58
2022-11-01,SKU003,NYC,606.23
2022-11-01,SKU003,LA,463.83
2022-11-01,SKU003,CHI,465.86
2022-11-01,SKU004,NYC,443.37
2022-11-01,SKU004,LA,324.43
2022-11-01,SKU004,CHI,295.01
2022-11-01,SKU005,NYC,742.63
2022-11-01,SKU005,LA,673.28
2022-11-01,SKU005,CHI,377.80
2022-11-02,SKU001,NYC,527.98
2022-11-02,SKU001,LA,373.72
2022-11-02,SKU001,CHI,437.37
2022-11-02,SKU002,NYC,337.19
2022-11-02,SKU002,LA,319.06
2022-11-02,SKU002,CHI,237.25
2022-11-02,SKU003,NYC,607.67
2022-11-02,SKU003,LA,554.54
2022-11-02,SKU003,CHI,391.68
2022-11-02,SKU004,NYC,394.61
2022-11-02,SKU004,LA,341.90
2022-11-02,SKU004,CHI,287.38
2022-11-02,SKU005,NYC,481.35
2022-11-02,SKU005,LA,515.63
2022-11-02,SKU005,CHI,521.23
2022-11-03,SKU001,NYC,545.83
2022-11-03,SKU001,LA,519.08
2022-11-03,SKU001,CHI,385.14
2022-11-03,SKU002,NYC,298.55
2022-11-03,SKU002,LA,312.11
2022-11-03,SKU002,CHI,258.34
2022-11-03,SKU003,NYC,869.68
2022-11-03,SKU003,LA,665.80
2022-11-03,SKU003,CHI,522.74
2022-11-03,SKU004,NYC,530.85
2022-11-03,SKU004,LA,419.82
2022-11-03,SKU004,CHI,326.11
2022-11-03,SKU005,NYC,784.12
2022-11-03,SKU005,LA,528.21
2022-11-03,SKU005,CHI,479.90
2022-11-04,SKU001,NYC,680.76
2022-11-04,SKU001,LA,396.23
2022-11-04,SKU001,CHI,371.41
2022-11-04,SKU002,NYC,423.62
2022-11-04,SKU002,LA,355.54
2022-11-04,SKU002,CHI,268.71
2022-11-04,SKU003,NYC,838.66
2022-11-04,SKU003,LA,610.67
2022-11-04,SKU003,CHI,588.57
2022-11-04,SKU004,NYC,508.43
2022-11-04,SKU004,LA,491.04
2022-11-04,SKU004,CHI,360.63
2022-11-04,SKU005,NYC,777.89
2022-11-04,SKU005,LA,701.35
2022-11-04,SKU005,CHI,452.00
2022-11-05,SKU001,NYC,765.48
2022-11-05,SKU001,LA,542.15
2022-11-05,SKU001,CHI,571.50
2022-11-05,SKU002,NYC,633.64
2022-11-05,SKU002,LA,431.09
2022-11-05,SKU002,CHI,318.35
2022-11-05,SKU003,NYC,1166.21
2022-11-05,SKU003,LA,809.17
2022-11-05,SKU003,CHI,663.61
2022-11-05,SKU004,NYC,750.15
2022-11-05,SKU004,LA,522.29
2022-11-05,SKU004,CHI,425.30
2022-11-05,SKU005,NYC,1116.16
2022-11-05,SKU005,LA,848.35
2022-11-05,SKU005,CHI,572.63
2022-11-06,SKU001,NYC,909.78
2022-11-06,SKU001,LA,544.21
2022-11-06,SKU001,CHI,580.28
2022-11-06,SKU002,NYC,571.87
2022-11-06,SKU002,LA,430.51
2022-11-06,SKU002,CHI,335.13
2022-11-06,SKU003,NYC,934.28
2022-11-06,SKU003,LA,1027.48
2022-11-06,SKU003,CHI,709.53
2022-11-06,SKU004,NYC,610.67
2022-11-06,SKU004,LA,574.32
2022-11-06,SKU004,CHI,486.86
2022-11-06,SKU005,NYC,994.76
2022-11-06,SKU005,LA,859.34
2022-11-06,SKU005,CHI,703.99
2022-11-07,SKU001,NYC,521.45
2022-11-07,SKU001,LA,445.68
2022-11-07,SKU001,CHI,341.62
2022-11-07,SKU002,NYC,321.91
2022-11-07,SKU002,LA,260.08
2022-11-07,SKU002,CHI,248.99
2022-11-07,SKU003,NYC,640.39
2022-11-07,SKU003,LA,573.14
2022-11-07,SKU003,CHI,448.10
2022-11-07,SKU004,NYC,468.71
2022-11-07,SKU004,LA,366.01
2022-11-07,SKU004,CHI,293.56
2022-11-07,SKU005,NYC,614.01
2022-11-07,SKU005,LA,519.49
2022-11-07,SKU005,CHI,407.09
2022-11-08,SKU001,NYC,532.73
2022-11-08,SKU001,LA,358.45
2022-11-08,SKU001,CHI,345.82
2022-11-08,SKU002,NYC,371.46
2022-11-08,SKU002,LA,310.32
2022-11-08,SKU002,CHI,213.12
2022-11-08,SKU003,NYC,661.96
2022-11-08,SKU003,LA,553.96
2022-11-08,SKU003,CHI,435.83
2022-11-08,SKU004,NYC,376.20
2022-11-08,SKU004,LA,318.16
2022-11-08,SKU004,CHI,285.81
2022-11-08,SKU005,NYC,658.32
2022-11-08,SKU005,LA,536.05
2022-11-08,SKU005,CHI,385.76
2022-11-09,SKU001,NYC,541.14
2022-11-09,SKU001,LA,425.60
2022-11-09,SKU001,CHI,330.17
2022-11-09,SKU002,NYC,325.95
2022-11-09,SKU002,LA,284.07
2022-11-09,SKU002,CHI,256.62
2022-11-09,SKU003,NYC,680.13
2022-11-09,SKU003,LA,570.28
2022-11-09,SKU003,CHI,415.68
2022-11-09,SKU004,NYC,549.18
2022-11-09,SKU004,LA,276.77
2022-11-09,SKU004,CHI,228.20
2022-11-09,SKU005,NYC,602.26
2022-11-09,SKU005,LA,540.25
2022-11-09,SKU005,CHI,498.90
2022-11-10,SKU001,NYC,646.14
2022-11-10,SKU001,LA,527.54
2022-11-10,SKU001,CHI,447.39
2022-11-10,SKU002,NYC,427.63
2022-11-10,SKU002,LA,283.99
2022-11-10,SKU002,CHI,289.60
2022-11-10,SKU003,NYC,834.99
2022-11-10,SKU003,LA,828.79
2022-11-10,SKU003,CHI,505.54
2022-11-10,SKU004,NYC,570.02
2022-11-10,SKU004,LA,364.56
2022-11-10,SKU004,CHI,389.31
2022-11-10,SKU005,NYC,759.73
2022-11-10,SKU005,LA,677.12
2022-11-10,SKU005,CHI,535.04
2022-11-11,SKU001,NYC,855.16
2022-11-11,SKU001,LA,673.91
2022-11-11,SKU001,CHI,498.90
2022-11-11,SKU002,NYC,543.18
2022-11-11,SKU002,LA,424.79
2022-11-11,SKU002,CHI,363.85
2022-11-11,SKU003,NYC,893.72
2022-11-11,SKU003,LA,902.85
2022-11-11,SKU003,CHI,779.44
2022-11-11,SKU004,NYC,739.09
2022-11-11,SKU004,LA,622.06
2022-11-11,SKU004,CHI,446.57
2022-11-11,SKU005,NYC,962.22
2022-11-11,SKU005,LA,793.62
2022-11-11,SKU005,CHI,677.09
2022-11-12,SKU001,NYC,860.35
2022-11-12,SKU001,LA,691.61
2022-11-12,SKU001,CHI,463.18
2022-11-12,SKU002,NYC,629.53
2022-11-12,SKU002,LA,483.09
2022-11-12,SKU002,CHI,405.40
2022-11-12,SKU003,NYC,1073.23
2022-11-12,SKU003,LA,866.51
2022-11-12,SKU003,CHI,849.70
2022-11-12,SKU004,NYC,590.55
2022-11-12,SKU004,LA,458.05
2022-11-12,SKU004,CHI,528.85
2022-11-12,SKU005,NYC,1003.35
2022-11-12,SKU005,LA,781.52
2022-11-12,SKU005,CHI,614.99
2022-11-13,SKU001,NYC,643.23
2022-11-13,SKU001,LA,795.75
2022-11-13,SKU001,CHI,574.28
2022-11-13,SKU002,NYC,582.82
2022-11-13,SKU002,LA,500.23
2022-11-13,SKU002,CHI,335.88
2022-11-13,SKU003,NYC,1119.30
2022-11-13,SKU003,LA,988.70
2022-11-13,SKU003,CHI,556.17
2022-11-13,SKU004,NYC,702.26
2022-11-13,SKU004,LA,593.57
2022-11-13,SKU004,CHI,446.33
2022-11-13,SKU005,NYC,895.28
2022-11-13,SKU005,LA,805.00
2022-11-13,SKU005,CHI,624.84
2022-11-14,SKU001,NYC,546.44
2022-11-14,SKU001,LA,416.04
2022-11-14,SKU001,CHI,378.41
2022-11-14,SKU002,NYC,344.55
2022-11-14,SKU002,LA,287.08
2022-11-14,SKU002,CHI,270.57
2022-11-14,SKU003,NYC,690.13
2022-11-14,SKU003,LA,615.58
2022-11-14,SKU003,CHI,406.94
2022-11-14,SKU004,NYC,500.33
2022-11-14,SKU004,LA,309.35
2022-11-14,SKU004,CHI,292.33
2022-11-14,SKU005,NYC,629.37
2022-11-14,SKU005,LA,495.58
2022-11-14,SKU005,CHI,417.44
2022-11-15,SKU001,NYC,593.74
2022-11-15,SKU001,LA,516.97
2022-11-15,SKU001,CHI,343.98
2022-11-15,SKU002,NYC,351.15
2022-11-15,SKU002,LA,246.49
2022-11-15,SKU002,CHI,284.42
2022-11-15,SKU003,NYC,628.06
2022-11-15,SKU003,LA,532.53
2022-11-15,SKU003,CHI,473.58
2022-11-15,SKU004,NYC,467.15
2022-11-15,SKU004,LA,417.91
2022-11-15,SKU004,CHI,353.23
2022-11-15,SKU005,NYC,694.02
2022-11-15,SKU005,LA,511.98
2022-11-15,SKU005,CHI,401.99
2022-11-16,SKU001,NYC,520.15
2022-11-16,SKU001,LA,476.84
2022-11-16,SKU001,CHI,386.79
2022-11-16,SKU002,NYC,387.45
2022-11-16,SKU002,LA,246.50
2022-11-16,SKU002,CHI,229.52
2022-11-16,SKU003,NYC,807.20
2022-11-16,SKU003,LA,555.84
2022-11-16,SKU003,CHI,465.94
2022-11-16,SKU004,NYC,555.01
2022-11-16,SKU004,LA,360.72
2022-11-16,SKU004,CHI,332.11
2022-11-16,SKU005,NYC,765.82
2022-11-16,SKU005,LA,579.93
2022-11-16,SKU005,CHI,412.49
2022-11-17,SKU001,NYC,482.01
2022-11-17,SKU001,LA,475.62
2022-11-17,SKU001,CHI,443.02
2022-11-17,SKU002,NYC,455.68
2022-11-17,SKU002,LA,400.54
2022-11-17,SKU002,CHI,255.09
2022-11-17,SKU003,NYC,847.27
2022-11-17,SKU003,LA,550.33
2022-11-17,SKU003,CHI,504.91
2022-11-17,SKU004,NYC,541.28
2022-11-17,SKU004,LA,334.91
2022-11-17,SKU004,CHI,370.70
2022-11-17,SKU005,NYC,902.40
2022-11-17,SKU005,LA,544.35
2022-11-17,SKU005,CHI,495.35
2022-11-18,SKU001,NYC,733.15
2022-11-18,SKU001,LA,547.47
2022-11-18,SKU001,CHI,433.67
2022-11-18,SKU002,NYC,435.70
2022-11-18,SKU002,LA,309.94
2022-11-18,SKU002,CHI,283.45
2022-11-18,SKU003,NYC,939.55
2022-11-18,SKU003,LA,699.74
2022-11-18,SKU003,CHI,595.02
2022-11-18,SKU004,NYC,496.43
2022-11-18,SKU004,LA,391.82
2022-11-18,SKU004,CHI,328.57
2022-11-18,SKU005,NYC,683.96
2022-11-18,SKU005,LA,550.26
2022-11-18,SKU005,CHI,508.63
2022-11-19,SKU001,NYC,796.29
2022-11-19,SKU001,LA,615.25
2022-11-19,SKU001,CHI,581.11
2022-11-19,SKU002,NYC,509.16
2022-11-19,SKU002,LA,487.80
2022-11-19,SKU002,CHI,392.96
2022-11-19,SKU003,NYC,1265.05
2022-11-19,SKU003,LA,934.57
2022-11-19,SKU003,CHI,780.01
2022-11-19,SKU004,NYC,675.85
2022-11-19,SKU004,LA,480.37
2022-11-19,SKU004,CHI,485.50
2022-11-19,SKU005,NYC,1163.21
2022-11-19,SKU005,LA,819.64
2022-11-19,SKU005,CHI,802.98
2022-11-20,SKU001,NYC,891.93
2022-11-20,SKU001,LA,816.56
2022-11-20,SKU001,CHI,534.47
2022-11-20,SKU002,NYC,512.75
2022-11-20,SKU002,LA,471.38
2022-11-20,SKU002,CHI,347.77
2022-11-20,SKU003,NYC,1108.11
2022-11-20,SKU003,LA,883.58
2022-11-20,SKU003,CHI,736.28
2022-11-20,SKU004,NYC,666.01
2022-11-20,SKU004,LA,505.48
2022-11-20,SKU004,CHI,424.32
2022-11-20,SKU005,NYC,1124.71
2022-11-20,SKU005,LA,826.42
2022-11-20,SKU005,CHI,576.15
2022-11-21,SKU001,NYC,426.98
2022-11-21,SKU001,LA,431.34
2022-11-21,SKU001,CHI,366.51
2022-11-21,SKU002,NYC,324.97
2022-11-21,SKU002,LA,252.17
2022-11-21,SKU002,CHI,259.42
2022-11-21,SKU003,NYC,939.17
2022-11-21,SKU003,LA,644.90
2022-11-21,SKU003,CHI,427.24
2022-11-21,SKU004,NYC,435.01
2022-11-21,SKU004,LA,362.47
2022-11-21,SKU004,CHI,256.14
2022-11-21,SKU005,NYC,562.08
2022-11-21,SKU005,LA,537.14
2022-11-21,SKU005,CHI,470.38
2022-11-22,SKU001,NYC,549.36
2022-11-22,SKU001,LA,416.00
2022-11-22,SKU001,CHI,375.41
2022-11-22,SKU002,NYC,388.34
2022-11-22,SKU002,LA,277.36
2022-11-22,SKU002,CHI,216.10
2022-11-22,SKU003,NYC,759.15
2022-11-22,SKU003,LA,661.80
2022-11-22,SKU003,CHI,494.70
2022-11-22,SKU004,NYC,492.94
2022-11-22,SKU004,LA,421.36
2022-11-22,SKU004,CHI,249.03
2022-11-22,SKU005,NYC,686.56
2022-11-22,SKU005,LA,617.85
2022-11-22,SKU005,CHI,486.31
2022-11-23,SKU001,NYC,613.35
2022-11-23,SKU001,LA,421.01
2022-11-23,SKU001,CHI,382.22
2022-11-23,SKU002,NYC,398.43
2022-11-23,SKU002,LA,289.68
2022-11-23,SKU002,CHI,251.19
2022-11-23,SKU003,NYC,619.29
2022-11-23,SKU003,LA,544.82
2022-11-23,SKU003,CHI,491.89
2022-11-23,SKU004,NYC,488.10
2022-11-23,SKU004,LA,368.02
2022-11-23,SKU004,CHI,339.61
2022-11-23,SKU005,NYC,754.23
2022-11-23,SKU005,LA,493.29
2022-11-23,SKU005,CHI,433.20
2022-11-24,SKU001,NYC,600.68
2022-11-24,SKU001,LA,570.50
2022-11-24,SKU001,CHI,451.97
2022-11-24,SKU002,NYC,401.10
2022-11-24,SKU002,LA,396.62
2022-11-24,SKU002,CHI,252.10
2022-11-24,SKU003,NYC,941.15
2022-11-24,SKU003,LA,530.50
2022-11-24,SKU003,CHI,551.26
2022-11-24,SKU004,NYC,483.58
2022-11-24,SKU004,LA,463.00
2022-11-24,SKU004,CHI,355.71
2022-11-24,SKU005,NYC,604.18
2022-11-24,SKU005,LA,558.04
2022-11-24,SKU005,CHI,485.55
2022-11-25,SKU001,NYC,1771.37
2022-11-25,SKU001,LA,1535.20
2022-11-25,SKU001,CHI,1127.93
2022-11-25,SKU002,NYC,1246.15
2022-11-25,SKU002,LA,840.63
2022-11-25,SKU002,CHI,757.58
2022-11-25,SKU003,NYC,2135.27
2022-11-25,SKU003,LA,1567.35
2022-11-25,SKU003,CHI,1356.41
2022-11-25,SKU004,NYC,1256.53
2022-11-25,SKU004,LA,1135.39
2022-11-25,SKU004,CHI,911.72
2022-11-25,SKU005,NYC,1831.59
2022-11-25,SKU005,LA,1529.00
2022-11-25,SKU005,CHI,1046.37
2022-11-26,SKU001,NYC,866.58
2022-11-26,SKU001,LA,680.31
2022-11-26,SKU001,CHI,548.34
2022-11-26,SKU002,NYC,599.14
2022-11-26,SKU002,LA,449.99
2022-11-26,SKU002,CHI,342.25
2022-11-26,SKU003,NYC,1032.09
2022-11-26,SKU003,LA,883.72
2022-11-26,SKU003,CHI,748.07
2022-11-26,SKU004,NYC,637.46
2022-11-26,SKU004,LA,540.55
2022-11-26,SKU004,CHI,392.23
2022-11-26,SKU005,NYC,968.31
2022-11-26,SKU005,LA,694.25
2022-11-26,SKU005,CHI,628.50
2022-11-27,SKU001,NYC,870.74
2022-11-27,SKU001,LA,700.24
2022-11-27,SKU001,CHI,542.15
2022-11-27,SKU002,NYC,556.18
2022-11-27,SKU002,LA,516.81
2022-11-27,SKU002,CHI,334.60
2022-11-27,SKU003,NYC,1148.57
2022-11-27,SKU003,LA,850.94
2022-11-27,SKU003,CHI,753.69
2022-11-27,SKU004,NYC,669.18
2022-11-27,SKU004,LA,535.50
2022-11-27,SKU004,CHI,467.16
2022-11-27,SKU005,NYC,945.82
2022-11-27,SKU005,LA,740.43
2022-11-27,SKU005,CHI,641.54
2022-11-28,SKU001,NYC,473.07
2022-11-28,SKU001,LA,457.33
2022-11-28,SKU001,CHI,338.70
2022-11-28,SKU002,NYC,325.44
2022-11-28,SKU002,LA,321.75
2022-11-28,SKU002,CHI,258.33
2022-11-28,SKU003,NYC,706.98
2022-11-28,SKU003,LA,582.68
2022-11-28,SKU003,CHI,524.04
2022-11-28,SKU004,NYC,432.83
2022-11-28,SKU004,LA,380.31
2022-11-28,SKU004,CHI,262.93
2022-11-28,SKU005,NYC,699.14
2022-11-28,SKU005,LA,543.96
2022-11-28,SKU005,CHI,464.36
2022-11-29,SKU001,NYC,526.89
2022-11-29,SKU001,LA,417.42
2022-11-29,SKU001,CHI,317.72
2022-11-29,SKU002,NYC,365.32
2022-11-29,SKU002,LA,296.57
2022-11-29,SKU002,CHI,216.42
2022-11-29,SKU003,NYC,811.55
2022-11-29,SKU003,LA,662.75
2022-11-29,SKU003,CHI,383.04
2022-11-29,SKU004,NYC,350.18
2022-11-29,SKU004,LA,314.81
2022-11-29,SKU004,CHI,301.62
2022-11-29,SKU005,NYC,840.99
2022-11-29,SKU005,LA,487.39
2022-11-29,SKU005,CHI,428.14
2022-11-30,SKU001,NYC,614.70
2022-11-30,SKU001,LA,429.61
2022-11-30,SKU001,CHI,401.95
2022-11-30,SKU002,NYC,408.38
2022-11-30,SKU002,LA,310.34
2022-11-30,SKU002,CHI,270.96
2022-11-30,SKU003,NYC,789.92
2022-11-30,SKU003,LA,517.49
2022-11-30,SKU003,CHI,473.14
2022-11-30,SKU004,NYC,417.94
2022-11-30,SKU004,LA,372.77
2022-11-30,SKU004,CHI,261.25
2022-11-30,SKU005,NYC,598.06
2022-11-30,SKU005,LA,556.63
2022-11-30,SKU005,CHI,442.51
2022-12-01,SKU001,NYC,727.45
2022-12-01,SKU001,LA,543.64
2022-12-01,SKU001,CHI,486.96
2022-12-01,SKU002,NYC,497.58
2022-12-01,SKU002,LA,408.33
2022-12-01,SKU002,CHI,189.62
2022-12-01,SKU003,NYC,785.14
2022-12-01,SKU003,LA,741.96
2022-12-01,SKU003,CHI,492.22
2022-12-01,SKU004,NYC,497.59
2022-12-01,SKU004,LA,467.03
2022-12-01,SKU004,CHI,351.88
2022-12-01,SKU005,NYC,755.30
2022-12-01,SKU005,LA,765.16
2022-12-01,SKU005,CHI,499.71
2022-12-02,SKU001,NYC,710.77
2022-12-02,SKU001,LA,530.42
2022-12-02,SKU001,CHI,430.68
2022-12-02,SKU002,NYC,424.65
2022-12-02,SKU002,LA,336.18
2022-12-02,SKU002,CHI,287.12
2022-12-02,SKU003,NYC,735.64
2022-12-02,SKU003,LA,753.39
2022-12-02,SKU003,CHI,574.42
2022-12-02,SKU004,NYC,502.75
2022-12-02,SKU004,LA,473.06
2022-12-02,SKU004,CHI,314.06
2022-12-02,SKU005,NYC,629.49
2022-12-02,SKU005,LA,680.60
2022-12-02,SKU005,CHI,450.49
2022-12-03,SKU001,NYC,716.37
2022-12-03,SKU001,LA,705.08
2022-12-03,SKU001,CHI,608.65
2022-12-03,SKU002,NYC,528.57
2022-12-03,SKU002,LA,435.04
2022-12-03,SKU002,CHI,439.69
2022-12-03,SKU003,NYC,952.30
2022-12-03,SKU003,LA,1002.47
2022-12-03,SKU003,CHI,771.07
2022-12-03,SKU004,NYC,634.70
2022-12-03,SKU004,LA,562.53
2022-12-03,SKU004,CHI,417.01
2022-12-03,SKU005,NYC,952.19
2022-12-03,SKU005,LA,837.13
2022-12-03,SKU005,CHI,632.02
2022-12-04,SKU001,NYC,696.11
2022-12-04,SKU001,LA,744.00
2022-12-04,SKU001,CHI,522.04
2022-12-04,SKU002,NYC,619.49
2022-12-04,SKU002,LA,470.79
2022-12-04,SKU002,CHI,490.12
2022-12-04,SKU003,NYC,1172.16
2022-12-04,SKU003,LA,800.61
2022-12-04,SKU003,CHI,638.58
2022-12-04,SKU004,NYC,623.63
2022-12-04,SKU004,LA,546.40
2022-12-04,SKU004,CHI,381.22
2022-12-04,SKU005,NYC,906.42
2022-12-04,SKU005,LA,852.49
2022-12-04,SKU005,CHI,574.52
2022-12-05,SKU001,NYC,540.03
2022-12-05,SKU001,LA,465.16
2022-12-05,SKU001,CHI,327.11
2022-12-05,SKU002,NYC,398.21
2022-12-05,SKU002,LA,315.60
2022-12-05,SKU002,CHI,277.72
2022-12-05,SKU003,NYC,775.00
2022-12-05,SKU003,LA,592.70
2022-12-05,SKU003,CHI,476.83
2022-12-05,SKU004,NYC,469.02
2022-12-05,SKU004,LA,387.71
2022-12-05,SKU004,CHI,248.28
2022-12-05,SKU005,NYC,730.62
2022-12-05,SKU005,LA,525.96
2022-12-05,SKU005,CHI,496.33
2022-12-06,SKU001,NYC,555.79
2022-12-06,SKU001,LA,425.45
2022-12-06,SKU001,CHI,364.00
2022-12-06,SKU002,NYC,430.01
2022-12-06,SKU002,LA,289.74
2022-12-06,SKU002,CHI,207.74
2022-12-06,SKU003,NYC,708.84
2022-12-06,SKU003,LA,682.54
2022-12-06,SKU003,CHI,561.98
2022-12-06,SKU004,NYC,495.04
2022-12-06,SKU004,LA,294.64
2022-12-06,SKU004,CHI,292.04
2022-12-06,SKU005,NYC,637.43
2022-12-06,SKU005,LA,548.02
2022-12-06,SKU005,CHI,397.42
2022-12-07,SKU001,NYC,531.46
2022-12-07,SKU001,LA,401.49
2022-12-07,SKU001,CHI,448.86
2022-12-07,SKU002,NYC,378.44
2022-12-07,SKU002,LA,297.26
2022-12-07,SKU002,CHI,219.70
2022-12-07,SKU003,NYC,797.89
2022-12-07,SKU003,LA,642.19
2022-12-07,SKU003,CHI,541.83
2022-12-07,SKU004,NYC,464.62
2022-12-07,SKU004,LA,356.68
2022-12-07,SKU004,CHI,277.58
2022-12-07,SKU005,NYC,618.93
2022-12-07,SKU005,LA,535.84
2022-12-07,SKU005,CHI,477.39
2022-12-08,SKU001,NYC,607.97
2022-12-08,SKU001,LA,551.47
2022-12-08,SKU001,CHI,461.28
2022-12-08,SKU002,NYC,422.80
2022-12-08,SKU002,LA,405.21
2022-12-08,SKU002,CHI,307.69
2022-12-08,SKU003,NYC,890.26
2022-12-08,SKU003,LA,712.65
2022-12-08,SKU003,CHI,581.52
2022-12-08,SKU004,NYC,483.20
2022-12-08,SKU004,LA,403.63
2022-12-08,SKU004,CHI,361.28
2022-12-08,SKU005,NYC,859.81
2022-12-08,SKU005,LA,642.53
2022-12-08,SKU005,CHI,552.57
2022-12-09,SKU001,NYC,629.10
2022-12-09,SKU001,LA,494.63
2022-12-09,SKU001,CHI,429.85
2022-12-09,SKU002,NYC,460.26
2022-12-09,SKU002,LA,343.92
2022-12-09,SKU002,CHI,277.94
2022-12-09,SKU003,NYC,815.64
2022-12-09,SKU003,LA,728.20
2022-12-09,SKU003,CHI,487.70
2022-12-09,SKU004,NYC,543.56
2022-12-09,SKU004,LA,452.40
2022-12-09,SKU004,CHI,359.94
2022-12-09,SKU005,NYC,745.57
2022-12-09,SKU005,LA,676.74
2022-12-09,SKU005,CHI,468.55
2022-12-10,SKU001,NYC,897.81
2022-12-10,SKU001,LA,874.53
2022-12-10,SKU001,CHI,561.78
2022-12-10,SKU002,NYC,625.73
2022-12-10,SKU002,LA,525.16
2022-12-10,SKU002,CHI,474.86
2022-12-10,SKU003,NYC,1108.57
2022-12-10,SKU003,LA,1015.66
2022-12-10,SKU003,CHI,769.67
2022-12-10,SKU004,NYC,930.49
2022-12-10,SKU004,LA,646.85
2022-12-10,SKU004,CHI,504.55
2022-12-10,SKU005,NYC,1205.91
2022-12-10,SKU005,LA,1079.48
2022-12-10,SKU005,CHI,630.12
2022-12-11,SKU001,NYC,747.68
2022-12-11,SKU001,LA,713.83
2022-12-11,SKU001,CHI,523.66
2022-12-11,SKU002,NYC,493.71
2022-12-11,SKU002,LA,446.69
2022-12-11,SKU002,CHI,390.64
2022-12-11,SKU003,NYC,1153.63
2022-12-11,SKU003,LA,1113.53
2022-12-11,SKU003,CHI,622.74
2022-12-11,SKU004,NYC,586.57
2022-12-11,SKU004,LA,504.49
2022-12-11,SKU004,CHI,503.70
2022-12-11,SKU005,NYC,936.58
2022-12-11,SKU005,LA,727.08
2022-12-11,SKU005,CHI,741.55
2022-12-12,SKU001,NYC,507.84
2022-12-12,SKU001,LA,508.00
2022-12-12,SKU001,CHI,373.47
2022-12-12,SKU002,NYC,352.44
2022-12-12,SKU002,LA,342.63
2022-12-12,SKU002,CHI,272.15
2022-12-12,SKU003,NYC,840.78
2022-12-12,SKU003,LA,583.96
2022-12-12,SKU003,CHI,471.80
2022-12-12,SKU004,NYC,516.73
2022-12-12,SKU004,LA,417.08
2022-12-12,SKU004,CHI,308.01
2022-12-12,SKU005,NYC,615.95
2022-12-12,SKU005,LA,502.22
2022-12-12,SKU005,CHI,384.56
2022-12-13,SKU001,NYC,494.36
2022-12-13,SKU001,LA,447.81
2022-12-13,SKU001,CHI,322.22
2022-12-13,SKU002,NYC,404.82
2022-12-13,SKU002,LA,233.53
2022-12-13,SKU002,CHI,231.57
2022-12-13,SKU003,NYC,681.67
2022-12-13,SKU003,LA,646.62
2022-12-13,SKU003,CHI,513.10
2022-12-13,SKU004,NYC,395.16
2022-12-13,SKU004,LA,384.10
2022-12-13,SKU004,CHI,269.04
2022-12-13,SKU005,NYC,693.28
2022-12-13,SKU005,LA,492.90
2022-12-13,SKU005,CHI,454.85
2022-12-14,SKU001,NYC,629.59
2022-12-14,SKU001,LA,550.81
2022-12-14,SKU001,CHI,405.76
2022-12-14,SKU002,NYC,338.79
2022-12-14,SKU002,LA,298.46
2022-12-14,SKU002,CHI,228.34
2022-12-14,SKU003,NYC,687.16
2022-12-14,SKU003,LA,503.26
2022-12-14,SKU003,CHI,457.12
2022-12-14,SKU004,NYC,501.17
2022-12-14,SKU004,LA,459.59
2022-12-14,SKU004,CHI,313.58
2022-12-14,SKU005,NYC,687.79
2022-12-14,SKU005,LA,599.54
2022-12-14,SKU005,CHI,378.36
2022-12-15,SKU001,NYC,591.47
2022-12-15,SKU001,LA,581.78
2022-12-15,SKU001,CHI,420.70
2022-12-15,SKU002,NYC,428.22
2022-12-15,SKU002,LA,402.13
2022-12-15,SKU002,CHI,239.87
2022-12-15,SKU003,NYC,961.91
2022-12-15,SKU003,LA,659.51
2022-12-15,SKU003,CHI,606.60
2022-12-15,SKU004,NYC,530.53
2022-12-15,SKU004,LA,474.28
2022-12-15,SKU004,CHI,388.76
2022-12-15,SKU005,NYC,713.21
2022-12-15,SKU005,LA,716.63
2022-12-15,SKU005,CHI,555.80
2022-12-16,SKU001,NYC,738.46
2022-12-16,SKU001,LA,510.17
2022-12-16,SKU001,CHI,482.06
2022-12-16,SKU002,NYC,477.11
2022-12-16,SKU002,LA,354.21
2022-12-16,SKU002,CHI,326.15
2022-12-16,SKU003,NYC,829.64
2022-12-16,SKU003,LA,783.68
2022-12-16,SKU003,CHI,568.72
2022-12-16,SKU004,NYC,536.36
2022-12-16,SKU004,LA,445.19
2022-12-16,SKU004,CHI,389.62
2022-12-16,SKU005,NYC,787.05
2022-12-16,SKU005,LA,700.03
2022-12-16,SKU005,CHI,561.03
2022-12-17,SKU001,NYC,768.25
2022-12-17,SKU001,LA,765.11
2022-12-17,SKU001,CHI,642.84
2022-12-17,SKU002,NYC,607.79
2022-12-17,SKU002,LA,501.43
2022-12-17,SKU002,CHI,352.67
2022-12-17,SKU003,NYC,1265.12
2022-12-17,SKU003,LA,790.62
2022-12-17,SKU003,CHI,757.86
2022-12-17,SKU004,NYC,796.86
2022-12-17,SKU004,LA,535.33
2022-12-17,SKU004,CHI,484.77
2022-12-17,SKU005,NYC,957.60
2022-12-17,SKU005,LA,917.16
2022-12-17,SKU005,CHI,590.99
2022-12-18,SKU001,NYC,806.00
2022-12-18,SKU001,LA,655.86
2022-12-18,SKU001,CHI,566.12
2022-12-18,SKU002,NYC,479.96
2022-12-18,SKU002,LA,554.62
2022-12-18,SKU002,CHI,397.52
2022-12-18,SKU003,NYC,1066.17
2022-12-18,SKU003,LA,1073.23
2022-12-18,SKU003,CHI,745.53
2022-12-18,SKU004,NYC,707.71
2022-12-18,SKU004,LA,591.59
2022-12-18,SKU004,CHI,533.19
2022-12-18,SKU005,NYC,1049.29
2022-12-18,SKU005,LA,768.93
2022-12-18,SKU005,CHI,694.84
2022-12-19,SKU001,NYC,572.82
2022-12-19,SKU001,LA,456.94
2022-12-19,SKU001,CHI,342.69
2022-12-19,SKU002,NYC,347.63
2022-12-19,SKU002,LA,261.68
2022-12-19,SKU002,CHI,264.26
2022-12-19,SKU003,NYC,671.93
2022-12-19,SKU003,LA,571.67
2022-12-19,SKU003,CHI,513.64
2022-12-19,SKU004,NYC,499.88
2022-12-19,SKU004,LA,337.05
2022-12-19,SKU004,CHI,290.23
2022-12-19,SKU005,NYC,649.05
2022-12-19,SKU005,LA,591.54
2022-12-19,SKU005,CHI,403.60
2022-12-20,SKU001,NYC,505.69
2022-12-20,SKU001,LA,477.41
2022-12-20,SKU001,CHI,344.42
2022-12-20,SKU002,NYC,339.31
2022-12-20,SKU002,LA,314.83
2022-12-20,SKU002,CHI,229.04
2022-12-20,SKU003,NYC,713.17
2022-12-20,SKU003,LA,689.47
2022-12-20,SKU003,CHI,480.18
2022-12-20,SKU004,NYC,445.00
2022-12-20,SKU004,LA,358.30
2022-12-20,SKU004,CHI,255.03
2022-12-20,SKU005,NYC,687.84
2022-12-20,SKU005,LA,620.49
2022-12-20,SKU005,CHI,507.46
2022-12-21,SKU001,NYC,706.70
2022-12-21,SKU001,LA,444.64
2022-12-21,SKU001,CHI,373.94
2022-12-21,SKU002,NYC,336.60
2022-12-21,SKU002,LA,373.54
2022-12-21,SKU002,CHI,277.14
2022-12-21,SKU003,NYC,803.76
2022-12-21,SKU003,LA,647.55
2022-12-21,SKU003,CHI,482.38
2022-12-21,SKU004,NYC,336.66
2022-12-21,SKU004,LA,422.96
2022-12-21,SKU004,CHI,320.85
2022-12-21,SKU005,NYC,693.43
2022-12-21,SKU005,LA,516.79
2022-12-21,SKU005,CHI,489.77
2022-12-22,SKU001,NYC,666.14
2022-12-22,SKU001,LA,549.83
2022-12-22,SKU001,CHI,383.48
2022-12-22,SKU002,NYC,395.00
2022-12-22,SKU002,LA,367.45
2022-12-22,SKU002,CHI,293.46
2022-12-22,SKU003,NYC,773.02
2022-12-22,SKU003,LA,843.67
2022-12-22,SKU003,CHI,549.94
2022-12-22,SKU004,NYC,527.23
2022-12-22,SKU004,LA,453.76
2022-12-22,SKU004,CHI,405.89
2022-12-22,SKU005,NYC,733.78
2022-12-22,SKU005,LA,650.55
2022-12-22,SKU005,CHI,462.70
2022-12-23,SKU001,NYC,714.60
2022-12-23,SKU001,LA,561.94
2022-12-23,SKU001,CHI,438.01
2022-12-23,SKU002,NYC,457.51
2022-12-23,SKU002,LA,438.03
2022-12-23,SKU002,CHI,293.31
2022-12-23,SKU003,NYC,812.37
2022-12-23,SKU003,LA,677.33
2022-12-23,SKU003,CHI,634.46
2022-12-23,SKU004,NYC,561.81
2022-12-23,SKU004,LA,463.40
2022-12-23,SKU004,CHI,330.80
2022-12-23,SKU005,NYC,838.99
2022-12-23,SKU005,LA,702.77
2022-12-23,SKU005,CHI,535.97
2022-12-24,SKU001,NYC,829.59
2022-12-24,SKU001,LA,733.73
2022-12-24,SKU001,CHI,582.84
2022-12-24,SKU002,NYC,550.45
2022-12-24,SKU002,LA,466.79
2022-12-24,SKU002,CHI,319.35
2022-12-24,SKU003,NYC,1188.48
2022-12-24,SKU003,LA,924.31
2022-12-24,SKU003,CHI,863.50
2022-12-24,SKU004,NYC,566.57
2022-12-24,SKU004,LA,584.43
2022-12-24,SKU004,CHI,487.01
2022-12-24,SKU005,NYC,961.96
2022-12-24,SKU005,LA,903.47
2022-12-24,SKU005,CHI,709.00
2022-12-25,SKU001,NYC,354.00
2022-12-25,SKU001,LA,273.63
2022-12-25,SKU001,CHI,152.93
2022-12-25,SKU002,NYC,233.09
2022-12-25,SKU002,LA,194.50
2022-12-25,SKU002,CHI,142.87
2022-12-25,SKU003,NYC,389.09
2022-12-25,SKU003,LA,393.32
2022-12-25,SKU003,CHI,310.87
2022-12-25,SKU004,NYC,319.31
2022-12-25,SKU004,LA,211.27
2022-12-25,SKU004,CHI,205.64
2022-12-25,SKU005,NYC,414.38
2022-12-25,SKU005,LA,327.62
2022-12-25,SKU005,CHI,289.55
2022-12-26,SKU001,NYC,597.56
2022-12-26,SKU001,LA,433.79
2022-12-26,SKU001,CHI,423.79
2022-12-26,SKU002,NYC,378.54
2022-12-26,SKU002,LA,276.04
2022-12-26,SKU002,CHI,223.21
2022-12-26,SKU003,NYC,811.60
2022-12-26,SKU003,LA,577.08
2022-12-26,SKU003,CHI,493.04
2022-12-26,SKU004,NYC,455.37
2022-12-26,SKU004,LA,371.27
2022-12-26,SKU004,CHI,329.82
2022-12-26,SKU005,NYC,643.56
2022-12-26,SKU005,LA,500.93
2022-12-26,SKU005,CHI,347.03
2022-12-27,SKU001,NYC,542.72
2022-12-27,SKU001,LA,445.60
2022-12-27,SKU001,CHI,411.49
2022-12-27,SKU002,NYC,351.10
2022-12-27,SKU002,LA,346.95
2022-12-27,SKU002,CHI,244.51
2022-12-27,SKU003,NYC,858.93
2022-12-27,SKU003,LA,551.23
2022-12-27,SKU003,CHI,468.96
2022-12-27,SKU004,NYC,480.97
2022-12-27,SKU004,LA,419.94
2022-12-27,SKU004,CHI,325.61
2022-12-27,SKU005,NYC,585.79
2022-12-27,SKU005,LA,624.69
2022-12-27,SKU005,CHI,450.28
2022-12-28,SKU001,NYC,459.62
2022-12-28,SKU001,LA,431.94
2022-12-28,SKU001,CHI,353.25
2022-12-28,SKU002,NYC,347.35
2022-12-28,SKU002,LA,355.69
2022-12-28,SKU002,CHI,265.19
2022-12-28,SKU003,NYC,816.07
2022-12-28,SKU003,LA,556.76
2022-12-28,SKU003,CHI,406.83
2022-12-28,SKU004,NYC,470.54
2022-12-28,SKU004,LA,376.43
2022-12-28,SKU004,CHI,326.03
2022-12-28,SKU005,NYC,720.53
2022-12-28,SKU005,LA,572.04
2022-12-28,SKU005,CHI,486.71
2022-12-29,SKU001,NYC,650.55
2022-12-29,SKU001,LA,549.04
2022-12-29,SKU001,CHI,515.55
2022-12-29,SKU002,NYC,501.17
2022-12-29,SKU002,LA,331.02
2022-12-29,SKU002,CHI,249.13
2022-12-29,SKU003,NYC,978.49
2022-12-29,SKU003,LA,686.63
2022-12-29,SKU003,CHI,566.81
2022-12-29,SKU004,NYC,503.49
2022-12-29,SKU004,LA,455.54
2022-12-29,SKU004,CHI,338.28
2022-12-29,SKU005,NYC,700.35
2022-12-29,SKU005,LA,544.23
2022-12-29,SKU005,CHI,403.22
2022-12-30,SKU001,NYC,577.24
2022-12-30,SKU001,LA,603.58
2022-12-30,SKU001,CHI,389.84
2022-12-30,SKU002,NYC,442.63
2022-12-30,SKU002,LA,411.19
2022-12-30,SKU002,CHI,334.64
2022-12-30,SKU003,NYC,813.20
2022-12-30,SKU003,LA,768.69
2022-12-30,SKU003,CHI,552.56
2022-12-30,SKU004,NYC,426.46
2022-12-30,SKU004,LA,483.05
2022-12-30,SKU004,CHI,356.55
2022-12-30,SKU005,NYC,725.02
2022-12-30,SKU005,LA,675.91
2022-12-30,SKU005,CHI,547.49
2022-12-31,SKU001,NYC,852.32
2022-12-31,SKU001,LA,630.99
2022-12-31,SKU001,CHI,549.15
2022-12-31,SKU002,NYC,594.02
2022-12-31,SKU002,LA,516.55
2022-12-31,SKU002,CHI,375.98
2022-12-31,SKU003,NYC,997.75
2022-12-31,SKU003,LA,972.04
2022-12-31,SKU003,CHI,838.25
2022-12-31,SKU004,NYC,646.31
2022-12-31,SKU004,LA,601.67
2022-12-31,SKU004,CHI,506.19
2022-12-31,SKU005,NYC,1142.04
2022-12-31,SKU005,LA,976.34
2022-12-31,SKU005,CHI,708.00
2023-01-01,SKU001,NYC,697.55
2023-01-01,SKU001,LA,578.47
2023-01-01,SKU001,CHI,373.92
2023-01-01,SKU002,NYC,433.43
2023-01-01,SKU002,LA,358.57
2023-01-01,SKU002,CHI,261.08
2023-01-01,SKU003,NYC,789.32
2023-01-01,SKU003,LA,543.59
2023-01-01,SKU003,CHI,582.78
2023-01-01,SKU004,NYC,543.75
2023-01-01,SKU004,LA,465.74
2023-01-01,SKU004,CHI,379.20
2023-01-01,SKU005,NYC,707.81
2023-01-01,SKU005,LA,617.78
2023-01-01,SKU005,CHI,579.79
2023-01-02,SKU001,NYC,316.51
2023-01-02,SKU001,LA,220.50
2023-01-02,SKU001,CHI,145.49
2023-01-02,SKU002,NYC,191.89
2023-01-02,SKU002,LA,146.17
2023-01-02,SKU002,CHI,131.75
2023-01-02,SKU003,NYC,418.36
2023-01-02,SKU003,LA,271.79
2023-01-02,SKU003,CHI,261.21
2023-01-02,SKU004,NYC,205.66
2023-01-02,SKU004,LA,243.54
2023-01-02,SKU004,CHI,156.89
2023-01-02,SKU005,NYC,368.76
2023-01-02,SKU005,LA,262.73
2023-01-02,SKU005,CHI,184.63
2023-01-03,SKU001,NYC,258.36
2023-01-03,SKU001,LA,215.35
2023-01-03,SKU001,CHI,212.84
2023-01-03,SKU002,NYC,173.90
2023-01-03,SKU002,LA,177.24
2023-01-03,SKU002,CHI,136.48
2023-01-03,SKU003,NYC,377.23
2023-01-03,SKU003,LA,238.86
2023-01-03,SKU003,CHI,240.34
2023-01-03,SKU004,NYC,256.91
2023-01-03,SKU004,LA,205.63
2023-01-03,SKU004,CHI,158.45
2023-01-03,SKU005,NYC,301.60
2023-01-03,SKU005,LA,297.21
2023-01-03,SKU005,CHI,240.76
2023-01-04,SKU001,NYC,271.95
2023-01-04,SKU001,LA,248.52
2023-01-04,SKU001,CHI,177.03
2023-01-04,SKU002,NYC,157.04
2023-01-04,SKU002,LA,153.21
2023-01-04,SKU002,CHI,121.95
2023-01-04,SKU003,NYC,428.15
2023-01-04,SKU003,LA,340.90
2023-01-04,SKU003,CHI,253.13
2023-01-04,SKU004,NYC,221.42
2023-01-04,SKU004,LA,206.08
2023-01-04,SKU004,CHI,179.48
2023-01-04,SKU005,NYC,318.31
2023-01-04,SKU005,LA,274.88
2023-01-04,SKU005,CHI,261.96
2023-01-05,SKU001,NYC,352.57
2023-01-05,SKU001,LA,268.03
2023-01-05,SKU001,CHI,250.17
2023-01-05,SKU002,NYC,243.98
2023-01-05,SKU002,LA,174.52
2023-01-05,SKU002,CHI,158.38
2023-01-05,SKU003,NYC,448.82
2023-01-05,SKU003,LA,436.14
2023-01-05,SKU003,CHI,317.62
2023-01-05,SKU004,NYC,288.94
2023-01-05,SKU004,LA,232.74
2023-01-05,SKU004,CHI,193.32
2023-01-05,SKU005,NYC,357.16
2023-01-05,SKU005,LA,295.38
2023-01-05,SKU005,CHI,287.28
2023-01-06,SKU001,NYC,349.95
2023-01-06,SKU001,LA,269.10
2023-01-06,SKU001,CHI,179.51
2023-01-06,SKU002,NYC,206.13
2023-01-06,SKU002,LA,203.10
2023-01-06,SKU002,CHI,156.15
2023-01-06,SKU003,NYC,420.50
2023-01-06,SKU003,LA,339.65
2023-01-06,SKU003,CHI,307.53
2023-01-06,SKU004,NYC,271.52
2023-01-06,SKU004,LA,226.07
2023-01-06,SKU004,CHI,174.51
2023-01-06,SKU005,NYC,421.22
2023-01-06,SKU005,LA,355.60
2023-01-06,SKU005,CHI,259.33
2023-01-07,SKU001,NYC,510.34
2023-01-07,SKU001,LA,343.18
2023-01-07,SKU001,CHI,296.57
2023-01-07,SKU002,NYC,254.09
2023-01-07,SKU002,LA,225.59
2023-01-07,SKU002,CHI,218.96
2023-01-07,SKU003,NYC,626.78
2023-01-07,SKU003,LA,497.40
2023-01-07,SKU003,CHI,363.36
2023-01-07,SKU004,NYC,371.13
2023-01-07,SKU004,LA,269.05
2023-01-07,SKU004,CHI,264.54
2023-01-07,SKU005,NYC,397.85
2023-01-07,SKU005,LA,432.47
2023-01-07,SKU005,CHI,331.14
2023-01-08,SKU001,NYC,494.39
2023-01-08,SKU001,LA,357.54
2023-01-08,SKU001,CHI,327.92
2023-01-08,SKU002,NYC,344.32
2023-01-08,SKU002,LA,262.09
2023-01-08,SKU002,CHI,167.70
2023-01-08,SKU003,NYC,540.49
2023-01-08,SKU003,LA,462.82
2023-01-08,SKU003,CHI,405.31
2023-01-08,SKU004,NYC,372.14
2023-01-08,SKU004,LA,259.05
2023-01-08,SKU004,CHI,257.77
2023-01-08,SKU005,NYC,485.22
2023-01-08,SKU005,LA,434.09
2023-01-08,SKU005,CHI,369.28
2023-01-09,SKU001,NYC,282.57
2023-01-09,SKU001,LA,276.00
2023-01-09,SKU001,CHI,212.60
2023-01-09,SKU002,NYC,170.80
2023-01-09,SKU002,LA,145.50
2023-01-09,SKU002,CHI,146.25
2023-01-09,SKU003,NYC,386.69
2023-01-09,SKU003,LA,338.65
2023-01-09,SKU003,CHI,255.54
2023-01-09,SKU004,NYC,263.33
2023-01-09,SKU004,LA,210.47
2023-01-09,SKU004,CHI,168.61
2023-01-09,SKU005,NYC,329.36
2023-01-09,SKU005,LA,312.27
2023-01-09,SKU005,CHI,197.59
2023-01-10,SKU001,NYC,279.48
2023-01-10,SKU001,LA,223.48
2023-01-10,SKU001,CHI,176.09
2023-01-10,SKU002,NYC,178.36
2023-01-10,SKU002,LA,131.07
2023-01-10,SKU002,CHI,147.45
2023-01-10,SKU003,NYC,374.36
2023-01-10,SKU003,LA,313.10
2023-01-10,SKU003,CHI,267.78
2023-01-10,SKU004,NYC,259.50
2023-01-10,SKU004,LA,221.56
2023-01-10,SKU004,CHI,149.60
2023-01-10,SKU005,NYC,360.08
2023-01-10,SKU005,LA,267.87
2023-01-10,SKU005,CHI,252.89
2023-01-11,SKU001,NYC,306.21
2023-01-11,SKU001,LA,277.78
2023-01-11,SKU001,CHI,220.56
2023-01-11,SKU002,NYC,226.39
2023-01-11,SKU002,LA,184.36
2023-01-11,SKU002,CHI,141.20
2023-01-11,SKU003,NYC,357.44
2023-01-11,SKU003,LA,351.33
2023-01-11,SKU003,CHI,317.91
2023-01-11,SKU004,NYC,239.35
2023-01-11,SKU004,LA,194.38
2023-01-11,SKU004,CHI,177.12
2023-01-11,SKU005,NYC,440.34
2023-01-11,SKU005,LA,281.60
2023-01-11,SKU005,CHI,190.71
2023-01-12,SKU001,NYC,337.49
2023-01-12,SKU001,LA,302.65
2023-01-12,SKU001,CHI,236.31
2023-01-12,SKU002,NYC,240.66
2023-01-12,SKU002,LA,195.56
2023-01-12,SKU002,CHI,154.07
2023-01-12,SKU003,NYC,440.64
2023-01-12,SKU003,LA,414.72
2023-01-12,SKU003,CHI,338.58
2023-01-12,SKU004,NYC,247.75
2023-01-12,SKU004,LA,284.17
2023-01-12,SKU004,CHI,204.95
2023-01-12,SKU005,NYC,468.57
2023-01-12,SKU005,LA,359.51
2023-01-12,SKU005,CHI,303.53
2023-01-13,SKU001,NYC,319.29
2023-01-13,SKU001,LA,347.22
2023-01-13,SKU001,CHI,273.74
2023-01-13,SKU002,NYC,241.24
2023-01-13,SKU002,LA,178.80
2023-01-13,SKU002,CHI,159.73
2023-01-13,SKU003,NYC,508.97
2023-01-13,SKU003,LA,384.69
2023-01-13,SKU003,CHI,294.88
2023-01-13,SKU004,NYC,299.23
2023-01-13,SKU004,LA,223.96
2023-01-13,SKU004,CHI,222.54
2023-01-13,SKU005,NYC,486.20
2023-01-13,SKU005,LA,394.74
2023-01-13,SKU005,CHI,275.17
2023-01-14,SKU001,NYC,477.44
2023-01-14,SKU001,LA,433.05
2023-01-14,SKU001,CHI,246.57
2023-01-14,SKU002,NYC,328.00
2023-01-14,SKU002,LA,305.48
2023-01-14,SKU002,CHI,253.07
2023-01-14,SKU003,NYC,565.56
2023-01-14,SKU003,LA,535.19
2023-01-14,SKU003,CHI,460.15
2023-01-14,SKU004,NYC,429.09
2023-01-14,SKU004,LA,260.39
2023-01-14,SKU004,CHI,203.98
2023-01-14,SKU005,NYC,586.66
2023-01-14,SKU005,LA,505.45
2023-01-14,SKU005,CHI,380.37
2023-01-15,SKU001,NYC,452.57
2023-01-15,SKU001,LA,439.76
2023-01-15,SKU001,CHI,358.03
2023-01-15,SKU002,NYC,302.43
2023-01-15,SKU002,LA,272.12
2023-01-15,SKU002,CHI,189.52
2023-01-15,SKU003,NYC,733.70
2023-01-15,SKU003,LA,447.84
2023-01-15,SKU003,CHI,372.20
2023-01-15,SKU004,NYC,348.92
2023-01-15,SKU004,LA,285.70
2023-01-15,SKU004,CHI,287.95
2023-01-15,SKU005,NYC,712.23
2023-01-15,SKU005,LA,494.25
2023-01-15,SKU005,CHI,372.41
2023-01-16,SKU001,NYC,328.13
2023-01-16,SKU001,LA,231.90
2023-01-16,SKU001,CHI,231.32
2023-01-16,SKU002,NYC,209.48
2023-01-16,SKU002,LA,182.57
2023-01-16,SKU002,CHI,130.48
2023-01-16,SKU003,NYC,400.58
2023-01-16,SKU003,LA,285.59
2023-01-16,SKU003,CHI,273.14
2023-01-16,SKU004,NYC,272.77
2023-01-16,SKU004,LA,170.08
2023-01-16,SKU004,CHI,150.12
2023-01-16,SKU005,NYC,360.13
2023-01-16,SKU005,LA,305.35
2023-01-16,SKU005,CHI,249.81
2023-01-17,SKU001,NYC,304.75
2023-01-17,SKU001,LA,262.35
2023-01-17,SKU001,CHI,203.36
2023-01-17,SKU002,NYC,174.93
2023-01-17,SKU002,LA,180.75
2023-01-17,SKU002,CHI,157.07
2023-01-17,SKU003,NYC,419.66
2023-01-17,SKU003,LA,280.45
2023-01-17,SKU003,CHI,279.07
2023-01-17,SKU004,NYC,262.43
2023-01-17,SKU004,LA,188.12
2023-01-17,SKU004,CHI,168.29
2023-01-17,SKU005,NYC,426.61
2023-01-17,SKU005,LA,366.26
2023-01-17,SKU005,CHI,255.41
2023-01-18,SKU001,NYC,321.77
2023-01-18,SKU001,LA,250.98
2023-01-18,SKU001,CHI,195.78
2023-01-18,SKU002,NYC,239.49
2023-01-18,SKU002,LA,192.17
2023-01-18,SKU002,CHI,148.89
2023-01-18,SKU003,NYC,387.71
2023-01-18,SKU003,LA,391.09
2023-01-18,SKU003,CHI,301.22
2023-01-18,SKU004,NYC,218.21
2023-01-18,SKU004,LA,231.55
2023-01-18,SKU004,CHI,169.86
2023-01-18,SKU005,NYC,389.05
2023-01-18,SKU005,LA,251.80
2023-01-18,SKU005,CHI,215.42
2023-01-19,SKU001,NYC,396.04
2023-01-19,SKU001,LA,277.28
2023-01-19,SKU001,CHI,259.77
2023-01-19,SKU002,NYC,214.69
2023-01-19,SKU002,LA,175.85
2023-01-19,SKU002,CHI,196.56
2023-01-19,SKU003,NYC,525.46
2023-01-19,SKU003,LA,396.23
2023-01-19,SKU003,CHI,328.29
2023-01-19,SKU004,NYC,273.97
2023-01-19,SKU004,LA,254.46
2023-01-19,SKU004,CHI,219.76
2023-01-19,SKU005,NYC,427.02
2023-01-19,SKU005,LA,389.31
2023-01-19,SKU005,CHI,246.76
2023-01-20,SKU001,NYC,425.43
2023-01-20,SKU001,LA,330.59
2023-01-20,SKU001,CHI,239.61
2023-01-20,SKU002,NYC,239.33
2023-01-20,SKU002,LA,235.46
2023-01-20,SKU002,CHI,156.74
2023-01-20,SKU003,NYC,499.66
2023-01-20,SKU003,LA,388.93
2023-01-20,SKU003,CHI,291.59
2023-01-20,SKU004,NYC,325.56
2023-01-20,SKU004,LA,235.64
2023-01-20,SKU004,CHI,205.74
2023-01-20,SKU005,NYC,430.27
2023-01-20,SKU005,LA,366.47
2023-01-20,SKU005,CHI,292.09
2023-01-21,SKU001,NYC,438.09
2023-01-21,SKU001,LA,419.30
2023-01-21,SKU001,CHI,309.81
2023-01-21,SKU002,NYC,349.75
2023-01-21,SKU002,LA,288.35
2023-01-21,SKU002,CHI,240.89
2023-01-21,SKU003,NYC,595.84
2023-01-21,SKU003,LA,556.86
2023-01-21,SKU003,CHI,410.47
2023-01-21,SKU004,NYC,382.62
2023-01-21,SKU004,LA,296.74
2023-01-21,SKU004,CHI,243.52
2023-01-21,SKU005,NYC,616.30
2023-01-21,SKU005,LA,466.62
2023-01-21,SKU005,CHI,358.32
2023-01-22,SKU001,NYC,508.71
2023-01-22,SKU001,LA,404.72
2023-01-22,SKU001,CHI,274.53
2023-01-22,SKU002,NYC,325.46
2023-01-22,SKU002,LA,298.66
2023-01-22,SKU002,CHI,238.24
2023-01-22,SKU003,NYC,593.20
2023-01-22,SKU003,LA,464.37
2023-01-22,SKU003,CHI,402.64
2023-01-22,SKU004,NYC,435.11
2023-01-22,SKU004,LA,343.41
2023-01-22,SKU004,CHI,197.06
2023-01-22,SKU005,NYC,629.87
2023-01-22,SKU005,LA,376.18
2023-01-22,SKU005,CHI,461.44
2023-01-23,SKU001,NYC,332.63
2023-01-23,SKU001,LA,245.50
2023-01-23,SKU001,CHI,206.66
2023-01-23,SKU002,NYC,224.56
2023-01-23,SKU002,LA,166.87
2023-01-23,SKU002,CHI,146.93
2023-01-23,SKU003,NYC,404.73
2023-01-23,SKU003,LA,333.13
2023-01-23,SKU003,CHI,315.05
2023-01-23,SKU004,NYC,199.70
2023-01-23,SKU004,LA,210.02
2023-01-23,SKU004,CHI,143.93
2023-01-23,SKU005,NYC,372.55
2023-01-23,SKU005,LA,293.82
2023-01-23,SKU005,CHI,317.39
2023-01-24,SKU001,NYC,291.02
2023-01-24,SKU001,LA,252.16
2023-01-24,SKU001,CHI,191.88
2023-01-24,SKU002,NYC,229.43
2023-01-24,SKU002,LA,166.62
2023-01-24,SKU002,CHI,131.26
2023-01-24,SKU003,NYC,486.92
2023-01-24,SKU003,LA,368.52
2023-01-24,SKU003,CHI,280.82
2023-01-24,SKU004,NYC,311.42
2023-01-24,SKU004,LA,195.85
2023-01-24,SKU004,CHI,153.67
2023-01-24,SKU005,NYC,349.52
2023-01-24,SKU005,LA,354.44
2023-01-24,SKU005,CHI,237.44
2023-01-25,SKU001,NYC,343.42
2023-01-25,SKU001,LA,239.65
2023-01-25,SKU001,CHI,167.47
2023-01-25,SKU002,NYC,193.85
2023-01-25,SKU002,LA,180.66
2023-01-25,SKU002,CHI,157.25
2023-01-25,SKU003,NYC,463.75
2023-01-25,SKU003,LA,354.49
2023-01-25,SKU003,CHI,292.28
2023-01-25,SKU004,NYC,184.59
2023-01-25,SKU004,LA,214.62
2023-01-25,SKU004,CHI,167.94
2023-01-25,SKU005,NYC,368.10
2023-01-25,SKU005,LA,295.45
2023-01-25,SKU005,CHI,275.50
2023-01-26,SKU001,NYC,402.31
2023-01-26,SKU001,LA,360.10
2023-01-26,SKU001,CHI,236.09
2023-01-26,SKU002,NYC,228.25
2023-01-26,SKU002,LA,245.62
2023-01-26,SKU002,CHI,160.03
2023-01-26,SKU003,NYC,457.81
2023-01-26,SKU003,LA,346.63
2023-01-26,SKU003,CHI,335.49
2023-01-26,SKU004,NYC,313.18
2023-01-26,SKU004,LA,266.84
2023-01-26,SKU004,CHI,201.26
2023-01-26,SKU005,NYC,471.42
2023-01-26,SKU005,LA,393.23
2023-01-26,SKU005,CHI,313.39
2023-01-27,SKU001,NYC,403.85
2023-01-27,SKU001,LA,326.73
2023-01-27,SKU001,CHI,245.40
2023-01-27,SKU002,NYC,234.73
2023-01-27,SKU002,LA,223.32
2023-01-27,SKU002,CHI,155.83
2023-01-27,SKU003,NYC,476.00
2023-01-27,SKU003,LA,373.78
2023-01-27,SKU003,CHI,390.79
2023-01-27,SKU004,NYC,266.67
2023-01-27,SKU004,LA,262.47
2023-01-27,SKU004,CHI,210.22
2023-01-27,SKU005,NYC,486.51
2023-01-27,SKU005,LA,371.28
2023-01-27,SKU005,CHI,300.71
2023-01-28,SKU001,NYC,460.56
2023-01-28,SKU001,LA,285.09
2023-01-28,SKU001,CHI,289.27
2023-01-28,SKU002,NYC,366.56
2023-01-28,SKU002,LA,246.86
2023-01-28,SKU002,CHI,217.95
2023-01-28,SKU003,NYC,794.04
2023-01-28,SKU003,LA,472.91
2023-01-28,SKU003,CHI,397.74
2023-01-28,SKU004,NYC,374.37
2023-01-28,SKU004,LA,256.08
2023-01-28,SKU004,CHI,233.80
2023-01-28,SKU005,NYC,498.68
2023-01-28,SKU005,LA,511.20
2023-01-28,SKU005,CHI,378.28
2023-01-29,SKU001,NYC,369.73
2023-01-29,SKU001,LA,423.35
2023-01-29,SKU001,CHI,343.75
2023-01-29,SKU002,NYC,310.98
2023-01-29,SKU002,LA,294.33
2023-01-29,SKU002,CHI,227.73
2023-01-29,SKU003,NYC,571.09
2023-01-29,SKU003,LA,538.53
2023-01-29,SKU003,CHI,426.78
2023-01-29,SKU004,NYC,352.05
2023-01-29,SKU004,LA,287.24
2023-01-29,SKU004,CHI,266.53
2023-01-29,SKU005,NYC,716.36
2023-01-29,SKU005,LA,483.26
2023-01-29,SKU005,CHI,396.22
2023-01-30,SKU001,NYC,274.96
2023-01-30,SKU001,LA,249.49
2023-01-30,SKU001,CHI,200.77
2023-01-30,SKU002,NYC,203.07
2023-01-30,SKU002,LA,164.32
2023-01-30,SKU002,CHI,139.99
2023-01-30,SKU003,NYC,387.99
2023-01-30,SKU003,LA,385.15
2023-01-30,SKU003,CHI,330.28
2023-01-30,SKU004,NYC,232.09
2023-01-30,SKU004,LA,201.73
2023-01-30,SKU004,CHI,174.74
2023-01-30,SKU005,NYC,402.99
2023-01-30,SKU005,LA,293.09
2023-01-30,SKU005,CHI,239.37
2023-01-31,SKU001,NYC,325.50
2023-01-31,SKU001,LA,214.24
2023-01-31,SKU001,CHI,250.38
2023-01-31,SKU002,NYC,217.43
2023-01-31,SKU002,LA,170.54
2023-01-31,SKU002,CHI,138.60
2023-01-31,SKU003,NYC,367.15
2023-01-31,SKU003,LA,404.53
2023-01-31,SKU003,CHI,271.90
2023-01-31,SKU004,NYC,240.33
2023-01-31,SKU004,LA,246.18
2023-01-31,SKU004,CHI,184.80
2023-01-31,SKU005,NYC,373.57
2023-01-31,SKU005,LA,331.33
2023-01-31,SKU005,CHI,245.55
2023-02-01,SKU001,NYC,502.82
2023-02-01,SKU001,LA,425.16
2023-02-01,SKU001,CHI,358.16
2023-02-01,SKU002,NYC,397.35
2023-02-01,SKU002,LA,357.47
2023-02-01,SKU002,CHI,186.89
2023-02-01,SKU003,NYC,860.04
2023-02-01,SKU003,LA,641.21
2023-02-01,SKU003,CHI,466.07
2023-02-01,SKU004,NYC,407.98
2023-02-01,SKU004,LA,288.90
2023-02-01,SKU004,CHI,318.16
2023-02-01,SKU005,NYC,575.80
2023-02-01,SKU005,LA,573.94
2023-02-01,SKU005,CHI,413.17
2023-02-02,SKU001,NYC,512.73
2023-02-02,SKU001,LA,531.58
2023-02-02,SKU001,CHI,428.03
2023-02-02,SKU002,NYC,380.95
2023-02-02,SKU002,LA,380.33
2023-02-02,SKU002,CHI,330.77
2023-02-02,SKU003,NYC,859.35
2023-02-02,SKU003,LA,712.08
2023-02-02,SKU003,CHI,506.03
2023-02-02,SKU004,NYC,448.27
2023-02-02,SKU004,LA,399.96
2023-02-02,SKU004,CHI,335.81
2023-02-02,SKU005,NYC,759.84
2023-02-02,SKU005,LA,619.88
2023-02-02,SKU005,CHI,632.04
2023-02-03,SKU001,NYC,645.61
2023-02-03,SKU001,LA,459.25
2023-02-03,SKU001,CHI,358.27
2023-02-03,SKU002,NYC,346.32
2023-02-03,SKU002,LA,314.07
2023-02-03,SKU002,CHI,295.64
2023-02-03,SKU003,NYC,793.84
2023-02-03,SKU003,LA,633.78
2023-02-03,SKU003,CHI,576.89
2023-02-03,SKU004,NYC,526.35
2023-02-03,SKU004,LA,431.24
2023-02-03,SKU004,CHI,332.19
2023-02-03,SKU005,NYC,754.40
2023-02-03,SKU005,LA,547.78
2023-02-03,SKU005,CHI,411.64
2023-02-04,SKU001,NYC,728.05
2023-02-04,SKU001,LA,607.88
2023-02-04,SKU001,CHI,484.70
2023-02-04,SKU002,NYC,534.12
2023-02-04,SKU002,LA,431.47
2023-02-04,SKU002,CHI,315.08
2023-02-04,SKU003,NYC,1048.74
2023-02-04,SKU003,LA,912.71
2023-02-04,SKU003,CHI,671.63
2023-02-04,SKU004,NYC,699.89
2023-02-04,SKU004,LA,556.09
2023-02-04,SKU004,CHI,448.07
2023-02-04,SKU005,NYC,945.30
2023-02-04,SKU005,LA,852.16
2023-02-04,SKU005,CHI,699.34
2023-02-05,SKU001,NYC,637.45
2023-02-05,SKU001,LA,728.51
2023-02-05,SKU001,CHI,499.64
2023-02-05,SKU002,NYC,577.35
2023-02-05,SKU002,LA,347.55
2023-02-05,SKU002,CHI,345.70
2023-02-05,SKU003,NYC,877.37
2023-02-05,SKU003,LA,867.71
2023-02-05,SKU003,CHI,717.41
2023-02-05,SKU004,NYC,671.40
2023-02-05,SKU004,LA,538.73
2023-02-05,SKU004,CHI,376.23
2023-02-05,SKU005,NYC,1107.21
2023-02-05,SKU005,LA,706.51
2023-02-05,SKU005,CHI,631.10
2023-02-06,SKU001,NYC,475.04
2023-02-06,SKU001,LA,403.35
2023-02-06,SKU001,CHI,295.19
2023-02-06,SKU002,NYC,391.84
2023-02-06,SKU002,LA,316.54
2023-02-06,SKU002,CHI,237.34
2023-02-06,SKU003,NYC,679.33
2023-02-06,SKU003,LA,519.26
2023-02-06,SKU003,CHI,454.46
2023-02-06,SKU004,NYC,382.46
2023-02-06,SKU004,LA,353.58
2023-02-06,SKU004,CHI,291.48
2023-02-06,SKU005,NYC,623.12
2023-02-06,SKU005,LA,553.67
2023-02-06,SKU005,CHI,450.80
2023-02-07,SKU001,NYC,554.98
2023-02-07,SKU001,LA,512.56
2023-02-07,SKU001,CHI,293.54
2023-02-07,SKU002,NYC,309.00
2023-02-07,SKU002,LA,258.01
2023-02-07,SKU002,CHI,230.35
2023-02-07,SKU003,NYC,577.84
2023-02-07,SKU003,LA,542.49
2023-02-07,SKU003,CHI,496.71
2023-02-07,SKU004,NYC,450.06
2023-02-07,SKU004,LA,406.87
2023-02-07,SKU004,CHI,303.52
2023-02-07,SKU005,NYC,701.85
2023-02-07,SKU005,LA,502.99
2023-02-07,SKU005,CHI,409.65
2023-02-08,SKU001,NYC,557.24
2023-02-08,SKU001,LA,463.50
2023-02-08,SKU001,CHI,276.04
2023-02-08,SKU002,NYC,302.69
2023-02-08,SKU002,LA,264.27
2023-02-08,SKU002,CHI,214.18
2023-02-08,SKU003,NYC,775.91
2023-02-08,SKU003,LA,674.51
2023-02-08,SKU003,CHI,472.14
2023-02-08,SKU004,NYC,432.51
2023-02-08,SKU004,LA,416.24
2023-02-08,SKU004,CHI,291.35
2023-02-08,SKU005,NYC,671.18
2023-02-08,SKU005,LA,549.45
2023-02-08,SKU005,CHI,439.63
2023-02-09,SKU001,NYC,681.98
2023-02-09,SKU001,LA,537.13
2023-02-09,SKU001,CHI,404.03
2023-02-09,SKU002,NYC,396.13
2023-02-09,SKU002,LA,352.55
2023-02-09,SKU002,CHI,229.19
2023-02-09,SKU003,NYC,841.42
2023-02-09,SKU003,LA,678.75
2023-02-09,SKU003,CHI,553.44
2023-02-09,SKU004,NYC,433.88
2023-02-09,SKU004,LA,428.03
2023-02-09,SKU004,CHI,333.08
2023-02-09,SKU005,NYC,745.33
2023-02-09,SKU005,LA,644.55
2023-02-09,SKU005,CHI,455.98
2023-02-10,SKU001,NYC,511.92
2023-02-10,SKU001,LA,522.00
2023-02-10,SKU001,CHI,311.51
2023-02-10,SKU002,NYC,435.60
2023-02-10,SKU002,LA,413.45
2023-02-10,SKU002,CHI,284.25
2023-02-10,SKU003,NYC,870.58
2023-02-10,SKU003,LA,777.23
2023-02-10,SKU003,CHI,590.58
2023-02-10,SKU004,NYC,600.56
2023-02-10,SKU004,LA,372.14
2023-02-10,SKU004,CHI,314.99
2023-02-10,SKU005,NYC,779.80
2023-02-10,SKU005,LA,519.77
2023-02-10,SKU005,CHI,495.58
2023-02-11,SKU001,NYC,781.85
2023-02-11,SKU001,LA,731.23
2023-02-11,SKU001,CHI,573.04
2023-02-11,SKU002,NYC,573.72
2023-02-11,SKU002,LA,475.01
2023-02-11,SKU002,CHI,357.44
2023-02-11,SKU003,NYC,1070.15
2023-02-11,SKU003,LA,932.28
2023-02-11,SKU003,CHI,763.31
2023-02-11,SKU004,NYC,588.42
2023-02-11,SKU004,LA,552.10
2023-02-11,SKU004,CHI,419.49
2023-02-11,SKU005,NYC,989.97
2023-02-11,SKU005,LA,896.40
2023-02-11,SKU005,CHI,626.79
2023-02-12,SKU001,NYC,702.96
2023-02-12,SKU001,LA,586.51
2023-02-12,SKU001,CHI,486.65
2023-02-12,SKU002,NYC,563.66
2023-02-12,SKU002,LA,435.39
2023-02-12,SKU002,CHI,333.00
2023-02-12,SKU003,NYC,1116.88
2023-02-12,SKU003,LA,877.79
2023-02-12,SKU003,CHI,739.59
2023-02-12,SKU004,NYC,770.68
2023-02-12,SKU004,LA,625.81
2023-02-12,SKU004,CHI,435.91
2023-02-12,SKU005,NYC,994.27
2023-02-12,SKU005,LA,890.65
2023-02-12,SKU005,CHI,723.05
2023-02-13,SKU001,NYC,486.71
2023-02-13,SKU001,LA,369.12
2023-02-13,SKU001,CHI,365.56
2023-02-13,SKU002,NYC,354.10
2023-02-13,SKU002,LA,306.20
2023-02-13,SKU002,CHI,243.41
2023-02-13,SKU003,NYC,628.68
2023-02-13,SKU003,LA,534.51
2023-02-13,SKU003,CHI,498.86
2023-02-13,SKU004,NYC,405.33
2023-02-13,SKU004,LA,316.49
2023-02-13,SKU004,CHI,267.09
2023-02-13,SKU005,NYC,651.94
2023-02-13,SKU005,LA,495.85
2023-02-13,SKU005,CHI,490.63
2023-02-14,SKU001,NYC,761.77
2023-02-14,SKU001,LA,499.62
2023-02-14,SKU001,CHI,480.47
2023-02-14,SKU002,NYC,559.15
2023-02-14,SKU002,LA,535.53
2023-02-14,SKU002,CHI,307.05
2023-02-14,SKU003,NYC,945.74
2023-02-14,SKU003,LA,679.54
2023-02-14,SKU003,CHI,663.92
2023-02-14,SKU004,NYC,602.49
2023-02-14,SKU004,LA,492.70
2023-02-14,SKU004,CHI,341.75
2023-02-14,SKU005,NYC,943.67
2023-02-14,SKU005,LA,862.76
2023-02-14,SKU005,CHI,662.81
2023-02-15,SKU001,NYC,519.85
2023-02-15,SKU001,LA,415.94
2023-02-15,SKU001,CHI,364.49
2023-02-15,SKU002,NYC,339.28
2023-02-15,SKU002,LA,214.25
2023-02-15,SKU002,CHI,190.01
2023-02-15,SKU003,NYC,763.74
2023-02-15,SKU003,LA,634.32
2023-02-15,SKU003,CHI,442.26
2023-02-15,SKU004,NYC,376.69
2023-02-15,SKU004,LA,330.89
2023-02-15,SKU004,CHI,237.81
2023-02-15,SKU005,NYC,607.55
2023-02-15,SKU005,LA,610.24
2023-02-15,SKU005,CHI,389.59
2023-02-16,SKU001,NYC,541.60
2023-02-16,SKU001,LA,424.39
2023-02-16,SKU001,CHI,400.30
2023-02-16,SKU002,NYC,365.24
2023-02-16,SKU002,LA,358.19
2023-02-16,SKU002,CHI,260.75
2023-02-16,SKU003,NYC,920.41
2023-02-16,SKU003,LA,695.44
2023-02-16,SKU003,CHI,550.35
2023-02-16,SKU004,NYC,412.51
2023-02-16,SKU004,LA,401.00
2023-02-16,SKU004,CHI,329.75
2023-02-16,SKU005,NYC,756.28
2023-02-16,SKU005,LA,631.00
2023-02-16,SKU005,CHI,493.45
2023-02-17,SKU001,NYC,517.98
2023-02-17,SKU001,LA,371.09
2023-02-17,SKU001,CHI,347.33
2023-02-17,SKU002,NYC,443.05
2023-02-17,SKU002,LA,362.05
2023-02-17,SKU002,CHI,298.81
2023-02-17,SKU003,NYC,811.24
2023-02-17,SKU003,LA,669.42
2023-02-17,SKU003,CHI,524.55
2023-02-17,SKU004,NYC,396.72
2023-02-17,SKU004,LA,405.82
2023-02-17,SKU004,CHI,298.31
2023-02-17,SKU005,NYC,684.61
2023-02-17,SKU005,LA,547.47
2023-02-17,SKU005,CHI,482.74
2023-02-18,SKU001,NYC,829.47
2023-02-18,SKU001,LA,683.91
2023-02-18,SKU001,CHI,457.43
2023-02-18,SKU002,NYC,533.84
2023-02-18,SKU002,LA,431.12
2023-02-18,SKU002,CHI,277.59
2023-02-18,SKU003,NYC,1113.56
2023-02-18,SKU003,LA,793.35
2023-02-18,SKU003,CHI,717.96
2023-02-18,SKU004,NYC,570.87
2023-02-18,SKU004,LA,556.78
2023-02-18,SKU004,CHI,464.87
2023-02-18,SKU005,NYC,969.52
2023-02-18,SKU005,LA,830.11
2023-02-18,SKU005,CHI,588.71
2023-02-19,SKU001,NYC,733.41
2023-02-19,SKU001,LA,560.56
2023-02-19,SKU001,CHI,558.10
2023-02-19,SKU002,NYC,581.11
2023-02-19,SKU002,LA,412.13
2023-02-19,SKU002,CHI,347.63
2023-02-19,SKU003,NYC,946.95
2023-02-19,SKU003,LA,734.82
2023-02-19,SKU003,CHI,641.58
2023-02-19,SKU004,NYC,543.85
2023-02-19,SKU004,LA,414.94
2023-02-19,SKU004,CHI,424.06
2023-02-19,SKU005,NYC,848.10
2023-02-19,SKU005,LA,781.62
2023-02-19,SKU005,CHI,461.03
2023-02-20,SKU001,NYC,497.96
2023-02-20,SKU001,LA,382.85
2023-02-20,SKU001,CHI,308.48
2023-02-20,SKU002,NYC,367.98
2023-02-20,SKU002,LA,278.64
2023-02-20,SKU002,CHI,232.42
2023-02-20,SKU003,NYC,664.76
2023-02-20,SKU003,LA,577.54
2023-02-20,SKU003,CHI,405.93
2023-02-20,SKU004,NYC,402.10
2023-02-20,SKU004,LA,327.65
2023-02-20,SKU004,CHI,287.40
2023-02-20,SKU005,NYC,578.52
2023-02-20,SKU005,LA,550.13
2023-02-20,SKU005,CHI,430.90
2023-02-21,SKU001,NYC,463.34
2023-02-21,SKU001,LA,439.72
2023-02-21,SKU001,CHI,314.86
2023-02-21,SKU002,NYC,315.76
2023-02-21,SKU002,LA,258.62
2023-02-21,SKU002,CHI,200.73
2023-02-21,SKU003,NYC,679.56
2023-02-21,SKU003,LA,538.41
2023-02-21,SKU003,CHI,425.87
2023-02-21,SKU004,NYC,435.43
2023-02-21,SKU004,LA,363.78
2023-02-21,SKU004,CHI,270.38
2023-02-21,SKU005,NYC,493.52
2023-02-21,SKU005,LA,534.70
2023-02-21,SKU005,CHI,328.06
2023-02-22,SKU001,NYC,446.48
2023-02-22,SKU001,LA,401.96
2023-02-22,SKU001,CHI,376.99
2023-02-22,SKU002,NYC,252.75
2023-02-22,SKU002,LA,237.25
2023-02-22,SKU002,CHI,208.09
2023-02-22,SKU003,NYC,702.24
2023-02-22,SKU003,LA,458.03
2023-02-22,SKU003,CHI,402.86
2023-02-22,SKU004,NYC,448.24
2023-02-22,SKU004,LA,362.51
2023-02-22,SKU004,CHI,250.30
2023-02-22,SKU005,NYC,671.82
2023-02-22,SKU005,LA,512.65
2023-02-22,SKU005,CHI,369.78
2023-02-23,SKU001,NYC,533.75
2023-02-23,SKU001,LA,448.90
2023-02-23,SKU001,CHI,341.84
2023-02-23,SKU002,NYC,412.20
2023-02-23,SKU002,LA,361.60
2023-02-23,SKU002,CHI,224.90
2023-02-23,SKU003,NYC,821.45
2023-02-23,SKU003,LA,574.74
2023-02-23,SKU003,CHI,509.70
2023-02-23,SKU004,NYC,482.85
2023-02-23,SKU004,LA,430.12
2023-02-23,SKU004,CHI,311.67
2023-02-23,SKU005,NYC,733.07
2023-02-23,SKU005,LA,693.18
2023-02-23,SKU005,CHI,553.87
2023-02-24,SKU001,NYC,633.07
2023-02-24,SKU001,LA,513.11
2023-02-24,SKU001,CHI,401.24
2023-02-24,SKU002,NYC,457.10
2023-02-24,SKU002,LA,351.40
2023-02-24,SKU002,CHI,244.07
2023-02-24,SKU003,NYC,775.65
2023-02-24,SKU003,LA,665.85
2023-02-24,SKU003,CHI,440.40
2023-02-24,SKU004,NYC,439.96
2023-02-24,SKU004,LA,455.69
2023-02-24,SKU004,CHI,275.90
2023-02-24,SKU005,NYC,749.26
2023-02-24,SKU005,LA,612.69
2023-02-24,SKU005,CHI,521.14
2023-02-25,SKU001,NYC,807.44
2023-02-25,SKU001,LA,672.90
2023-02-25,SKU001,CHI,586.76
2023-02-25,SKU002,NYC,562.52
2023-02-25,SKU002,LA,577.68
2023-02-25,SKU002,CHI,407.46
2023-02-25,SKU003,NYC,1273.34
2023-02-25,SKU003,LA,880.32
2023-02-25,SKU003,CHI,828.34
2023-02-25,SKU004,NYC,891.36
2023-02-25,SKU004,LA,591.47
2023-02-25,SKU004,CHI,422.46
2023-02-25,SKU005,NYC,1214.04
2023-02-25,SKU005,LA,865.19
2023-02-25,SKU005,CHI,633.00
2023-02-26,SKU001,NYC,655.92
2023-02-26,SKU001,LA,543.26
2023-02-26,SKU001,CHI,518.62
2023-02-26,SKU002,NYC,463.78
2023-02-26,SKU002,LA,385.68
2023-02-26,SKU002,CHI,325.34
2023-02-26,SKU003,NYC,1032.99
2023-02-26,SKU003,LA,899.16
2023-02-26,SKU003,CHI,741.97
2023-02-26,SKU004,NYC,582.58
2023-02-26,SKU004,LA,553.20
2023-02-26,SKU004,CHI,370.10
2023-02-26,SKU005,NYC,1078.02
2023-02-26,SKU005,LA,814.69
2023-02-26,SKU005,CHI,630.00
2023-02-27,SKU001,NYC,405.14
2023-02-27,SKU001,LA,440.45
2023-02-27,SKU001,CHI,306.06
2023-02-27,SKU002,NYC,310.01
2023-02-27,SKU002,LA,252.57
2023-02-27,SKU002,CHI,206.79
2023-02-27,SKU003,NYC,677.40
2023-02-27,SKU003,LA,560.93
2023-02-27,SKU003,CHI,432.59
2023-02-27,SKU004,NYC,466.07
2023-02-27,SKU004,LA,286.27
2023-02-27,SKU004,CHI,269.18
2023-02-27,SKU005,NYC,520.15
2023-02-27,SKU005,LA,528.03
2023-02-27,SKU005,CHI,422.82
2023-02-28,SKU001,NYC,486.38
2023-02-28,SKU001,LA,420.13
2023-02-28,SKU001,CHI,338.61
2023-02-28,SKU002,NYC,344.89
2023-02-28,SKU002,LA,236.20
2023-02-28,SKU002,CHI,238.56
2023-02-28,SKU003,NYC,755.71
2023-02-28,SKU003,LA,596.25
2023-02-28,SKU003,CHI,417.66
2023-02-28,SKU004,NYC,467.95
2023-02-28,SKU004,LA,333.94
2023-02-28,SKU004,CHI,291.28
2023-02-28,SKU005,NYC,638.56
2023-02-28,SKU005,LA,570.00
2023-02-28,SKU005,CHI,335.05
2023-03-01,SKU001,NYC,440.20
2023-03-01,SKU001,LA,419.30
2023-03-01,SKU001,CHI,311.11
2023-03-01,SKU002,NYC,315.83
2023-03-01,SKU002,LA,314.19
2023-03-01,SKU002,CHI,206.23
2023-03-01,SKU003,NYC,660.71
2023-03-01,SKU003,LA,554.19
2023-03-01,SKU003,CHI,417.59
2023-03-01,SKU004,NYC,299.45
2023-03-01,SKU004,LA,264.22
2023-03-01,SKU004,CHI,253.01
2023-03-01,SKU005,NYC,726.77
2023-03-01,SKU005,LA,460.63
2023-03-01,SKU005,CHI,396.17
2023-03-02,SKU001,NYC,676.81
2023-03-02,SKU001,LA,468.76
2023-03-02,SKU001,CHI,392.61
2023-03-02,SKU002,NYC,396.09
2023-03-02,SKU002,LA,293.29
2023-03-02,SKU002,CHI,234.11
2023-03-02,SKU003,NYC,713.49
2023-03-02,SKU003,LA,625.56
2023-03-02,SKU003,CHI,464.08
2023-03-02,SKU004,NYC,434.03
2023-03-02,SKU004,LA,390.38
2023-03-02,SKU004,CHI,340.90
2023-03-02,SKU005,NYC,863.08
2023-03-02,SKU005,LA,540.52
2023-03-02,SKU005,CHI,478.77
2023-03-03,SKU001,NYC,503.42
2023-03-03,SKU001,LA,436.43
2023-03-03,SKU001,CHI,308.15
2023-03-03,SKU002,NYC,448.73
2023-03-03,SKU002,LA,305.30
2023-03-03,SKU002,CHI,279.59
2023-03-03,SKU003,NYC,669.54
2023-03-03,SKU003,LA,477.46
2023-03-03,SKU003,CHI,584.21
2023-03-03,SKU004,NYC,381.34
2023-03-03,SKU004,LA,339.83
2023-03-03,SKU004,CHI,339.68
2023-03-03,SKU005,NYC,702.02
2023-03-03,SKU005,LA,569.05
2023-03-03,SKU005,CHI,525.79
2023-03-04,SKU001,NYC,814.97
2023-03-04,SKU001,LA,754.86
2023-03-04,SKU001,CHI,489.97
2023-03-04,SKU002,NYC,656.88
2023-03-04,SKU002,LA,452.37
2023-03-04,SKU002,CHI,390.07
2023-03-04,SKU003,NYC,1043.70
2023-03-04,SKU003,LA,860.84
2023-03-04,SKU003,CHI,728.68
2023-03-04,SKU004,NYC,745.87
2023-03-04,SKU004,LA,555.39
2023-03-04,SKU004,CHI,464.32
2023-03-04,SKU005,NYC,996.16
2023-03-04,SKU005,LA,986.57
2023-03-04,SKU005,CHI,594.88
2023-03-05,SKU001,NYC,599.47
2023-03-05,SKU001,LA,685.07
2023-03-05,SKU001,CHI,376.37
2023-03-05,SKU002,NYC,578.57
2023-03-05,SKU002,LA,410.73
2023-03-05,SKU002,CHI,343.38
2023-03-05,SKU003,NYC,996.95
2023-03-05,SKU003,LA,751.86
2023-03-05,SKU003,CHI,677.17
2023-03-05,SKU004,NYC,706.17
2023-03-05,SKU004,LA,548.51
2023-03-05,SKU004,CHI,363.24
2023-03-05,SKU005,NYC,1009.33
2023-03-05,SKU005,LA,660.61
2023-03-05,SKU005,CHI,585.59
2023-03-06,SKU001,NYC,475.93
2023-03-06,SKU001,LA,439.53
2023-03-06,SKU001,CHI,269.41
2023-03-06,SKU002,NYC,355.27
2023-03-06,SKU002,LA,256.86
2023-03-06,SKU002,CHI,179.21
2023-03-06,SKU003,NYC,691.80
2023-03-06,SKU003,LA,502.38
2023-03-06,SKU003,CHI,335.35
2023-03-06,SKU004,NYC,412.50
2023-03-06,SKU004,LA,264.68
2023-03-06,SKU004,CHI,245.08
2023-03-06,SKU005,NYC,519.09
2023-03-06,SKU005,LA,447.97
2023-03-06,SKU005,CHI,432.46
2023-03-07,SKU001,NYC,496.94
2023-03-07,SKU001,LA,330.67
2023-03-07,SKU001,CHI,304.49
2023-03-07,SKU002,NYC,322.40
2023-03-07,SKU002,LA,303.05
2023-03-07,SKU002,CHI,223.31
2023-03-07,SKU003,NYC,550.82
2023-03-07,SKU003,LA,454.79
2023-03-07,SKU003,CHI,445.50
2023-03-07,SKU004,NYC,409.59
2023-03-07,SKU004,LA,298.06
2023-03-07,SKU004,CHI,237.80
2023-03-07,SKU005,NYC,612.53
2023-03-07,SKU005,LA,499.75
2023-03-07,SKU005,CHI,286.36
2023-03-08,SKU001,NYC,452.80
2023-03-08,SKU001,LA,419.80
2023-03-08,SKU001,CHI,264.24
2023-03-08,SKU002,NYC,346.72
2023-03-08,SKU002,LA,232.62
2023-03-08,SKU002,CHI,217.57
2023-03-08,SKU003,NYC,571.43
2023-03-08,SKU003,LA,436.18
2023-03-08,SKU003,CHI,425.35
2023-03-08,SKU004,NYC,375.12
2023-03-08,SKU004,LA,363.89
2023-03-08,SKU004,CHI,273.68
2023-03-08,SKU005,NYC,488.42
2023-03-08,SKU005,LA,499.74
2023-03-08,SKU005,CHI,425.08
2023-03-09,SKU001,NYC,591.69
2023-03-09,SKU001,LA,539.06
2023-03-09,SKU001,CHI,434.62
2023-03-09,SKU002,NYC,347.33
2023-03-09,SKU002,LA,323.54
2023-03-09,SKU002,CHI,308.99
2023-03-09,SKU003,NYC,825.04
2023-03-09,SKU003,LA,568.74
2023-03-09,SKU003,CHI,413.33
2023-03-09,SKU004,NYC,374.96
2023-03-09,SKU004,LA,394.34
2023-03-09,SKU004,CHI,292.86
2023-03-09,SKU005,NYC,668.07
2023-03-09,SKU005,LA,534.24
2023-03-09,SKU005,CHI,414.66
2023-03-10,SKU001,NYC,576.72
2023-03-10,SKU001,LA,451.44
2023-03-10,SKU001,CHI,377.76
2023-03-10,SKU002,NYC,311.28
2023-03-10,SKU002,LA,365.71
2023-03-10,SKU002,CHI,277.40
2023-03-10,SKU003,NYC,806.69
2023-03-10,SKU003,LA,481.93
2023-03-10,SKU003,CHI,529.05
2023-03-10,SKU004,NYC,378.86
2023-03-10,SKU004,LA,384.37
2023-03-10,SKU004,CHI,329.12
2023-03-10,SKU005,NYC,750.61
2023-03-10,SKU005,LA,605.99
2023-03-10,SKU005,CHI,535.71
2023-03-11,SKU001,NYC,714.99
2023-03-11,SKU001,LA,538.81
2023-03-11,SKU001,CHI,444.16
2023-03-11,SKU002,NYC,482.86
2023-03-11,SKU002,LA,435.29
2023-03-11,SKU002,CHI,287.14
2023-03-11,SKU003,NYC,1020.48
2023-03-11,SKU003,LA,784.36
2023-03-11,SKU003,CHI,600.11
2023-03-11,SKU004,NYC,519.10
2023-03-11,SKU004,LA,454.65
2023-03-11,SKU004,CHI,393.37
2023-03-11,SKU005,NYC,860.88
2023-03-11,SKU005,LA,786.85
2023-03-11,SKU005,CHI,490.99
2023-03-12,SKU001,NYC,597.57
2023-03-12,SKU001,LA,523.24
2023-03-12,SKU001,CHI,518.82
2023-03-12,SKU002,NYC,473.28
2023-03-12,SKU002,LA,401.46
2023-03-12,SKU002,CHI,338.91
2023-03-12,SKU003,NYC,1001.48
2023-03-12,SKU003,LA,741.36
2023-03-12,SKU003,CHI,537.12
2023-03-12,SKU004,NYC,549.77
2023-03-12,SKU004,LA,402.54
2023-03-12,SKU004,CHI,377.59
2023-03-12,SKU005,NYC,807.56
2023-03-12,SKU005,LA,749.78
2023-03-12,SKU005,CHI,594.50
2023-03-13,SKU001,NYC,439.57
2023-03-13,SKU001,LA,404.27
2023-03-13,SKU001,CHI,390.39
2023-03-13,SKU002,NYC,254.87
2023-03-13,SKU002,LA,323.64
2023-03-13,SKU002,CHI,188.08
2023-03-13,SKU003,NYC,529.14
2023-03-13,SKU003,LA,461.00
2023-03-13,SKU003,CHI,437.97
2023-03-13,SKU004,NYC,379.29
2023-03-13,SKU004,LA,290.21
2023-03-13,SKU004,CHI,233.17
2023-03-13,SKU005,NYC,526.36
2023-03-13,SKU005,LA,502.78
2023-03-13,SKU005,CHI,427.41
2023-03-14,SKU001,NYC,442.71
2023-03-14,SKU001,LA,352.87
2023-03-14,SKU001,CHI,291.48
2023-03-14,SKU002,NYC,239.41
2023-03-14,SKU002,LA,257.95
2023-03-14,SKU002,CHI,215.43
2023-03-14,SKU003,NYC,587.07
2023-03-14,SKU003,LA,482.35
2023-03-14,SKU003,CHI,451.95
2023-03-14,SKU004,NYC,381.31
2023-03-14,SKU004,LA,320.05
2023-03-14,SKU004,CHI,258.88
2023-03-14,SKU005,NYC,575.54
2023-03-14,SKU005,LA,534.96
2023-03-14,SKU005,CHI,326.47
2023-03-15,SKU001,NYC,451.03
2023-03-15,SKU001,LA,290.95
2023-03-15,SKU001,CHI,288.95
2023-03-15,SKU002,NYC,372.03
2023-03-15,SKU002,LA,225.10
2023-03-15,SKU002,CHI,183.83
2023-03-15,SKU003,NYC,602.58
2023-03-15,SKU003,LA,549.61
2023-03-15,SKU003,CHI,432.27
2023-03-15,SKU004,NYC,348.15
2023-03-15,SKU004,LA,358.89
2023-03-15,SKU004,CHI,244.02
2023-03-15,SKU005,NYC,629.53
2023-03-15,SKU005,LA,546.04
2023-03-15,SKU005,CHI,339.75
2023-03-16,SKU001,NYC,450.84
2023-03-16,SKU001,LA,465.41
2023-03-16,SKU001,CHI,359.97
2023-03-16,SKU002,NYC,364.35
2023-03-16,SKU002,LA,310.70
2023-03-16,SKU002,CHI,239.64
2023-03-16,SKU003,NYC,822.43
2023-03-16,SKU003,LA,414.33
2023-03-16,SKU003,CHI,534.50
2023-03-16,SKU004,NYC,442.47
2023-03-16,SKU004,LA,354.84
2023-03-16,SKU004,CHI,259.50
2023-03-16,SKU005,NYC,743.92
2023-03-16,SKU005,LA,487.87
2023-03-16,SKU005,CHI,446.31
2023-03-17,SKU001,NYC,587.93
2023-03-17,SKU001,LA,367.10
2023-03-17,SKU001,CHI,363.04
2023-03-17,SKU002,NYC,372.82
2023-03-17,SKU002,LA,314.18
2023-03-17,SKU002,CHI,229.84
2023-03-17,SKU003,NYC,749.93
2023-03-17,SKU003,LA,651.69
2023-03-17,SKU003,CHI,458.11
2023-03-17,SKU004,NYC,518.94
2023-03-17,SKU004,LA,317.22
2023-03-17,SKU004,CHI,266.88
2023-03-17,SKU005,NYC,739.00
2023-03-17,SKU005,LA,537.82
2023-03-17,SKU005,CHI,398.58
2023-03-18,SKU001,NYC,652.86
2023-03-18,SKU001,LA,655.74
2023-03-18,SKU001,CHI,491.75
2023-03-18,SKU002,NYC,424.71
2023-03-18,SKU002,LA,316.99
2023-03-18,SKU002,CHI,358.61
2023-03-18,SKU003,NYC,939.73
2023-03-18,SKU003,LA,732.03
2023-03-18,SKU003,CHI,555.97
2023-03-18,SKU004,NYC,440.71
2023-03-18,SKU004,LA,402.05
2023-03-18,SKU004,CHI,381.74
2023-03-18,SKU005,NYC,811.98
2023-03-18,SKU005,LA,828.92
2023-03-18,SKU005,CHI,621.77
2023-03-19,SKU001,NYC,640.21
2023-03-19,SKU001,LA,514.51
2023-03-19,SKU001,CHI,512.21
2023-03-19,SKU002,NYC,448.70
2023-03-19,SKU002,LA,491.08
2023-03-19,SKU002,CHI,313.72
2023-03-19,SKU003,NYC,788.74
2023-03-19,SKU003,LA,605.85
2023-03-19,SKU003,CHI,564.16
2023-03-19,SKU004,NYC,633.54
2023-03-19,SKU004,LA,449.88
2023-03-19,SKU004,CHI,276.76
2023-03-19,SKU005,NYC,797.55
2023-03-19,SKU005,LA,688.38
2023-03-19,SKU005,CHI,644.85
2023-03-20,SKU001,NYC,462.24
2023-03-20,SKU001,LA,363.69
2023-03-20,SKU001,CHI,304.33
2023-03-20,SKU002,NYC,370.94
2023-03-20,SKU002,LA,279.65
2023-03-20,SKU002,CHI,187.30
2023-03-20,SKU003,NYC,635.46
2023-03-20,SKU003,LA,551.74
2023-03-20,SKU003,CHI,488.87
2023-03-20,SKU004,NYC,370.70
2023-03-20,SKU004,LA,290.59
2023-03-20,SKU004,CHI,248.83
2023-03-20,SKU005,NYC,527.57
2023-03-20,SKU005,LA,468.64
2023-03-20,SKU005,CHI,339.61
2023-03-21,SKU001,NYC,442.23
2023-03-21,SKU001,LA,314.10
2023-03-21,SKU001,CHI,318.96
2023-03-21,SKU002,NYC,326.28
2023-03-21,SKU002,LA,210.22
2023-03-21,SKU002,CHI,216.48
2023-03-21,SKU003,NYC,559.10
2023-03-21,SKU003,LA,563.31
2023-03-21,SKU003,CHI,434.52
2023-03-21,SKU004,NYC,397.80
2023-03-21,SKU004,LA,316.68
2023-03-21,SKU004,CHI,214.25
2023-03-21,SKU005,NYC,437.16
2023-03-21,SKU005,LA,466.04
2023-03-21,SKU005,CHI,321.03
2023-03-22,SKU001,NYC,447.67
2023-03-22,SKU001,LA,311.62
2023-03-22,SKU001,CHI,315.76
2023-03-22,SKU002,NYC,316.37
2023-03-22,SKU002,LA,218.63
2023-03-22,SKU002,CHI,181.22
2023-03-22,SKU003,NYC,614.82
2023-03-22,SKU003,LA,535.02
2023-03-22,SKU003,CHI,402.25
2023-03-22,SKU004,NYC,332.45
2023-03-22,SKU004,LA,302.52
2023-03-22,SKU004,CHI,232.77
2023-03-22,SKU005,NYC,520.15
2023-03-22,SKU005,LA,393.43
2023-03-22,SKU005,CHI,367.87
2023-03-23,SKU001,NYC,472.51
2023-03-23,SKU001,LA,423.39
2023-03-23,SKU001,CHI,274.01
2023-03-23,SKU002,NYC,381.89
2023-03-23,SKU002,LA,277.19
2023-03-23,SKU002,CHI,236.81
2023-03-23,SKU003,NYC,794.65
2023-03-23,SKU003,LA,665.29
2023-03-23,SKU003,CHI,491.16
2023-03-23,SKU004,NYC,375.72
2023-03-23,SKU004,LA,345.64
2023-03-23,SKU004,CHI,287.34
2023-03-23,SKU005,NYC,661.21
2023-03-23,SKU005,LA,544.10
2023-03-23,SKU005,CHI,464.46
2023-03-24,SKU001,NYC,546.19
2023-03-24,SKU001,LA,479.10
2023-03-24,SKU001,CHI,369.74
2023-03-24,SKU002,NYC,326.51
2023-03-24,SKU002,LA,283.09
2023-03-24,SKU002,CHI,233.63
2023-03-24,SKU003,NYC,716.50
2023-03-24,SKU003,LA,545.21
2023-03-24,SKU003,CHI,458.24
2023-03-24,SKU004,NYC,402.80
2023-03-24,SKU004,LA,328.63
2023-03-24,SKU004,CHI,289.22
2023-03-24,SKU005,NYC,699.59
2023-03-24,SKU005,LA,629.08
2023-03-24,SKU005,CHI,471.21
2023-03-25,SKU001,NYC,637.31
2023-03-25,SKU001,LA,623.04
2023-03-25,SKU001,CHI,378.97
2023-03-25,SKU002,NYC,473.06
2023-03-25,SKU002,LA,357.33
2023-03-25,SKU002,CHI,286.11
2023-03-25,SKU003,NYC,1067.21
2023-03-25,SKU003,LA,711.09
2023-03-25,SKU003,CHI,608.44
2023-03-25,SKU004,NYC,571.08
2023-03-25,SKU004,LA,448.22
2023-03-25,SKU004,CHI,310.56
2023-03-25,SKU005,NYC,857.44
2023-03-25,SKU005,LA,668.15
2023-03-25,SKU005,CHI,547.61
2023-03-26,SKU001,NYC,658.95
2023-03-26,SKU001,LA,575.51
2023-03-26,SKU001,CHI,458.41
2023-03-26,SKU002,NYC,383.54
2023-03-26,SKU002,LA,385.13
2023-03-26,SKU002,CHI,354.66
2023-03-26,SKU003,NYC,717.78
2023-03-26,SKU003,LA,670.69
2023-03-26,SKU003,CHI,550.53
2023-03-26,SKU004,NYC,430.24
2023-03-26,SKU004,LA,365.51
2023-03-26,SKU004,CHI,323.57
2023-03-26,SKU005,NYC,921.78
2023-03-26,SKU005,LA,663.68
2023-03-26,SKU005,CHI,499.78
2023-03-27,SKU001,NYC,422.77
2023-03-27,SKU001,LA,375.85
2023-03-27,SKU001,CHI,300.58
2023-03-27,SKU002,NYC,295.64
2023-03-27,SKU002,LA,310.13
2023-03-27,SKU002,CHI,201.45
2023-03-27,SKU003,NYC,602.53
2023-03-27,SKU003,LA,455.71
2023-03-27,SKU003,CHI,351.83
2023-03-27,SKU004,NYC,308.79
2023-03-27,SKU004,LA,253.67
2023-03-27,SKU004,CHI,245.82
2023-03-27,SKU005,NYC,547.08
2023-03-27,SKU005,LA,420.35
2023-03-27,SKU005,CHI,346.32
2023-03-28,SKU001,NYC,473.49
2023-03-28,SKU001,LA,349.39
2023-03-28,SKU001,CHI,286.40
2023-03-28,SKU002,NYC,301.58
2023-03-28,SKU002,LA,256.39
2023-03-28,SKU002,CHI,180.63
2023-03-28,SKU003,NYC,433.38
2023-03-28,SKU003,LA,385.74
2023-03-28,SKU003,CHI,396.91
2023-03-28,SKU004,NYC,327.87
2023-03-28,SKU004,LA,280.03
2023-03-28,SKU004,CHI,192.13
2023-03-28,SKU005,NYC,493.22
2023-03-28,SKU005,LA,452.12
2023-03-28,SKU005,CHI,358.84
2023-03-29,SKU001,NYC,380.30
2023-03-29,SKU001,LA,314.22
2023-03-29,SKU001,CHI,338.96
2023-03-29,SKU002,NYC,284.54
2023-03-29,SKU002,LA,240.53
2023-03-29,SKU002,CHI,168.45
2023-03-29,SKU003,NYC,527.88
2023-03-29,SKU003,LA,463.94
2023-03-29,SKU003,CHI,337.83
2023-03-29,SKU004,NYC,349.54
2023-03-29,SKU004,LA,255.29
2023-03-29,SKU004,CHI,213.74
2023-03-29,SKU005,NYC,491.31
2023-03-29,SKU005,LA,371.08
2023-03-29,SKU005,CHI,299.77
2023-03-30,SKU001,NYC,505.35
2023-03-30,SKU001,LA,373.24
2023-03-30,SKU001,CHI,326.73
2023-03-30,SKU002,NYC,336.84
2023-03-30,SKU002,LA,294.30
2023-03-30,SKU002,CHI,246.39
2023-03-30,SKU003,NYC,627.34
2023-03-30,SKU003,LA,494.58
2023-03-30,SKU003,CHI,455.91
2023-03-30,SKU004,NYC,440.45
2023-03-30,SKU004,LA,326.43
2023-03-30,SKU004,CHI,268.69
2023-03-30,SKU005,NYC,613.42
2023-03-30,SKU005,LA,513.24
2023-03-30,SKU005,CHI,443.51
2023-03-31,SKU001,NYC,477.10
2023-03-31,SKU001,LA,439.35
2023-03-31,SKU001,CHI,345.19
2023-03-31,SKU002,NYC,413.50
2023-03-31,SKU002,LA,263.15
2023-03-31,SKU002,CHI,252.98
2023-03-31,SKU003,NYC,721.56
2023-03-31,SKU003,LA,488.55
2023-03-31,SKU003,CHI,470.50
2023-03-31,SKU004,NYC,428.64
2023-03-31,SKU004,LA,316.11
2023-03-31,SKU004,CHI,203.01
2023-03-31,SKU005,NYC,669.42
2023-03-31,SKU005,LA,451.84
2023-03-31,SKU005,CHI,408.15
2023-04-01,SKU001,NYC,529.34
2023-04-01,SKU001,LA,568.11
2023-04-01,SKU001,CHI,350.27
2023-04-01,SKU002,NYC,414.61
2023-04-01,SKU002,LA,346.35
2023-04-01,SKU002,CHI,293.45
2023-04-01,SKU003,NYC,736.39
2023-04-01,SKU003,LA,753.61
2023-04-01,SKU003,CHI,604.29
2023-04-01,SKU004,NYC,503.80
2023-04-01,SKU004,LA,423.26
2023-04-01,SKU004,CHI,252.57
2023-04-01,SKU005,NYC,935.96
2023-04-01,SKU005,LA,656.84
2023-04-01,SKU005,CHI,572.45
2023-04-02,SKU001,NYC,652.48
2023-04-02,SKU001,LA,536.94
2023-04-02,SKU001,CHI,456.60
2023-04-02,SKU002,NYC,410.51
2023-04-02,SKU002,LA,402.71
2023-04-02,SKU002,CHI,338.42
2023-04-02,SKU003,NYC,878.23
2023-04-02,SKU003,LA,706.19
2023-04-02,SKU003,CHI,630.06
2023-04-02,SKU004,NYC,541.98
2023-04-02,SKU004,LA,417.46
2023-04-02,SKU004,CHI,335.13
2023-04-02,SKU005,NYC,813.21
2023-04-02,SKU005,LA,720.30
2023-04-02,SKU005,CHI,508.47
2023-04-03,SKU001,NYC,450.10
2023-04-03,SKU001,LA,415.84
2023-04-03,SKU001,CHI,294.58
2023-04-03,SKU002,NYC,283.70
2023-04-03,SKU002,LA,251.45
2023-04-03,SKU002,CHI,181.91
2023-04-03,SKU003,NYC,497.77
2023-04-03,SKU003,LA,431.66
2023-04-03,SKU003,CHI,322.50
2023-04-03,SKU004,NYC,371.36
2023-04-03,SKU004,LA,268.85
2023-04-03,SKU004,CHI,184.07
2023-04-03,SKU005,NYC,549.68
2023-04-03,SKU005,LA,451.61
2023-04-03,SKU005,CHI,359.23
2023-04-04,SKU001,NYC,359.63
2023-04-04,SKU001,LA,307.43
2023-04-04,SKU001,CHI,325.68
2023-04-04,SKU002,NYC,267.05
2023-04-04,SKU002,LA,247.66
2023-04-04,SKU002,CHI,191.82
2023-04-04,SKU003,NYC,480.79
2023-04-04,SKU003,LA,396.54
2023-04-04,SKU003,CHI,390.52
2023-04-04,SKU004,NYC,326.84
2023-04-04,SKU004,LA,273.15
2023-04-04,SKU004,CHI,248.29
2023-04-04,SKU005,NYC,436.27
2023-04-04,SKU005,LA,431.39
2023-04-04,SKU005,CHI,387.87
2023-04-05,SKU001,NYC,448.41
2023-04-05,SKU001,LA,335.10
2023-04-05,SKU001,CHI,288.63
2023-04-05,SKU002,NYC,300.67
2023-04-05,SKU002,LA,215.18
2023-04-05,SKU002,CHI,160.79
2023-04-05,SKU003,NYC,603.81
2023-04-05,SKU003,LA,465.61
2023-04-05,SKU003,CHI,437.91
2023-04-05,SKU004,NYC,314.19
2023-04-05,SKU004,LA,307.71
2023-04-05,SKU004,CHI,242.46
2023-04-05,SKU005,NYC,544.19
2023-04-05,SKU005,LA,433.45
2023-04-05,SKU005,CHI,313.07
2023-04-06,SKU001,NYC,470.27
2023-04-06,SKU001,LA,383.76
2023-04-06,SKU001,CHI,323.69
2023-04-06,SKU002,NYC,296.80
2023-04-06,SKU002,LA,283.03
2023-04-06,SKU002,CHI,260.37
2023-04-06,SKU003,NYC,593.90
2023-04-06,SKU003,LA,571.36
2023-04-06,SKU003,CHI,351.97
2023-04-06,SKU004,NYC,413.04
2023-04-06,SKU004,LA,336.36
2023-04-06,SKU004,CHI,238.33
2023-04-06,SKU005,NYC,641.14
2023-04-06,SKU005,LA,511.65
2023-04-06,SKU005,CHI,478.35
2023-04-07,SKU001,NYC,487.78
2023-04-07,SKU001,LA,417.81
2023-04-07,SKU001,CHI,316.86
2023-04-07,SKU002,NYC,293.00
2023-04-07,SKU002,LA,346.59
2023-04-07,SKU002,CHI,224.04
2023-04-07,SKU003,NYC,668.12
2023-04-07,SKU003,LA,544.83
2023-04-07,SKU003,CHI,368.80
2023-04-07,SKU004,NYC,338.33
2023-04-07,SKU004,LA,271.65
2023-04-07,SKU004,CHI,295.54
2023-04-07,SKU005,NYC,635.53
2023-04-07,SKU005,LA,487.38
2023-04-07,SKU005,CHI,345.70
2023-04-08,SKU001,NYC,572.45
2023-04-08,SKU001,LA,514.87
2023-04-08,SKU001,CHI,364.86
2023-04-08,SKU002,NYC,464.47
2023-04-08,SKU002,LA,327.36
2023-04-08,SKU002,CHI,276.77
2023-04-08,SKU003,NYC,830.78
2023-04-08,SKU003,LA,546.31
2023-04-08,SKU003,CHI,604.75
2023-04-08,SKU004,NYC,508.85
2023-04-08,SKU004,LA,328.76
2023-04-08,SKU004,CHI,324.67
2023-04-08,SKU005,NYC,757.28
2023-04-08,SKU005,LA,585.33
2023-04-08,SKU005,CHI,540.52
2023-04-09,SKU001,NYC,696.52
2023-04-09,SKU001,LA,535.99
2023-04-09,SKU001,CHI,355.95
2023-04-09,SKU002,NYC,396.50
2023-04-09,SKU002,LA,284.32
2023-04-09,SKU002,CHI,289.24
2023-04-09,SKU003,NYC,752.25
2023-04-09,SKU003,LA,715.58
2023-04-09,SKU003,CHI,601.75
2023-04-09,SKU004,NYC,548.90
2023-04-09,SKU004,LA,429.23
2023-04-09,SKU004,CHI,327.79
2023-04-09,SKU005,NYC,653.72
2023-04-09,SKU005,LA,792.01
2023-04-09,SKU005,CHI,635.05
2023-04-10,SKU001,NYC,400.94
2023-04-10,SKU001,LA,351.81
2023-04-10,SKU001,CHI,238.78
2023-04-10,SKU002,NYC,266.15
2023-04-10,SKU002,LA,231.35
2023-04-10,SKU002,CHI,173.70
2023-04-10,SKU003,NYC,639.72
2023-04-10,SKU003,LA,467.53
2023-04-10,SKU003,CHI,340.20
2023-04-10,SKU004,NYC,315.07
2023-04-10,SKU004,LA,280.40
2023-04-10,SKU004,CHI,184.13
2023-04-10,SKU005,NYC,532.56
2023-04-10,SKU005,LA,421.70
2023-04-10,SKU005,CHI,369.14
2023-04-11,SKU001,NYC,417.31
2023-04-11,SKU001,LA,313.89
2023-04-11,SKU001,CHI,250.66
2023-04-11,SKU002,NYC,313.91
2023-04-11,SKU002,LA,239.59
2023-04-11,SKU002,CHI,194.75
2023-04-11,SKU003,NYC,573.99
2023-04-11,SKU003,LA,447.42
2023-04-11,SKU003,CHI,321.66
2023-04-11,SKU004,NYC,385.87
2023-04-11,SKU004,LA,267.26
2023-04-11,SKU004,CHI,246.12
2023-04-11,SKU005,NYC,501.47
2023-04-11,SKU005,LA,468.34
2023-04-11,SKU005,CHI,308.10
2023-04-12,SKU001,NYC,348.46
2023-04-12,SKU001,LA,325.05
2023-04-12,SKU001,CHI,254.61
2023-04-12,SKU002,NYC,292.65
2023-04-12,SKU002,LA,236.61
2023-04-12,SKU002,CHI,154.70
2023-04-12,SKU003,NYC,499.55
2023-04-12,SKU003,LA,386.73
2023-04-12,SKU003,CHI,332.77
2023-04-12,SKU004,NYC,322.59
2023-04-12,SKU004,LA,254.50
2023-04-12,SKU004,CHI,242.40
2023-04-12,SKU005,NYC,525.01
2023-04-12,SKU005,LA,384.27
2023-04-12,SKU005,CHI,379.20
2023-04-13,SKU001,NYC,512.90
2023-04-13,SKU001,LA,399.40
2023-04-13,SKU001,CHI,301.97
2023-04-13,SKU002,NYC,383.84
2023-04-13,SKU002,LA,289.35
2023-04-13,SKU002,CHI,191.33
2023-04-13,SKU003,NYC,642.33
2023-04-13,SKU003,LA,482.89
2023-04-13,SKU003,CHI,459.12
2023-04-13,SKU004,NYC,342.19
2023-04-13,SKU004,LA,297.60
2023-04-13,SKU004,CHI,238.57
2023-04-13,SKU005,NYC,618.82
2023-04-13,SKU005,LA,440.41
2023-04-13,SKU005,CHI,393.94
2023-04-14,SKU001,NYC,367.43
2023-04-14,SKU001,LA,423.25
2023-04-14,SKU001,CHI,228.26
2023-04-14,SKU002,NYC,325.85
2023-04-14,SKU002,LA,273.49
2023-04-14,SKU002,CHI,202.80
2023-04-14,SKU003,NYC,698.70
2023-04-14,SKU003,LA,583.81
2023-04-14,SKU003,CHI,464.71
2023-04-14,SKU004,NYC,422.84
2023-04-14,SKU004,LA,326.84
2023-04-14,SKU004,CHI,243.57
2023-04-14,SKU005,NYC,603.56
2023-04-14,SKU005,LA,544.03
2023-04-14,SKU005,CHI,389.97
2023-04-15,SKU001,NYC,460.48
2023-04-15,SKU001,LA,420.22
2023-04-15,SKU001,CHI,476.80
2023-04-15,SKU002,NYC,380.36
2023-04-15,SKU002,LA,324.30
2023-04-15,SKU002,CHI,302.42
2023-04-15,SKU003,NYC,888.04
2023-04-15,SKU003,LA,717.07
2023-04-15,SKU003,CHI,551.16
2023-04-15,SKU004,NYC,387.26
2023-04-15,SKU004,LA,500.53
2023-04-15,SKU004,CHI,315.30
2023-04-15,SKU005,NYC,844.39
2023-04-15,SKU005,LA,643.51
2023-04-15,SKU005,CHI,480.44
2023-04-16,SKU001,NYC,587.32
2023-04-16,SKU001,LA,494.39
2023-04-16,SKU001,CHI,468.71
2023-04-16,SKU002,NYC,359.36
2023-04-16,SKU002,LA,357.59
2023-04-16,SKU002,CHI,324.85
2023-04-16,SKU003,NYC,770.26
2023-04-16,SKU003,LA,678.78
2023-04-16,SKU003,CHI,477.53
2023-04-16,SKU004,NYC,570.02
2023-04-16,SKU004,LA,361.66
2023-04-16,SKU004,CHI,347.39
2023-04-16,SKU005,NYC,609.24
2023-04-16,SKU005,LA,577.49
2023-04-16,SKU005,CHI,516.82
2023-04-17,SKU001,NYC,349.16
2023-04-17,SKU001,LA,319.07
2023-04-17,SKU001,CHI,226.84
2023-04-17,SKU002,NYC,271.11
2023-04-17,SKU002,LA,197.46
2023-04-17,SKU002,CHI,160.15
2023-04-17,SKU003,NYC,542.54
2023-04-17,SKU003,LA,356.54
2023-04-17,SKU003,CHI,374.57
2023-04-17,SKU004,NYC,292.66
2023-04-17,SKU004,LA,307.98
2023-04-17,SKU004,CHI,201.29
2023-04-17,SKU005,NYC,450.33
2023-04-17,SKU005,LA,416.03
2023-04-17,SKU005,CHI,362.10
2023-04-18,SKU001,NYC,295.99
2023-04-18,SKU001,LA,305.16
2023-04-18,SKU001,CHI,293.67
2023-04-18,SKU002,NYC,239.77
2023-04-18,SKU002,LA,195.80
2023-04-18,SKU002,CHI,150.01
2023-04-18,SKU003,NYC,508.14
2023-04-18,SKU003,LA,383.54
2023-04-18,SKU003,CHI,366.64
2023-04-18,SKU004,NYC,269.66
2023-04-18,SKU004,LA,251.83
2023-04-18,SKU004,CHI,207.48
2023-04-18,SKU005,NYC,462.00
2023-04-18,SKU005,LA,400.19
2023-04-18,SKU005,CHI,296.37
2023-04-19,SKU001,NYC,355.00
2023-04-19,SKU001,LA,364.64
2023-04-19,SKU001,CHI,270.80
2023-04-19,SKU002,NYC,277.75
2023-04-19,SKU002,LA,245.51
2023-04-19,SKU002,CHI,184.83
2023-04-19,SKU003,NYC,508.21
2023-04-19,SKU003,LA,462.18
2023-04-19,SKU003,CHI,340.90
2023-04-19,SKU004,NYC,371.15
2023-04-19,SKU004,LA,268.83
2023-04-19,SKU004,CHI,211.64
2023-04-19,SKU005,NYC,566.62
2023-04-19,SKU005,LA,442.04
2023-04-19,SKU005,CHI,303.71
2023-04-20,SKU001,NYC,478.43
2023-04-20,SKU001,LA,331.79
2023-04-20,SKU001,CHI,296.86
2023-04-20,SKU002,NYC,317.70
2023-04-20,SKU002,LA,263.84
2023-04-20,SKU002,CHI,204.70
2023-04-20,SKU003,NYC,555.59
2023-04-20,SKU003,LA,532.33
2023-04-20,SKU003,CHI,432.27
2023-04-20,SKU004,NYC,345.23
2023-04-20,SKU004,LA,307.82
2023-04-20,SKU004,CHI,258.97
2023-04-20,SKU005,NYC,602.53
2023-04-20,SKU005,LA,495.51
2023-04-20,SKU005,CHI,401.00
2023-04-21,SKU001,NYC,482.21
2023-04-21,SKU001,LA,406.38
2023-04-21,SKU001,CHI,317.01
2023-04-21,SKU002,NYC,295.13
2023-04-21,SKU002,LA,267.80
2023-04-21,SKU002,CHI,193.46
2023-04-21,SKU003,NYC,576.07
2023-04-21,SKU003,LA,527.31
2023-04-21,SKU003,CHI,410.29
2023-04-21,SKU004,NYC,343.73
2023-04-21,SKU004,LA,324.43
2023-04-21,SKU004,CHI,227.20
2023-04-21,SKU005,NYC,598.41
2023-04-21,SKU005,LA,413.28
2023-04-21,SKU005,CHI,431.77
2023-04-22,SKU001,NYC,617.50
2023-04-22,SKU001,LA,513.40
2023-04-22,SKU001,CHI,393.22
2023-04-22,SKU002,NYC,349.12
2023-04-22,SKU002,LA,279.49
2023-04-22,SKU002,CHI,270.37
2023-04-22,SKU003,NYC,762.85
2023-04-22,SKU003,LA,681.79
2023-04-22,SKU003,CHI,582.99
2023-04-22,SKU004,NYC,497.14
2023-04-22,SKU004,LA,359.57
2023-04-22,SKU004,CHI,338.38
2023-04-22,SKU005,NYC,695.62
2023-04-22,SKU005,LA,642.07
2023-04-22,SKU005,CHI,523.39
2023-04-23,SKU001,NYC,555.98
2023-04-23,SKU001,LA,560.06
2023-04-23,SKU001,CHI,377.62
2023-04-23,SKU002,NYC,402.14
2023-04-23,SKU002,LA,376.63
2023-04-23,SKU002,CHI,272.31
2023-04-23,SKU003,NYC,723.52
2023-04-23,SKU003,LA,634.68
2023-04-23,SKU003,CHI,538.28
2023-04-23,SKU004,NYC,454.27
2023-04-23,SKU004,LA,376.00
2023-04-23,SKU004,CHI,346.92
2023-04-23,SKU005,NYC,723.71
2023-04-23,SKU005,LA,721.88
2023-04-23,SKU005,CHI,484.08
2023-04-24,SKU001,NYC,342.94
2023-04-24,SKU001,LA,310.47
2023-04-24,SKU001,CHI,278.33
2023-04-24,SKU002,NYC,246.01
2023-04-24,SKU002,LA,241.92
2023-04-24,SKU002,CHI,174.20
2023-04-24,SKU003,NYC,534.30
2023-04-24,SKU003,LA,397.24
2023-04-24,SKU003,CHI,343.77
2023-04-24,SKU004,NYC,309.37
2023-04-24,SKU004,LA,285.01
2023-04-24,SKU004,CHI,196.76
2023-04-24,SKU005,NYC,405.61
2023-04-24,SKU005,LA,356.40
2023-04-24,SKU005,CHI,298.72
2023-04-25,SKU001,NYC,404.65
2023-04-25,SKU001,LA,288.67
2023-04-25,SKU001,CHI,228.78
2023-04-25,SKU002,NYC,252.17
2023-04-25,SKU002,LA,216.31
2023-04-25,SKU002,CHI,171.88
2023-04-25,SKU003,NYC,446.27
2023-04-25,SKU003,LA,413.29
2023-04-25,SKU003,CHI,373.86
2023-04-25,SKU004,NYC,320.42
2023-04-25,SKU004,LA,266.76
2023-04-25,SKU004,CHI,189.94
2023-04-25,SKU005,NYC,465.46
2023-04-25,SKU005,LA,349.24
2023-04-25,SKU005,CHI,337.46
2023-04-26,SKU001,NYC,410.96
2023-04-26,SKU001,LA,308.49
2023-04-26,SKU001,CHI,243.07
2023-04-26,SKU002,NYC,237.46
2023-04-26,SKU002,LA,213.32
2023-04-26,SKU002,CHI,201.51
2023-04-26,SKU003,NYC,473.42
2023-04-26,SKU003,LA,434.41
2023-04-26,SKU003,CHI,370.96
2023-04-26,SKU004,NYC,304.10
2023-04-26,SKU004,LA,222.38
2023-04-26,SKU004,CHI,211.65
2023-04-26,SKU005,NYC,550.02
2023-04-26,SKU005,LA,403.72
2023-04-26,SKU005,CHI,316.88
2023-04-27,SKU001,NYC,441.87
2023-04-27,SKU001,LA,291.30
2023-04-27,SKU001,CHI,305.45
2023-04-27,SKU002,NYC,288.97
2023-04-27,SKU002,LA,229.90
2023-04-27,SKU002,CHI,227.37
2023-04-27,SKU003,NYC,540.83
2023-04-27,SKU003,LA,503.03
2023-04-27,SKU003,CHI,349.16
2023-04-27,SKU004,NYC,371.95
2023-04-27,SKU004,LA,257.67
2023-04-27,SKU004,CHI,245.22
2023-04-27,SKU005,NYC,565.90
2023-04-27,SKU005,LA,500.42
2023-04-27,SKU005,CHI,324.48
2023-04-28,SKU001,NYC,423.07
2023-04-28,SKU001,LA,338.33
2023-04-28,SKU001,CHI,316.22
2023-04-28,SKU002,NYC,250.10
2023-04-28,SKU002,LA,242.15
2023-04-28,SKU002,CHI,211.43
2023-04-28,SKU003,NYC,605.97
2023-04-28,SKU003,LA,420.12
2023-04-28,SKU003,CHI,441.27
2023-04-28,SKU004,NYC,360.58
2023-04-28,SKU004,LA,328.55
2023-04-28,SKU004,CHI,228.87
2023-04-28,SKU005,NYC,559.30
2023-04-28,SKU005,LA,473.57
2023-04-28,SKU005,CHI,355.26
2023-04-29,SKU001,NYC,699.81
2023-04-29,SKU001,LA,464.53
2023-04-29,SKU001,CHI,394.95
2023-04-29,SKU002,NYC,366.49
2023-04-29,SKU002,LA,308.26
2023-04-29,SKU002,CHI,257.29
2023-04-29,SKU003,NYC,716.23
2023-04-29,SKU003,LA,581.86
2023-04-29,SKU003,CHI,516.20
2023-04-29,SKU004,NYC,444.89
2023-04-29,SKU004,LA,469.12
2023-04-29,SKU004,CHI,303.81
2023-04-29,SKU005,NYC,674.29
2023-04-29,SKU005,LA,638.71
2023-04-29,SKU005,CHI,565.51
2023-04-30,SKU001,NYC,479.33
2023-04-30,SKU001,LA,534.14
2023-04-30,SKU001,CHI,340.31
2023-04-30,SKU002,NYC,371.05
2023-04-30,SKU002,LA,279.93
2023-04-30,SKU002,CHI,247.93
2023-04-30,SKU003,NYC,662.02
2023-04-30,SKU003,LA,601.62
2023-04-30,SKU003,CHI,495.15
2023-04-30,SKU004,NYC,455.68
2023-04-30,SKU004,LA,395.16
2023-04-30,SKU004,CHI,316.46
2023-04-30,SKU005,NYC,713.76
2023-04-30,SKU005,LA,677.24
2023-04-30,SKU005,CHI,487.66
2023-05-01,SKU001,NYC,416.76
2023-05-01,SKU001,LA,314.01
2023-05-01,SKU001,CHI,232.10
2023-05-01,SKU002,NYC,219.68
2023-05-01,SKU002,LA,152.67
2023-05-01,SKU002,CHI,162.13
2023-05-01,SKU003,NYC,442.91
2023-05-01,SKU003,LA,416.34
2023-05-01,SKU003,CHI,376.64
2023-05-01,SKU004,NYC,233.18
2023-05-01,SKU004,LA,267.93
2023-05-01,SKU004,CHI,170.40
2023-05-01,SKU005,NYC,381.85
2023-05-01,SKU005,LA,478.10
2023-05-01,SKU005,CHI,336.15
2023-05-02,SKU001,NYC,260.41
2023-05-02,SKU001,LA,350.25
2023-05-02,SKU001,CHI,241.45
2023-05-02,SKU002,NYC,291.08
2023-05-02,SKU002,LA,191.51
2023-05-02,SKU002,CHI,172.18
2023-05-02,SKU003,NYC,504.88
2023-05-02,SKU003,LA,329.71
2023-05-02,SKU003,CHI,336.95
2023-05-02,SKU004,NYC,324.04
2023-05-02,SKU004,LA,226.18
2023-05-02,SKU004,CHI,210.60
2023-05-02,SKU005,NYC,497.88
2023-05-02,SKU005,LA,390.13
2023-05-02,SKU005,CHI,346.76
2023-05-03,SKU001,NYC,392.93
2023-05-03,SKU001,LA,357.42
2023-05-03,SKU001,CHI,252.58
2023-05-03,SKU002,NYC,278.61
2023-05-03,SKU002,LA,207.27
2023-05-03,SKU002,CHI,179.63
2023-05-03,SKU003,NYC,514.29
2023-05-03,SKU003,LA,432.71
2023-05-03,SKU003,CHI,356.10
2023-05-03,SKU004,NYC,289.55
2023-05-03,SKU004,LA,241.20
2023-05-03,SKU004,CHI,163.42
2023-05-03,SKU005,NYC,476.21
2023-05-03,SKU005,LA,342.50
2023-05-03,SKU005,CHI,286.48
2023-05-04,SKU001,NYC,416.32
2023-05-04,SKU001,LA,384.41
2023-05-04,SKU001,CHI,305.21
2023-05-04,SKU002,NYC,309.53
2023-05-04,SKU002,LA,242.08
2023-05-04,SKU002,CHI,202.78
2023-05-04,SKU003,NYC,531.07
2023-05-04,SKU003,LA,560.61
2023-05-04,SKU003,CHI,451.72
2023-05-04,SKU004,NYC,329.49
2023-05-04,SKU004,LA,255.83
2023-05-04,SKU004,CHI,206.58
2023-05-04,SKU005,NYC,495.28
2023-05-04,SKU005,LA,412.55
2023-05-04,SKU005,CHI,375.03
2023-05-05,SKU001,NYC,439.26
2023-05-05,SKU001,LA,390.03
2023-05-05,SKU001,CHI,292.82
2023-05-05,SKU002,NYC,301.04
2023-05-05,SKU002,LA,238.31
2023-05-05,SKU002,CHI,227.21
2023-05-05,SKU003,NYC,674.69
2023-05-05,SKU003,LA,445.92
2023-05-05,SKU003,CHI,399.10
2023-05-05,SKU004,NYC,340.26
2023-05-05,SKU004,LA,283.43
2023-05-05,SKU004,CHI,219.76
2023-05-05,SKU005,NYC,481.61
2023-05-05,SKU005,LA,441.10
2023-05-05,SKU005,CHI,396.94
2023-05-06,SKU001,NYC,635.91
2023-05-06,SKU001,LA,509.88
2023-05-06,SKU001,CHI,378.00
2023-05-06,SKU002,NYC,433.33
2023-05-06,SKU002,LA,315.79
2023-05-06,SKU002,CHI,251.49
2023-05-06,SKU003,NYC,652.94
2023-05-06,SKU003,LA,701.88
2023-05-06,SKU003,CHI,552.77
2023-05-06,SKU004,NYC,409.45
2023-05-06,SKU004,LA,329.68
2023-05-06,SKU004,CHI,361.76
2023-05-06,SKU005,NYC,721.11
2023-05-06,SKU005,LA,524.37
2023-05-06,SKU005,CHI,455.61
2023-05-07,SKU001,NYC,589.25
2023-05-07,SKU001,LA,514.16
2023-05-07,SKU001,CHI,401.46
2023-05-07,SKU002,NYC,441.89
2023-05-07,SKU002,LA,340.27
2023-05-07,SKU002,CHI,265.26
2023-05-07,SKU003,NYC,842.32
2023-05-07,SKU003,LA,594.10
2023-05-07,SKU003,CHI,471.06
2023-05-07,SKU004,NYC,387.28
2023-05-07,SKU004,LA,404.54
2023-05-07,SKU004,CHI,279.55
2023-05-07,SKU005,NYC,720.85
2023-05-07,SKU005,LA,591.83
2023-05-07,SKU005,CHI,452.80
2023-05-08,SKU001,NYC,348.41
2023-05-08,SKU001,LA,332.55
2023-05-08,SKU001,CHI,281.33
2023-05-08,SKU002,NYC,237.67
2023-05-08,SKU002,LA,190.59
2023-05-08,SKU002,CHI,197.28
2023-05-08,SKU003,NYC,493.53
2023-05-08,SKU003,LA,384.88
2023-05-08,SKU003,CHI,315.32
2023-05-08,SKU004,NYC,318.99
2023-05-08,SKU004,LA,242.77
2023-05-08,SKU004,CHI,197.75
2023-05-08,SKU005,NYC,399.14
2023-05-08,SKU005,LA,352.13
2023-05-08,SKU005,CHI,339.49
2023-05-09,SKU001,NYC,377.10
2023-05-09,SKU001,LA,332.04
2023-05-09,SKU001,CHI,200.23
2023-05-09,SKU002,NYC,232.87
2023-05-09,SKU002,LA,212.44
2023-05-09,SKU002,CHI,175.90
2023-05-09,SKU003,NYC,589.09
2023-05-09,SKU003,LA,414.50
2023-05-09,SKU003,CHI,296.08
2023-05-09,SKU004,NYC,270.63
2023-05-09,SKU004,LA,211.38
2023-05-09,SKU004,CHI,221.52
2023-05-09,SKU005,NYC,449.83
2023-05-09,SKU005,LA,356.28
2023-05-09,SKU005,CHI,339.50
2023-05-10,SKU001,NYC,409.38
2023-05-10,SKU001,LA,291.10
2023-05-10,SKU001,CHI,228.04
2023-05-10,SKU002,NYC,253.65
2023-05-10,SKU002,LA,170.64
2023-05-10,SKU002,CHI,172.53
2023-05-10,SKU003,NYC,519.13
2023-05-10,SKU003,LA,412.56
2023-05-10,SKU003,CHI,347.09
2023-05-10,SKU004,NYC,292.44
2023-05-10,SKU004,LA,247.50
2023-05-10,SKU004,CHI,221.65
2023-05-10,SKU005,NYC,460.61
2023-05-10,SKU005,LA,441.26
2023-05-10,SKU005,CHI,329.72
2023-05-11,SKU001,NYC,412.02
2023-05-11,SKU001,LA,351.15
2023-05-11,SKU001,CHI,263.02
2023-05-11,SKU002,NYC,324.25
2023-05-11,SKU002,LA,307.76
2023-05-11,SKU002,CHI,187.80
2023-05-11,SKU003,NYC,587.12
2023-05-11,SKU003,LA,498.24
2023-05-11,SKU003,CHI,383.65
2023-05-11,SKU004,NYC,336.71
2023-05-11,SKU004,LA,303.48
2023-05-11,SKU004,CHI,194.88
2023-05-11,SKU005,NYC,487.67
2023-05-11,SKU005,LA,455.80
2023-05-11,SKU005,CHI,358.61
2023-05-12,SKU001,NYC,430.30
2023-05-12,SKU001,LA,372.17
2023-05-12,SKU001,CHI,314.95
2023-05-12,SKU002,NYC,257.91
2023-05-12,SKU002,LA,223.82
2023-05-12,SKU002,CHI,212.77
2023-05-12,SKU003,NYC,573.66
2023-05-12,SKU003,LA,482.66
2023-05-12,SKU003,CHI,424.91
2023-05-12,SKU004,NYC,278.73
2023-05-12,SKU004,LA,326.86
2023-05-12,SKU004,CHI,232.06
2023-05-12,SKU005,NYC,464.92
2023-05-12,SKU005,LA,497.91
2023-05-12,SKU005,CHI,419.10
2023-05-13,SKU001,NYC,729.90
2023-05-13,SKU001,LA,515.34
2023-05-13,SKU001,CHI,452.39
2023-05-13,SKU002,NYC,456.56
2023-05-13,SKU002,LA,311.64
2023-05-13,SKU002,CHI,362.89
2023-05-13,SKU003,NYC,769.98
2023-05-13,SKU003,LA,859.56
2023-05-13,SKU003,CHI,568.21
2023-05-13,SKU004,NYC,526.80
2023-05-13,SKU004,LA,416.76
2023-05-13,SKU004,CHI,389.96
2023-05-13,SKU005,NYC,944.72
2023-05-13,SKU005,LA,679.89
2023-05-13,SKU005,CHI,500.74
2023-05-14,SKU001,NYC,507.22
2023-05-14,SKU001,LA,484.90
2023-05-14,SKU001,CHI,282.59
2023-05-14,SKU002,NYC,312.56
2023-05-14,SKU002,LA,310.70
2023-05-14,SKU002,CHI,255.93
2023-05-14,SKU003,NYC,699.42
2023-05-14,SKU003,LA,586.01
2023-05-14,SKU003,CHI,405.57
2023-05-14,SKU004,NYC,423.87
2023-05-14,SKU004,LA,361.87
2023-05-14,SKU004,CHI,302.65
2023-05-14,SKU005,NYC,728.50
2023-05-14,SKU005,LA,462.28
2023-05-14,SKU005,CHI,531.18
2023-05-15,SKU001,NYC,280.47
2023-05-15,SKU001,LA,311.59
2023-05-15,SKU001,CHI,226.36
2023-05-15,SKU002,NYC,266.72
2023-05-15,SKU002,LA,213.53
2023-05-15,SKU002,CHI,158.82
2023-05-15,SKU003,NYC,464.19
2023-05-15,SKU003,LA,332.82
2023-05-15,SKU003,CHI,316.59
2023-05-15,SKU004,NYC,266.55
2023-05-15,SKU004,LA,217.04
2023-05-15,SKU004,CHI,170.29
2023-05-15,SKU005,NYC,449.74
2023-05-15,SKU005,LA,358.61
2023-05-15,SKU005,CHI,325.62
2023-05-16,SKU001,NYC,335.38
2023-05-16,SKU001,LA,251.45
2023-05-16,SKU001,CHI,217.72
2023-05-16,SKU002,NYC,242.79
2023-05-16,SKU002,LA,164.84
2023-05-16,SKU002,CHI,182.66
2023-05-16,SKU003,NYC,466.67
2023-05-16,SKU003,LA,392.81
2023-05-16,SKU003,CHI,322.72
2023-05-16,SKU004,NYC,305.73
2023-05-16,SKU004,LA,254.63
2023-05-16,SKU004,CHI,176.63
2023-05-16,SKU005,NYC,415.80
2023-05-16,SKU005,LA,446.94
2023-05-16,SKU005,CHI,235.74
2023-05-17,SKU001,NYC,317.75
2023-05-17,SKU001,LA,268.50
2023-05-17,SKU001,CHI,256.97
2023-05-17,SKU002,NYC,248.24
2023-05-17,SKU002,LA,207.56
2023-05-17,SKU002,CHI,146.92
2023-05-17,SKU003,NYC,491.89
2023-05-17,SKU003,LA,358.86
2023-05-17,SKU003,CHI,299.92
2023-05-17,SKU004,NYC,264.16
2023-05-17,SKU004,LA,220.99
2023-05-17,SKU004,CHI,171.51
2023-05-17,SKU005,NYC,456.35
2023-05-17,SKU005,LA,383.48
2023-05-17,SKU005,CHI,273.53
2023-05-18,SKU001,NYC,395.70
2023-05-18,SKU001,LA,360.49
2023-05-18,SKU001,CHI,280.72
2023-05-18,SKU002,NYC,323.99
2023-05-18,SKU002,LA,229.96
2023-05-18,SKU002,CHI,195.00
2023-05-18,SKU003,NYC,596.33
2023-05-18,SKU003,LA,419.51
2023-05-18,SKU003,CHI,332.40
2023-05-18,SKU004,NYC,289.31
2023-05-18,SKU004,LA,291.03
2023-05-18,SKU004,CHI,219.17
2023-05-18,SKU005,NYC,537.93
2023-05-18,SKU005,LA,442.56
2023-05-18,SKU005,CHI,356.92
2023-05-19,SKU001,NYC,440.04
2023-05-19,SKU001,LA,330.99
2023-05-19,SKU001,CHI,296.57
2023-05-19,SKU002,NYC,299.85
2023-05-19,SKU002,LA,202.82
2023-05-19,SKU002,CHI,183.94
2023-05-19,SKU003,NYC,644.37
2023-05-19,SKU003,LA,632.01
2023-05-19,SKU003,CHI,370.40
2023-05-19,SKU004,NYC,335.51
2023-05-19,SKU004,LA,233.14
2023-05-19,SKU004,CHI,225.62
2023-05-19,SKU005,NYC,519.94
2023-05-19,SKU005,LA,411.46
2023-05-19,SKU005,CHI,410.78
2023-05-20,SKU001,NYC,548.16
2023-05-20,SKU001,LA,402.88
2023-05-20,SKU001,CHI,318.80
2023-05-20,SKU002,NYC,393.53
2023-05-20,SKU002,LA,286.14
2023-05-20,SKU002,CHI,221.52
2023-05-20,SKU003,NYC,601.75
2023-05-20,SKU003,LA,595.12
2023-05-20,SKU003,CHI,511.31
2023-05-20,SKU004,NYC,469.24
2023-05-20,SKU004,LA,370.36
2023-05-20,SKU004,CHI,336.95
2023-05-20,SKU005,NYC,598.34
2023-05-20,SKU005,LA,576.80
2023-05-20,SKU005,CHI,469.80
2023-05-21,SKU001,NYC,447.75
2023-05-21,SKU001,LA,437.83
2023-05-21,SKU001,CHI,317.96
2023-05-21,SKU002,NYC,373.97
2023-05-21,SKU002,LA,279.26
2023-05-21,SKU002,CHI,259.73
2023-05-21,SKU003,NYC,836.77
2023-05-21,SKU003,LA,588.61
2023-05-21,SKU003,CHI,450.22
2023-05-21,SKU004,NYC,380.32
2023-05-21,SKU004,LA,375.07
2023-05-21,SKU004,CHI,261.90
2023-05-21,SKU005,NYC,740.65
2023-05-21,SKU005,LA,658.34
2023-05-21,SKU005,CHI,529.89
2023-05-22,SKU001,NYC,413.05
2023-05-22,SKU001,LA,294.43
2023-05-22,SKU001,CHI,243.69
2023-05-22,SKU002,NYC,219.82
2023-05-22,SKU002,LA,172.39
2023-05-22,SKU002,CHI,170.83
2023-05-22,SKU003,NYC,404.01
2023-05-22,SKU003,LA,431.59
2023-05-22,SKU003,CHI,287.01
2023-05-22,SKU004,NYC,276.56
2023-05-22,SKU004,LA,276.21
2023-05-22,SKU004,CHI,193.09
2023-05-22,SKU005,NYC,464.71
2023-05-22,SKU005,LA,358.47
2023-05-22,SKU005,CHI,320.01
2023-05-23,SKU001,NYC,339.54
2023-05-23,SKU001,LA,263.51
2023-05-23,SKU001,CHI,209.45
2023-05-23,SKU002,NYC,200.81
2023-05-23,SKU002,LA,173.40
2023-05-23,SKU002,CHI,169.35
2023-05-23,SKU003,NYC,466.29
2023-05-23,SKU003,LA,354.41
2023-05-23,SKU003,CHI,338.09
2023-05-23,SKU004,NYC,286.91
2023-05-23,SKU004,LA,245.26
2023-05-23,SKU004,CHI,169.21
2023-05-23,SKU005,NYC,420.84
2023-05-23,SKU005,LA,380.59
2023-05-23,SKU005,CHI,286.21
2023-05-24,SKU001,NYC,382.98
2023-05-24,SKU001,LA,312.41
2023-05-24,SKU001,CHI,266.72
2023-05-24,SKU002,NYC,244.82
2023-05-24,SKU002,LA,185.27
2023-05-24,SKU002,CHI,159.10
2023-05-24,SKU003,NYC,578.51
2023-05-24,SKU003,LA,433.56
2023-05-24,SKU003,CHI,308.07
2023-05-24,SKU004,NYC,301.21
2023-05-24,SKU004,LA,229.52
2023-05-24,SKU004,CHI,181.44
2023-05-24,SKU005,NYC,490.30
2023-05-24,SKU005,LA,382.74
2023-05-24,SKU005,CHI,321.10
2023-05-25,SKU001,NYC,479.98
2023-05-25,SKU001,LA,323.62
2023-05-25,SKU001,CHI,280.84
2023-05-25,SKU002,NYC,305.46
2023-05-25,SKU002,LA,250.90
2023-05-25,SKU002,CHI,178.99
2023-05-25,SKU003,NYC,553.92
2023-05-25,SKU003,LA,547.62
2023-05-25,SKU003,CHI,346.89
2023-05-25,SKU004,NYC,345.47
2023-05-25,SKU004,LA,288.71
2023-05-25,SKU004,CHI,188.57
2023-05-25,SKU005,NYC,550.90
2023-05-25,SKU005,LA,373.15
2023-05-25,SKU005,CHI,352.26
2023-05-26,SKU001,NYC,458.16
2023-05-26,SKU001,LA,322.97
2023-05-26,SKU001,CHI,230.56
2023-05-26,SKU002,NYC,277.72
2023-05-26,SKU002,LA,231.53
2023-05-26,SKU002,CHI,187.82
2023-05-26,SKU003,NYC,562.57
2023-05-26,SKU003,LA,471.43
2023-05-26,SKU003,CHI,313.05
2023-05-26,SKU004,NYC,364.87
2023-05-26,SKU004,LA,215.06
2023-05-26,SKU004,CHI,211.85
2023-05-26,SKU005,NYC,558.02
2023-05-26,SKU005,LA,397.46
2023-05-26,SKU005,CHI,294.30
2023-05-27,SKU001,NYC,489.38
2023-05-27,SKU001,LA,419.53
2023-05-27,SKU001,CHI,423.54
2023-05-27,SKU002,NYC,307.24
2023-05-27,SKU002,LA,313.69
2023-05-27,SKU002,CHI,235.99
2023-05-27,SKU003,NYC,655.63
2023-05-27,SKU003,LA,512.70
2023-05-27,SKU003,CHI,419.38
2023-05-27,SKU004,NYC,442.18
2023-05-27,SKU004,LA,380.30
2023-05-27,SKU004,CHI,322.49
2023-05-27,SKU005,NYC,606.19
2023-05-27,SKU005,LA,440.02
2023-05-27,SKU005,CHI,472.57
2023-05-28,SKU001,NYC,556.13
2023-05-28,SKU001,LA,492.43
2023-05-28,SKU001,CHI,285.51
2023-05-28,SKU002,NYC,414.56
2023-05-28,SKU002,LA,304.42
2023-05-28,SKU002,CHI,288.90
2023-05-28,SKU003,NYC,697.81
2023-05-28,SKU003,LA,676.54
2023-05-28,SKU003,CHI,447.62
2023-05-28,SKU004,NYC,518.52
2023-05-28,SKU004,LA,337.36
2023-05-28,SKU004,CHI,241.35
2023-05-28,SKU005,NYC,685.19
2023-05-28,SKU005,LA,621.38
2023-05-28,SKU005,CHI,502.71
2023-05-29,SKU001,NYC,342.79
2023-05-29,SKU001,LA,298.86
2023-05-29,SKU001,CHI,229.65
2023-05-29,SKU002,NYC,267.07
2023-05-29,SKU002,LA,216.70
2023-05-29,SKU002,CHI,149.02
2023-05-29,SKU003,NYC,510.55
2023-05-29,SKU003,LA,386.95
2023-05-29,SKU003,CHI,347.04
2023-05-29,SKU004,NYC,267.99
2023-05-29,SKU004,LA,234.25
2023-05-29,SKU004,CHI,175.13
2023-05-29,SKU005,NYC,368.61
2023-05-29,SKU005,LA,319.90
2023-05-29,SKU005,CHI,324.07
2023-05-30,SKU001,NYC,365.71
2023-05-30,SKU001,LA,264.26
2023-05-30,SKU001,CHI,240.88
2023-05-30,SKU002,NYC,235.80
2023-05-30,SKU002,LA,210.97
2023-05-30,SKU002,CHI,149.74
2023-05-30,SKU003,NYC,464.18
2023-05-30,SKU003,LA,342.60
2023-05-30,SKU003,CHI,345.28
2023-05-30,SKU004,NYC,292.68
2023-05-30,SKU004,LA,234.50
2023-05-30,SKU004,CHI,230.73
2023-05-30,SKU005,NYC,487.84
2023-05-30,SKU005,LA,415.65
2023-05-30,SKU005,CHI,300.61
2023-05-31,SKU001,NYC,326.22
2023-05-31,SKU001,LA,299.66
2023-05-31,SKU001,CHI,230.44
2023-05-31,SKU002,NYC,226.72
2023-05-31,SKU002,LA,218.82
2023-05-31,SKU002,CHI,151.58
2023-05-31,SKU003,NYC,475.82
2023-05-31,SKU003,LA,391.63
2023-05-31,SKU003,CHI,262.98
2023-05-31,SKU004,NYC,292.58
2023-05-31,SKU004,LA,249.30
2023-05-31,SKU004,CHI,186.14
2023-05-31,SKU005,NYC,447.14
2023-05-31,SKU005,LA,351.71
2023-05-31,SKU005,CHI,272.50
2023-06-01,SKU001,NYC,378.77
2023-06-01,SKU001,LA,276.16
2023-06-01,SKU001,CHI,283.88
2023-06-01,SKU002,NYC,239.15
2023-06-01,SKU002,LA,219.49
2023-06-01,SKU002,CHI,145.48
2023-06-01,SKU003,NYC,509.02
2023-06-01,SKU003,LA,479.09
2023-06-01,SKU003,CHI,366.80
2023-06-01,SKU004,NYC,327.24
2023-06-01,SKU004,LA,278.36
2023-06-01,SKU004,CHI,180.72
2023-06-01,SKU005,NYC,556.93
2023-06-01,SKU005,LA,408.94
2023-06-01,SKU005,CHI,342.53
2023-06-02,SKU001,NYC,421.15
2023-06-02,SKU001,LA,247.00
2023-06-02,SKU001,CHI,307.30
2023-06-02,SKU002,NYC,265.99
2023-06-02,SKU002,LA,242.26
2023-06-02,SKU002,CHI,177.25
2023-06-02,SKU003,NYC,511.01
2023-06-02,SKU003,LA,513.68
2023-06-02,SKU003,CHI,319.36
2023-06-02,SKU004,NYC,335.35
2023-06-02,SKU004,LA,257.09
2023-06-02,SKU004,CHI,228.40
2023-06-02,SKU005,NYC,557.66
2023-06-02,SKU005,LA,455.98
2023-06-02,SKU005,CHI,360.12
2023-06-03,SKU001,NYC,492.57
2023-06-03,SKU001,LA,425.90
2023-06-03,SKU001,CHI,360.94
2023-06-03,SKU002,NYC,400.59
2023-06-03,SKU002,LA,311.97
2023-06-03,SKU002,CHI,233.83
2023-06-03,SKU003,NYC,722.19
2023-06-03,SKU003,LA,643.26
2023-06-03,SKU003,CHI,493.55
2023-06-03,SKU004,NYC,461.06
2023-06-03,SKU004,LA,338.35
2023-06-03,SKU004,CHI,307.61
2023-06-03,SKU005,NYC,640.79
2023-06-03,SKU005,LA,559.02
2023-06-03,SKU005,CHI,468.55
2023-06-04,SKU001,NYC,453.86
2023-06-04,SKU001,LA,425.14
2023-06-04,SKU001,CHI,358.52
2023-06-04,SKU002,NYC,363.09
2023-06-04,SKU002,LA,322.35
2023-06-04,SKU002,CHI,182.79
2023-06-04,SKU003,NYC,589.06
2023-06-04,SKU003,LA,647.33
2023-06-04,SKU003,CHI,505.88
2023-06-04,SKU004,NYC,504.75
2023-06-04,SKU004,LA,348.02
2023-06-04,SKU004,CHI,315.42
2023-06-04,SKU005,NYC,811.79
2023-06-04,SKU005,LA,426.86
2023-06-04,SKU005,CHI,369.28
2023-06-05,SKU001,NYC,324.91
2023-06-05,SKU001,LA,244.48
2023-06-05,SKU001,CHI,262.50
2023-06-05,SKU002,NYC,227.10
2023-06-05,SKU002,LA,180.80
2023-06-05,SKU002,CHI,174.75
2023-06-05,SKU003,NYC,491.69
2023-06-05,SKU003,LA,362.23
2023-06-05,SKU003,CHI,328.74
2023-06-05,SKU004,NYC,250.55
2023-06-05,SKU004,LA,213.94
2023-06-05,SKU004,CHI,205.67
2023-06-05,SKU005,NYC,397.17
2023-06-05,SKU005,LA,343.44
2023-06-05,SKU005,CHI,275.86
2023-06-06,SKU001,NYC,322.45
2023-06-06,SKU001,LA,212.24
2023-06-06,SKU001,CHI,192.26
2023-06-06,SKU002,NYC,236.61
2023-06-06,SKU002,LA,220.97
2023-06-06,SKU002,CHI,166.04
2023-06-06,SKU003,NYC,437.28
2023-06-06,SKU003,LA,379.45
2023-06-06,SKU003,CHI,255.89
2023-06-06,SKU004,NYC,268.65
2023-06-06,SKU004,LA,224.25
2023-06-06,SKU004,CHI,172.95
2023-06-06,SKU005,NYC,459.34
2023-06-06,SKU005,LA,375.44
2023-06-06,SKU005,CHI,304.96
2023-06-07,SKU001,NYC,416.62
2023-06-07,SKU001,LA,299.73
2023-06-07,SKU001,CHI,182.75
2023-06-07,SKU002,NYC,200.40
2023-06-07,SKU002,LA,192.92
2023-06-07,SKU002,CHI,141.44
2023-06-07,SKU003,NYC,449.28
2023-06-07,SKU003,LA,438.42
2023-06-07,SKU003,CHI,309.74
2023-06-07,SKU004,NYC,242.15
2023-06-07,SKU004,LA,262.43
2023-06-07,SKU004,CHI,179.94
2023-06-07,SKU005,NYC,431.04
2023-06-07,SKU005,LA,368.77
2023-06-07,SKU005,CHI,303.70
2023-06-08,SKU001,NYC,371.88
2023-06-08,SKU001,LA,336.54
2023-06-08,SKU001,CHI,300.89
2023-06-08,SKU002,NYC,307.56
2023-06-08,SKU002,LA,209.51
2023-06-08,SKU002,CHI,182.84
2023-06-08,SKU003,NYC,624.60
2023-06-08,SKU003,LA,439.86
2023-06-08,SKU003,CHI,312.76
2023-06-08,SKU004,NYC,302.90
2023-06-08,SKU004,LA,286.02
2023-06-08,SKU004,CHI,213.70
2023-06-08,SKU005,NYC,511.54
2023-06-08,SKU005,LA,435.69
2023-06-08,SKU005,CHI,330.26
2023-06-09,SKU001,NYC,421.33
2023-06-09,SKU001,LA,378.70
2023-06-09,SKU001,CHI,278.86
2023-06-09,SKU002,NYC,288.04
2023-06-09,SKU002,LA,253.69
2023-06-09,SKU002,CHI,195.78
2023-06-09,SKU003,NYC,603.04
2023-06-09,SKU003,LA,360.14
2023-06-09,SKU003,CHI,362.40
2023-06-09,SKU004,NYC,336.70
2023-06-09,SKU004,LA,266.09
2023-06-09,SKU004,CHI,197.38
2023-06-09,SKU005,NYC,502.63
2023-06-09,SKU005,LA,393.17
2023-06-09,SKU005,CHI,351.05
2023-06-10,SKU001,NYC,556.66
2023-06-10,SKU001,LA,424.01
2023-06-10,SKU001,CHI,384.54
2023-06-10,SKU002,NYC,336.96
2023-06-10,SKU002,LA,278.58
2023-06-10,SKU002,CHI,238.96
2023-06-10,SKU003,NYC,675.80
2023-06-10,SKU003,LA,644.91
2023-06-10,SKU003,CHI,461.21
2023-06-10,SKU004,NYC,442.99
2023-06-10,SKU004,LA,383.36
2023-06-10,SKU004,CHI,234.72
2023-06-10,SKU005,NYC,658.46
2023-06-10,SKU005,LA,558.33
2023-06-10,SKU005,CHI,359.85
2023-06-11,SKU001,NYC,524.00
2023-06-11,SKU001,LA,425.95
2023-06-11,SKU001,CHI,297.35
2023-06-11,SKU002,NYC,402.77
2023-06-11,SKU002,LA,299.95
2023-06-11,SKU002,CHI,183.60
2023-06-11,SKU003,NYC,670.33
2023-06-11,SKU003,LA,567.50
2023-06-11,SKU003,CHI,463.92
2023-06-11,SKU004,NYC,388.32
2023-06-11,SKU004,LA,312.81
2023-06-11,SKU004,CHI,287.24
2023-06-11,SKU005,NYC,598.02
2023-06-11,SKU005,LA,604.83
2023-06-11,SKU005,CHI,462.83
2023-06-12,SKU001,NYC,348.77
2023-06-12,SKU001,LA,267.76
2023-06-12,SKU001,CHI,229.66
2023-06-12,SKU002,NYC,233.75
2023-06-12,SKU002,LA,196.53
2023-06-12,SKU002,CHI,130.01
2023-06-12,SKU003,NYC,459.80
2023-06-12,SKU003,LA,296.14
2023-06-12,SKU003,CHI,310.51
2023-06-12,SKU004,NYC,342.66
2023-06-12,SKU004,LA,206.72
2023-06-12,SKU004,CHI,168.35
2023-06-12,SKU005,NYC,468.72
2023-06-12,SKU005,LA,330.29
2023-06-12,SKU005,CHI,258.76
2023-06-13,SKU001,NYC,332.61
2023-06-13,SKU001,LA,288.22
2023-06-13,SKU001,CHI,246.83
2023-06-13,SKU002,NYC,221.50
2023-06-13,SKU002,LA,181.95
2023-06-13,SKU002,CHI,150.81
2023-06-13,SKU003,NYC,427.58
2023-06-13,SKU003,LA,394.90
2023-06-13,SKU003,CHI,348.70
2023-06-13,SKU004,NYC,251.89
2023-06-13,SKU004,LA,202.48
2023-06-13,SKU004,CHI,181.88
2023-06-13,SKU005,NYC,407.66
2023-06-13,SKU005,LA,309.12
2023-06-13,SKU005,CHI,250.11
2023-06-14,SKU001,NYC,277.43
2023-06-14,SKU001,LA,281.98
2023-06-14,SKU001,CHI,210.26
2023-06-14,SKU002,NYC,273.88
2023-06-14,SKU002,LA,201.23
2023-06-14,SKU002,CHI,139.06
2023-06-14,SKU003,NYC,409.47
2023-06-14,SKU003,LA,365.56
2023-06-14,SKU003,CHI,264.98
2023-06-14,SKU004,NYC,272.55
2023-06-14,SKU004,LA,254.10
2023-06-14,SKU004,CHI,177.25
2023-06-14,SKU005,NYC,402.83
2023-06-14,SKU005,LA,289.61
2023-06-14,SKU005,CHI,246.07
2023-06-15,SKU001,NYC,404.25
2023-06-15,SKU001,LA,329.60
2023-06-15,SKU001,CHI,272.26
2023-06-15,SKU002,NYC,234.37
2023-06-15,SKU002,LA,247.66
2023-06-15,SKU002,CHI,173.07
2023-06-15,SKU003,NYC,441.65
2023-06-15,SKU003,LA,401.20
2023-06-15,SKU003,CHI,337.77
2023-06-15,SKU004,NYC,320.75
2023-06-15,SKU004,LA,224.46
2023-06-15,SKU004,CHI,234.33
2023-06-15,SKU005,NYC,508.70
2023-06-15,SKU005,LA,460.58
2023-06-15,SKU005,CHI,388.42
2023-06-16,SKU001,NYC,389.05
2023-06-16,SKU001,LA,312.85
2023-06-16,SKU001,CHI,282.67
2023-06-16,SKU002,NYC,225.88
2023-06-16,SKU002,LA,252.37
2023-06-16,SKU002,CHI,181.15
2023-06-16,SKU003,NYC,518.45
2023-06-16,SKU003,LA,400.08
2023-06-16,SKU003,CHI,313.86
2023-06-16,SKU004,NYC,313.19
2023-06-16,SKU004,LA,281.74
2023-06-16,SKU004,CHI,215.08
2023-06-16,SKU005,NYC,392.14
2023-06-16,SKU005,LA,395.52
2023-06-16,SKU005,CHI,357.23
2023-06-17,SKU001,NYC,617.00
2023-06-17,SKU001,LA,427.93
2023-06-17,SKU001,CHI,360.78
2023-06-17,SKU002,NYC,355.61
2023-06-17,SKU002,LA,284.27
2023-06-17,SKU002,CHI,209.70
2023-06-17,SKU003,NYC,639.71
2023-06-17,SKU003,LA,508.21
2023-06-17,SKU003,CHI,491.32
2023-06-17,SKU004,NYC,456.03
2023-06-17,SKU004,LA,343.60
2023-06-17,SKU004,CHI,262.34
2023-06-17,SKU005,NYC,729.83
2023-06-17,SKU005,LA,674.87
2023-06-17,SKU005,CHI,364.70
2023-06-18,SKU001,NYC,550.75
2023-06-18,SKU001,LA,440.59
2023-06-18,SKU001,CHI,358.85
2023-06-18,SKU002,NYC,380.22
2023-06-18,SKU002,LA,341.95
2023-06-18,SKU002,CHI,234.07
2023-06-18,SKU003,NYC,856.39
2023-06-18,SKU003,LA,517.95
2023-06-18,SKU003,CHI,505.55
2023-06-18,SKU004,NYC,360.32
2023-06-18,SKU004,LA,300.63
2023-06-18,SKU004,CHI,292.01
2023-06-18,SKU005,NYC,711.07
2023-06-18,SKU005,LA,520.76
2023-06-18,SKU005,CHI,466.94
2023-06-19,SKU001,NYC,316.41
2023-06-19,SKU001,LA,315.92
2023-06-19,SKU001,CHI,193.79
2023-06-19,SKU002,NYC,237.44
2023-06-19,SKU002,LA,199.40
2023-06-19,SKU002,CHI,158.34
2023-06-19,SKU003,NYC,461.09
2023-06-19,SKU003,LA,379.56
2023-06-19,SKU003,CHI,228.21
2023-06-19,SKU004,NYC,234.64
2023-06-19,SKU004,LA,252.02
2023-06-19,SKU004,CHI,196.07
2023-06-19,SKU005,NYC,492.94
2023-06-19,SKU005,LA,363.92
2023-06-19,SKU005,CHI,338.16
2023-06-20,SKU001,NYC,336.65
2023-06-20,SKU001,LA,313.83
2023-06-20,SKU001,CHI,216.94
2023-06-20,SKU002,NYC,219.94
2023-06-20,SKU002,LA,211.52
2023-06-20,SKU002,CHI,132.73
2023-06-20,SKU003,NYC,531.70
2023-06-20,SKU003,LA,455.29
2023-06-20,SKU003,CHI,307.37
2023-06-20,SKU004,NYC,313.07
2023-06-20,SKU004,LA,216.99
2023-06-20,SKU004,CHI,178.88
2023-06-20,SKU005,NYC,444.68
2023-06-20,SKU005,LA,341.94
2023-06-20,SKU005,CHI,309.96
2023-06-21,SKU001,NYC,372.17
2023-06-21,SKU001,LA,303.23
2023-06-21,SKU001,CHI,216.09
2023-06-21,SKU002,NYC,197.44
2023-06-21,SKU002,LA,202.19
2023-06-21,SKU002,CHI,149.78
2023-06-21,SKU003,NYC,387.06
2023-06-21,SKU003,LA,338.41
2023-06-21,SKU003,CHI,299.03
2023-06-21,SKU004,NYC,317.26
2023-06-21,SKU004,LA,238.17
2023-06-21,SKU004,CHI,167.39
2023-06-21,SKU005,NYC,387.83
2023-06-21,SKU005,LA,326.33
2023-06-21,SKU005,CHI,260.28
2023-06-22,SKU001,NYC,408.72
2023-06-22,SKU001,LA,372.53
2023-06-22,SKU001,CHI,340.77
2023-06-22,SKU002,NYC,322.65
2023-06-22,SKU002,LA,217.50
2023-06-22,SKU002,CHI,200.01
2023-06-22,SKU003,NYC,549.04
2023-06-22,SKU003,LA,531.95
2023-06-22,SKU003,CHI,381.11
2023-06-22,SKU004,NYC,308.08
2023-06-22,SKU004,LA,296.16
2023-06-22,SKU004,CHI,198.98
2023-06-22,SKU005,NYC,479.83
2023-06-22,SKU005,LA,413.31
2023-06-22,SKU005,CHI,332.20
2023-06-23,SKU001,NYC,318.82
2023-06-23,SKU001,LA,369.54
2023-06-23,SKU001,CHI,340.12
2023-06-23,SKU002,NYC,240.46
2023-06-23,SKU002,LA,259.68
2023-06-23,SKU002,CHI,151.92
2023-06-23,SKU003,NYC,539.76
2023-06-23,SKU003,LA,415.88
2023-06-23,SKU003,CHI,369.65
2023-06-23,SKU004,NYC,341.37
2023-06-23,SKU004,LA,235.40
2023-06-23,SKU004,CHI,212.73
2023-06-23,SKU005,NYC,550.36
2023-06-23,SKU005,LA,387.50
2023-06-23,SKU005,CHI,384.08
2023-06-24,SKU001,NYC,591.32
2023-06-24,SKU001,LA,415.96
2023-06-24,SKU001,CHI,398.87
2023-06-24,SKU002,NYC,287.75
2023-06-24,SKU002,LA,279.35
2023-06-24,SKU002,CHI,250.86
2023-06-24,SKU003,NYC,775.32
2023-06-24,SKU003,LA,655.27
2023-06-24,SKU003,CHI,518.45
2023-06-24,SKU004,NYC,423.79
2023-06-24,SKU004,LA,375.99
2023-06-24,SKU004,CHI,282.26
2023-06-24,SKU005,NYC,569.23
2023-06-24,SKU005,LA,606.25
2023-06-24,SKU005,CHI,470.11
2023-06-25,SKU001,NYC,517.98
2023-06-25,SKU001,LA,411.92
2023-06-25,SKU001,CHI,417.82
2023-06-25,SKU002,NYC,324.25
2023-06-25,SKU002,LA,300.12
2023-06-25,SKU002,CHI,221.64
2023-06-25,SKU003,NYC,705.29
2023-06-25,SKU003,LA,658.10
2023-06-25,SKU003,CHI,492.15
2023-06-25,SKU004,NYC,409.56
2023-06-25,SKU004,LA,380.78
2023-06-25,SKU004,CHI,307.95
2023-06-25,SKU005,NYC,663.59
2023-06-25,SKU005,LA,532.77
2023-06-25,SKU005,CHI,413.08
2023-06-26,SKU001,NYC,278.41
2023-06-26,SKU001,LA,330.58
2023-06-26,SKU001,CHI,212.73
2023-06-26,SKU002,NYC,206.94
2023-06-26,SKU002,LA,178.48
2023-06-26,SKU002,CHI,138.28
2023-06-26,SKU003,NYC,515.82
2023-06-26,SKU003,LA,383.57
2023-06-26,SKU003,CHI,279.29
2023-06-26,SKU004,NYC,254.32
2023-06-26,SKU004,LA,207.44
2023-06-26,SKU004,CHI,205.14
2023-06-26,SKU005,NYC,374.95
2023-06-26,SKU005,LA,367.52
2023-06-26,SKU005,CHI,305.89
2023-06-27,SKU001,NYC,356.55
2023-06-27,SKU001,LA,293.06
2023-06-27,SKU001,CHI,226.07
2023-06-27,SKU002,NYC,179.33
2023-06-27,SKU002,LA,194.98
2023-06-27,SKU002,CHI,148.49
2023-06-27,SKU003,NYC,403.53
2023-06-27,SKU003,LA,443.53
2023-06-27,SKU003,CHI,348.94
2023-06-27,SKU004,NYC,266.61
2023-06-27,SKU004,LA,239.04
2023-06-27,SKU004,CHI,184.70
2023-06-27,SKU005,NYC,355.32
2023-06-27,SKU005,LA,349.40
2023-06-27,SKU005,CHI,317.50
2023-06-28,SKU001,NYC,340.57
2023-06-28,SKU001,LA,258.36
2023-06-28,SKU001,CHI,255.56
2023-06-28,SKU002,NYC,242.90
2023-06-28,SKU002,LA,172.90
2023-06-28,SKU002,CHI,147.56
2023-06-28,SKU003,NYC,445.98
2023-06-28,SKU003,LA,349.87
2023-06-28,SKU003,CHI,334.03
2023-06-28,SKU004,NYC,262.29
2023-06-28,SKU004,LA,234.27
2023-06-28,SKU004,CHI,217.87
2023-06-28,SKU005,NYC,409.46
2023-06-28,SKU005,LA,325.35
2023-06-28,SKU005,CHI,292.59
2023-06-29,SKU001,NYC,387.48
2023-06-29,SKU001,LA,326.86
2023-06-29,SKU001,CHI,245.86
2023-06-29,SKU002,NYC,233.69
2023-06-29,SKU002,LA,221.37
2023-06-29,SKU002,CHI,160.52
2023-06-29,SKU003,NYC,488.27
2023-06-29,SKU003,LA,587.12
2023-06-29,SKU003,CHI,454.45
2023-06-29,SKU004,NYC,404.39
2023-06-29,SKU004,LA,263.90
2023-06-29,SKU004,CHI,193.90
2023-06-29,SKU005,NYC,545.85
2023-06-29,SKU005,LA,386.62
2023-06-29,SKU005,CHI,335.25
2023-06-30,SKU001,NYC,368.57
2023-06-30,SKU001,LA,369.00
2023-06-30,SKU001,CHI,268.09
2023-06-30,SKU002,NYC,285.93
2023-06-30,SKU002,LA,216.80
2023-06-30,SKU002,CHI,180.99
2023-06-30,SKU003,NYC,450.01
2023-06-30,SKU003,LA,453.43
2023-06-30,SKU003,CHI,354.98
2023-06-30,SKU004,NYC,340.88
2023-06-30,SKU004,LA,259.89
2023-06-30,SKU004,CHI,196.47
2023-06-30,SKU005,NYC,522.17
2023-06-30,SKU005,LA,494.81
2023-06-30,SKU005,CHI,340.45
2023-07-01,SKU001,NYC,623.66
2023-07-01,SKU001,LA,330.75
2023-07-01,SKU001,CHI,322.31
2023-07-01,SKU002,NYC,350.97
2023-07-01,SKU002,LA,260.50
2023-07-01,SKU002,CHI,174.61
2023-07-01,SKU003,NYC,719.31
2023-07-01,SKU003,LA,537.20
2023-07-01,SKU003,CHI,438.90
2023-07-01,SKU004,NYC,420.07
2023-07-01,SKU004,LA,347.36
2023-07-01,SKU004,CHI,266.41
2023-07-01,SKU005,NYC,716.66
2023-07-01,SKU005,LA,518.19
2023-07-01,SKU005,CHI,501.04
2023-07-02,SKU001,NYC,595.22
2023-07-02,SKU001,LA,371.98
2023-07-02,SKU001,CHI,322.60
2023-07-02,SKU002,NYC,394.67
2023-07-02,SKU002,LA,262.77
2023-07-02,SKU002,CHI,226.99
2023-07-02,SKU003,NYC,728.54
2023-07-02,SKU003,LA,657.56
2023-07-02,SKU003,CHI,534.28
2023-07-02,SKU004,NYC,420.77
2023-07-02,SKU004,LA,374.96
2023-07-02,SKU004,CHI,293.98
2023-07-02,SKU005,NYC,786.32
2023-07-02,SKU005,LA,562.82
2023-07-02,SKU005,CHI,444.74
2023-07-03,SKU001,NYC,340.56
2023-07-03,SKU001,LA,252.03
2023-07-03,SKU001,CHI,201.48
2023-07-03,SKU002,NYC,173.03
2023-07-03,SKU002,LA,226.25
2023-07-03,SKU002,CHI,188.74
2023-07-03,SKU003,NYC,388.98
2023-07-03,SKU003,LA,424.82
2023-07-03,SKU003,CHI,325.85
2023-07-03,SKU004,NYC,273.98
2023-07-03,SKU004,LA,247.48
2023-07-03,SKU004,CHI,184.51
2023-07-03,SKU005,NYC,560.56
2023-07-03,SKU005,LA,402.74
2023-07-03,SKU005,CHI,272.12
2023-07-04,SKU001,NYC,403.41
2023-07-04,SKU001,LA,429.13
2023-07-04,SKU001,CHI,293.69
2023-07-04,SKU002,NYC,301.64
2023-07-04,SKU002,LA,260.77
2023-07-04,SKU002,CHI,206.91
2023-07-04,SKU003,NYC,682.94
2023-07-04,SKU003,LA,461.95
2023-07-04,SKU003,CHI,314.24
2023-07-04,SKU004,NYC,343.94
2023-07-04,SKU004,LA,279.38
2023-07-04,SKU004,CHI,227.34
2023-07-04,SKU005,NYC,481.27
2023-07-04,SKU005,LA,435.73
2023-07-04,SKU005,CHI,328.85
2023-07-05,SKU001,NYC,382.28
2023-07-05,SKU001,LA,259.09
2023-07-05,SKU001,CHI,227.23
2023-07-05,SKU002,NYC,271.82
2023-07-05,SKU002,LA,191.32
2023-07-05,SKU002,CHI,164.37
2023-07-05,SKU003,NYC,519.43
2023-07-05,SKU003,LA,415.90
2023-07-05,SKU003,CHI,296.28
2023-07-05,SKU004,NYC,251.48
2023-07-05,SKU004,LA,264.14
2023-07-05,SKU004,CHI,190.67
2023-07-05,SKU005,NYC,413.15
2023-07-05,SKU005,LA,357.85
2023-07-05,SKU005,CHI,295.20
2023-07-06,SKU001,NYC,338.21
2023-07-06,SKU001,LA,359.33
2023-07-06,SKU001,CHI,302.87
2023-07-06,SKU002,NYC,261.84
2023-07-06,SKU002,LA,213.88
2023-07-06,SKU002,CHI,179.11
2023-07-06,SKU003,NYC,545.44
2023-07-06,SKU003,LA,557.28
2023-07-06,SKU003,CHI,402.54
2023-07-06,SKU004,NYC,336.91
2023-07-06,SKU004,LA,258.88
2023-07-06,SKU004,CHI,222.34
2023-07-06,SKU005,NYC,515.25
2023-07-06,SKU005,LA,386.53
2023-07-06,SKU005,CHI,334.98
2023-07-07,SKU001,NYC,430.48
2023-07-07,SKU001,LA,306.79
2023-07-07,SKU001,CHI,238.68
2023-07-07,SKU002,NYC,276.44
2023-07-07,SKU002,LA,224.71
2023-07-07,SKU002,CHI,155.01
2023-07-07,SKU003,NYC,624.17
2023-07-07,SKU003,LA,519.51
2023-07-07,SKU003,CHI,449.44
2023-07-07,SKU004,NYC,316.56
2023-07-07,SKU004,LA,292.19
2023-07-07,SKU004,CHI,248.25
2023-07-07,SKU005,NYC,554.77
2023-07-07,SKU005,LA,489.00
2023-07-07,SKU005,CHI,356.44
2023-07-08,SKU001,NYC,511.12
2023-07-08,SKU001,LA,468.72
2023-07-08,SKU001,CHI,375.80
2023-07-08,SKU002,NYC,390.88
2023-07-08,SKU002,LA,338.24
2023-07-08,SKU002,CHI,247.86
2023-07-08,SKU003,NYC,711.38
2023-07-08,SKU003,LA,677.21
2023-07-08,SKU003,CHI,477.41
2023-07-08,SKU004,NYC,396.75
2023-07-08,SKU004,LA,394.33
2023-07-08,SKU004,CHI,226.66
2023-07-08,SKU005,NYC,762.75
2023-07-08,SKU005,LA,619.92
2023-07-08,SKU005,CHI,457.29
2023-07-09,SKU001,NYC,600.14
2023-07-09,SKU001,LA,430.83
2023-07-09,SKU001,CHI,369.86
2023-07-09,SKU002,NYC,314.18
2023-07-09,SKU002,LA,267.99
2023-07-09,SKU002,CHI,255.46
2023-07-09,SKU003,NYC,698.88
2023-07-09,SKU003,LA,537.86
2023-07-09,SKU003,CHI,531.00
2023-07-09,SKU004,NYC,429.72
2023-07-09,SKU004,LA,336.98
2023-07-09,SKU004,CHI,284.12
2023-07-09,SKU005,NYC,791.21
2023-07-09,SKU005,LA,634.95
2023-07-09,SKU005,CHI,460.89
2023-07-10,SKU001,NYC,375.81
2023-07-10,SKU001,LA,277.15
2023-07-10,SKU001,CHI,277.75
2023-07-10,SKU002,NYC,271.98
2023-07-10,SKU002,LA,193.21
2023-07-10,SKU002,CHI,163.53
2023-07-10,SKU003,NYC,521.87
2023-07-10,SKU003,LA,436.61
2023-07-10,SKU003,CHI,350.67
2023-07-10,SKU004,NYC,303.44
2023-07-10,SKU004,LA,244.84
2023-07-10,SKU004,CHI,159.16
2023-07-10,SKU005,NYC,516.91
2023-07-10,SKU005,LA,363.10
2023-07-10,SKU005,CHI,307.99
2023-07-11,SKU001,NYC,353.06
2023-07-11,SKU001,LA,326.07
2023-07-11,SKU001,CHI,226.03
2023-07-11,SKU002,NYC,213.04
2023-07-11,SKU002,LA,230.42
2023-07-11,SKU002,CHI,171.95
2023-07-11,SKU003,NYC,553.14
2023-07-11,SKU003,LA,397.49
2023-07-11,SKU003,CHI,330.30
2023-07-11,SKU004,NYC,310.43
2023-07-11,SKU004,LA,213.08
2023-07-11,SKU004,CHI,160.43
2023-07-11,SKU005,NYC,414.94
2023-07-11,SKU005,LA,352.77
2023-07-11,SKU005,CHI,355.20
2023-07-12,SKU001,NYC,446.21
2023-07-12,SKU001,LA,289.65
2023-07-12,SKU001,CHI,238.87
2023-07-12,SKU002,NYC,234.05
2023-07-12,SKU002,LA,196.58
2023-07-12,SKU002,CHI,166.70
2023-07-12,SKU003,NYC,496.87
2023-07-12,SKU003,LA,386.31
2023-07-12,SKU003,CHI,316.80
2023-07-12,SKU004,NYC,268.23
2023-07-12,SKU004,LA,220.48
2023-07-12,SKU004,CHI,182.70
2023-07-12,SKU005,NYC,484.93
2023-07-12,SKU005,LA,396.34
2023-07-12,SKU005,CHI,286.50
2023-07-13,SKU001,NYC,459.54
2023-07-13,SKU001,LA,351.15
2023-07-13,SKU001,CHI,305.96
2023-07-13,SKU002,NYC,279.82
2023-07-13,SKU002,LA,280.52
2023-07-13,SKU002,CHI,216.73
2023-07-13,SKU003,NYC,608.13
2023-07-13,SKU003,LA,540.58
2023-07-13,SKU003,CHI,353.57
2023-07-13,SKU004,NYC,395.39
2023-07-13,SKU004,LA,246.29
2023-07-13,SKU004,CHI,226.32
2023-07-13,SKU005,NYC,502.40
2023-07-13,SKU005,LA,360.99
2023-07-13,SKU005,CHI,310.56
2023-07-14,SKU001,NYC,401.81
2023-07-14,SKU001,LA,367.13
2023-07-14,SKU001,CHI,269.69
2023-07-14,SKU002,NYC,312.90
2023-07-14,SKU002,LA,230.58
2023-07-14,SKU002,CHI,173.05
2023-07-14,SKU003,NYC,645.95
2023-07-14,SKU003,LA,531.08
2023-07-14,SKU003,CHI,369.78
2023-07-14,SKU004,NYC,283.28
2023-07-14,SKU004,LA,250.77
2023-07-14,SKU004,CHI,213.52
2023-07-14,SKU005,NYC,540.97
2023-07-14,SKU005,LA,501.04
2023-07-14,SKU005,CHI,360.50
2023-07-15,SKU001,NYC,563.70
2023-07-15,SKU001,LA,476.14
2023-07-15,SKU001,CHI,322.08
2023-07-15,SKU002,NYC,414.96
2023-07-15,SKU002,LA,358.07
2023-07-15,SKU002,CHI,261.70
2023-07-15,SKU003,NYC,856.34
2023-07-15,SKU003,LA,602.50
2023-07-15,SKU003,CHI,494.75
2023-07-15,SKU004,NYC,500.67
2023-07-15,SKU004,LA,360.70
2023-07-15,SKU004,CHI,275.58
2023-07-15,SKU005,NYC,825.08
2023-07-15,SKU005,LA,574.50
2023-07-15,SKU005,CHI,429.31
2023-07-16,SKU001,NYC,548.85
2023-07-16,SKU001,LA,359.78
2023-07-16,SKU001,CHI,404.60
2023-07-16,SKU002,NYC,424.56
2023-07-16,SKU002,LA,272.99
2023-07-16,SKU002,CHI,232.67
2023-07-16,SKU003,NYC,882.12
2023-07-16,SKU003,LA,679.83
2023-07-16,SKU003,CHI,479.51
2023-07-16,SKU004,NYC,434.30
2023-07-16,SKU004,LA,382.83
2023-07-16,SKU004,CHI,336.28
2023-07-16,SKU005,NYC,756.96
2023-07-16,SKU005,LA,618.52
2023-07-16,SKU005,CHI,458.80
2023-07-17,SKU001,NYC,416.03
2023-07-17,SKU001,LA,317.83
2023-07-17,SKU001,CHI,213.88
2023-07-17,SKU002,NYC,235.85
2023-07-17,SKU002,LA,241.34
2023-07-17,SKU002,CHI,133.87
2023-07-17,SKU003,NYC,436.32
2023-07-17,SKU003,LA,428.94
2023-07-17,SKU003,CHI,320.85
2023-07-17,SKU004,NYC,256.81
2023-07-17,SKU004,LA,156.82
2023-07-17,SKU004,CHI,186.72
2023-07-17,SKU005,NYC,515.29
2023-07-17,SKU005,LA,345.65
2023-07-17,SKU005,CHI,272.02
2023-07-18,SKU001,NYC,389.59
2023-07-18,SKU001,LA,343.59
2023-07-18,SKU001,CHI,219.86
2023-07-18,SKU002,NYC,237.62
2023-07-18,SKU002,LA,174.01
2023-07-18,SKU002,CHI,164.09
2023-07-18,SKU003,NYC,452.97
2023-07-18,SKU003,LA,401.08
2023-07-18,SKU003,CHI,246.47
2023-07-18,SKU004,NYC,317.23
2023-07-18,SKU004,LA,197.47
2023-07-18,SKU004,CHI,167.59
2023-07-18,SKU005,NYC,451.34
2023-07-18,SKU005,LA,307.59
2023-07-18,SKU005,CHI,258.53
2023-07-19,SKU001,NYC,328.55
2023-07-19,SKU001,LA,246.73
2023-07-19,SKU001,CHI,224.78
2023-07-19,SKU002,NYC,244.39
2023-07-19,SKU002,LA,240.88
2023-07-19,SKU002,CHI,178.98
2023-07-19,SKU003,NYC,370.46
2023-07-19,SKU003,LA,400.72
2023-07-19,SKU003,CHI,299.24
2023-07-19,SKU004,NYC,304.82
2023-07-19,SKU004,LA,234.61
2023-07-19,SKU004,CHI,201.17
2023-07-19,SKU005,NYC,494.29
2023-07-19,SKU005,LA,371.69
2023-07-19,SKU005,CHI,258.23
2023-07-20,SKU001,NYC,410.50
2023-07-20,SKU001,LA,379.11
2023-07-20,SKU001,CHI,301.76
2023-07-20,SKU002,NYC,286.10
2023-07-20,SKU002,LA,259.15
2023-07-20,SKU002,CHI,192.47
2023-07-20,SKU003,NYC,504.97
2023-07-20,SKU003,LA,491.69
2023-07-20,SKU003,CHI,418.95
2023-07-20,SKU004,NYC,389.21
2023-07-20,SKU004,LA,269.97
2023-07-20,SKU004,CHI,232.23
2023-07-20,SKU005,NYC,534.90
2023-07-20,SKU005,LA,395.02
2023-07-20,SKU005,CHI,376.98
2023-07-21,SKU001,NYC,389.58
2023-07-21,SKU001,LA,360.61
2023-07-21,SKU001,CHI,267.38
2023-07-21,SKU002,NYC,275.22
2023-07-21,SKU002,LA,242.29
2023-07-21,SKU002,CHI,196.61
2023-07-21,SKU003,NYC,610.87
2023-07-21,SKU003,LA,465.23
2023-07-21,SKU003,CHI,377.08
2023-07-21,SKU004,NYC,357.92
2023-07-21,SKU004,LA,275.64
2023-07-21,SKU004,CHI,230.67
2023-07-21,SKU005,NYC,518.35
2023-07-21,SKU005,LA,455.95
2023-07-21,SKU005,CHI,396.86
2023-07-22,SKU001,NYC,606.18
2023-07-22,SKU001,LA,505.41
2023-07-22,SKU001,CHI,419.11
2023-07-22,SKU002,NYC,387.38
2023-07-22,SKU002,LA,349.59
2023-07-22,SKU002,CHI,246.24
2023-07-22,SKU003,NYC,835.91
2023-07-22,SKU003,LA,680.64
2023-07-22,SKU003,CHI,590.50
2023-07-22,SKU004,NYC,487.96
2023-07-22,SKU004,LA,400.80
2023-07-22,SKU004,CHI,309.78
2023-07-22,SKU005,NYC,681.58
2023-07-22,SKU005,LA,559.36
2023-07-22,SKU005,CHI,519.03
2023-07-23,SKU001,NYC,490.61
2023-07-23,SKU001,LA,542.28
2023-07-23,SKU001,CHI,382.88
2023-07-23,SKU002,NYC,406.56
2023-07-23,SKU002,LA,350.14
2023-07-23,SKU002,CHI,261.75
2023-07-23,SKU003,NYC,755.97
2023-07-23,SKU003,LA,498.69
2023-07-23,SKU003,CHI,526.24
2023-07-23,SKU004,NYC,477.47
2023-07-23,SKU004,LA,321.42
2023-07-23,SKU004,CHI,307.12
2023-07-23,SKU005,NYC,712.95
2023-07-23,SKU005,LA,662.81
2023-07-23,SKU005,CHI,398.37
2023-07-24,SKU001,NYC,348.77
2023-07-24,SKU001,LA,301.68
2023-07-24,SKU001,CHI,224.92
2023-07-24,SKU002,NYC,256.04
2023-07-24,SKU002,LA,166.35
2023-07-24,SKU002,CHI,129.57
2023-07-24,SKU003,NYC,498.94
2023-07-24,SKU003,LA,439.72
2023-07-24,SKU003,CHI,305.91
2023-07-24,SKU004,NYC,307.54
2023-07-24,SKU004,LA,254.69
2023-07-24,SKU004,CHI,209.14
2023-07-24,SKU005,NYC,476.52
2023-07-24,SKU005,LA,326.76
2023-07-24,SKU005,CHI,315.25
2023-07-25,SKU001,NYC,375.41
2023-07-25,SKU001,LA,355.26
2023-07-25,SKU001,CHI,210.10
2023-07-25,SKU002,NYC,310.10
2023-07-25,SKU002,LA,208.46
2023-07-25,SKU002,CHI,150.29
2023-07-25,SKU003,NYC,487.96
2023-07-25,SKU003,LA,465.28
2023-07-25,SKU003,CHI,336.51
2023-07-25,SKU004,NYC,275.28
2023-07-25,SKU004,LA,265.15
2023-07-25,SKU004,CHI,217.89
2023-07-25,SKU005,NYC,475.01
2023-07-25,SKU005,LA,463.12
2023-07-25,SKU005,CHI,383.33
2023-07-26,SKU001,NYC,282.02
2023-07-26,SKU001,LA,311.04
2023-07-26,SKU001,CHI,294.05
2023-07-26,SKU002,NYC,265.86
2023-07-26,SKU002,LA,242.35
2023-07-26,SKU002,CHI,178.48
2023-07-26,SKU003,NYC,431.28
2023-07-26,SKU003,LA,393.55
2023-07-26,SKU003,CHI,335.78
2023-07-26,SKU004,NYC,338.73
2023-07-26,SKU004,LA,247.45
2023-07-26,SKU004,CHI,189.66
2023-07-26,SKU005,NYC,450.91
2023-07-26,SKU005,LA,404.70
2023-07-26,SKU005,CHI,324.33
2023-07-27,SKU001,NYC,540.39
2023-07-27,SKU001,LA,361.14
2023-07-27,SKU001,CHI,256.69
2023-07-27,SKU002,NYC,317.56
2023-07-27,SKU002,LA,256.00
2023-07-27,SKU002,CHI,202.87
2023-07-27,SKU003,NYC,552.91
2023-07-27,SKU003,LA,519.56
2023-07-27,SKU003,CHI,377.69
2023-07-27,SKU004,NYC,333.84
2023-07-27,SKU004,LA,276.74
2023-07-27,SKU004,CHI,258.27
2023-07-27,SKU005,NYC,482.30
2023-07-27,SKU005,LA,465.03
2023-07-27,SKU005,CHI,365.42
2023-07-28,SKU001,NYC,474.14
2023-07-28,SKU001,LA,361.15
2023-07-28,SKU001,CHI,320.99
2023-07-28,SKU002,NYC,277.29
2023-07-28,SKU002,LA,261.01
2023-07-28,SKU002,CHI,205.68
2023-07-28,SKU003,NYC,602.94
2023-07-28,SKU003,LA,576.17
2023-07-28,SKU003,CHI,419.76
2023-07-28,SKU004,NYC,363.70
2023-07-28,SKU004,LA,327.61
2023-07-28,SKU004,CHI,245.28
2023-07-28,SKU005,NYC,551.21
2023-07-28,SKU005,LA,516.81
2023-07-28,SKU005,CHI,461.09
2023-07-29,SKU001,NYC,543.75
2023-07-29,SKU001,LA,510.80
2023-07-29,SKU001,CHI,389.14
2023-07-29,SKU002,NYC,395.57
2023-07-29,SKU002,LA,264.96
2023-07-29,SKU002,CHI,244.62
2023-07-29,SKU003,NYC,717.70
2023-07-29,SKU003,LA,743.63
2023-07-29,SKU003,CHI,462.04
2023-07-29,SKU004,NYC,523.72
2023-07-29,SKU004,LA,348.72
2023-07-29,SKU004,CHI,302.84
2023-07-29,SKU005,NYC,708.36
2023-07-29,SKU005,LA,580.86
2023-07-29,SKU005,CHI,415.36
2023-07-30,SKU001,NYC,658.63
2023-07-30,SKU001,LA,536.01
2023-07-30,SKU001,CHI,431.90
2023-07-30,SKU002,NYC,431.47
2023-07-30,SKU002,LA,357.76
2023-07-30,SKU002,CHI,294.84
2023-07-30,SKU003,NYC,723.73
2023-07-30,SKU003,LA,690.30
2023-07-30,SKU003,CHI,598.35
2023-07-30,SKU004,NYC,480.47
2023-07-30,SKU004,LA,379.89
2023-07-30,SKU004,CHI,282.27
2023-07-30,SKU005,NYC,721.63
2023-07-30,SKU005,LA,588.89
2023-07-30,SKU005,CHI,346.54
2023-07-31,SKU001,NYC,397.63
2023-07-31,SKU001,LA,364.60
2023-07-31,SKU001,CHI,268.97
2023-07-31,SKU002,NYC,262.87
2023-07-31,SKU002,LA,199.64
2023-07-31,SKU002,CHI,168.09
2023-07-31,SKU003,NYC,586.74
2023-07-31,SKU003,LA,370.13
2023-07-31,SKU003,CHI,420.71
2023-07-31,SKU004,NYC,258.93
2023-07-31,SKU004,LA,275.79
2023-07-31,SKU004,CHI,189.54
2023-07-31,SKU005,NYC,464.92
2023-07-31,SKU005,LA,318.30
2023-07-31,SKU005,CHI,355.30
2023-08-01,SKU001,NYC,397.60
2023-08-01,SKU001,LA,351.84
2023-08-01,SKU001,CHI,241.55
2023-08-01,SKU002,NYC,294.10
2023-08-01,SKU002,LA,220.13
2023-08-01,SKU002,CHI,169.92
2023-08-01,SKU003,NYC,491.06
2023-08-01,SKU003,LA,483.98
2023-08-01,SKU003,CHI,357.01
2023-08-01,SKU004,NYC,318.89
2023-08-01,SKU004,LA,217.24
2023-08-01,SKU004,CHI,202.76
2023-08-01,SKU005,NYC,439.74
2023-08-01,SKU005,LA,374.55
2023-08-01,SKU005,CHI,265.51
2023-08-02,SKU001,NYC,405.48
2023-08-02,SKU001,LA,315.60
2023-08-02,SKU001,CHI,255.33
2023-08-02,SKU002,NYC,234.80
2023-08-02,SKU002,LA,221.07
2023-08-02,SKU002,CHI,156.35
2023-08-02,SKU003,NYC,514.47
2023-08-02,SKU003,LA,459.77
2023-08-02,SKU003,CHI,358.94
2023-08-02,SKU004,NYC,325.38
2023-08-02,SKU004,LA,238.71
2023-08-02,SKU004,CHI,165.03
2023-08-02,SKU005,NYC,504.71
2023-08-02,SKU005,LA,365.54
2023-08-02,SKU005,CHI,316.87
2023-08-03,SKU001,NYC,399.04
2023-08-03,SKU001,LA,368.16
2023-08-03,SKU001,CHI,321.63
2023-08-03,SKU002,NYC,297.59
2023-08-03,SKU002,LA,225.03
2023-08-03,SKU002,CHI,208.11
2023-08-03,SKU003,NYC,629.64
2023-08-03,SKU003,LA,512.03
2023-08-03,SKU003,CHI,420.29
2023-08-03,SKU004,NYC,407.87
2023-08-03,SKU004,LA,352.75
2023-08-03,SKU004,CHI,259.19
2023-08-03,SKU005,NYC,559.93
2023-08-03,SKU005,LA,501.06
2023-08-03,SKU005,CHI,333.16
2023-08-04,SKU001,NYC,454.79
2023-08-04,SKU001,LA,449.05
2023-08-04,SKU001,CHI,301.28
2023-08-04,SKU002,NYC,308.66
2023-08-04,SKU002,LA,237.33
2023-08-04,SKU002,CHI,228.99
2023-08-04,SKU003,NYC,598.39
2023-08-04,SKU003,LA,528.90
2023-08-04,SKU003,CHI,396.26
2023-08-04,SKU004,NYC,320.24
2023-08-04,SKU004,LA,298.28
2023-08-04,SKU004,CHI,218.46
2023-08-04,SKU005,NYC,543.41
2023-08-04,SKU005,LA,458.00
2023-08-04,SKU005,CHI,455.51
2023-08-05,SKU001,NYC,631.55
2023-08-05,SKU001,LA,509.86
2023-08-05,SKU001,CHI,370.55
2023-08-05,SKU002,NYC,428.02
2023-08-05,SKU002,LA,331.67
2023-08-05,SKU002,CHI,301.84
2023-08-05,SKU003,NYC,786.46
2023-08-05,SKU003,LA,785.42
2023-08-05,SKU003,CHI,523.74
2023-08-05,SKU004,NYC,480.12
2023-08-05,SKU004,LA,378.05
2023-08-05,SKU004,CHI,316.39
2023-08-05,SKU005,NYC,686.57
2023-08-05,SKU005,LA,561.54
2023-08-05,SKU005,CHI,423.12
2023-08-06,SKU001,NYC,545.66
2023-08-06,SKU001,LA,449.52
2023-08-06,SKU001,CHI,408.60
2023-08-06,SKU002,NYC,379.10
2023-08-06,SKU002,LA,332.43
2023-08-06,SKU002,CHI,305.57
2023-08-06,SKU003,NYC,855.73
2023-08-06,SKU003,LA,567.93
2023-08-06,SKU003,CHI,560.38
2023-08-06,SKU004,NYC,506.66
2023-08-06,SKU004,LA,392.56
2023-08-06,SKU004,CHI,288.37
2023-08-06,SKU005,NYC,792.44
2023-08-06,SKU005,LA,620.97
2023-08-06,SKU005,CHI,523.42
2023-08-07,SKU001,NYC,414.02
2023-08-07,SKU001,LA,339.75
2023-08-07,SKU001,CHI,248.00
2023-08-07,SKU002,NYC,223.17
2023-08-07,SKU002,LA,223.91
2023-08-07,SKU002,CHI,175.22
2023-08-07,SKU003,NYC,521.82
2023-08-07,SKU003,LA,456.53
2023-08-07,SKU003,CHI,372.61
2023-08-07,SKU004,NYC,280.03
2023-08-07,SKU004,LA,283.59
2023-08-07,SKU004,CHI,216.55
2023-08-07,SKU005,NYC,510.56
2023-08-07,SKU005,LA,421.35
2023-08-07,SKU005,CHI,408.21
2023-08-08,SKU001,NYC,410.79
2023-08-08,SKU001,LA,324.74
2023-08-08,SKU001,CHI,220.41
2023-08-08,SKU002,NYC,260.10
2023-08-08,SKU002,LA,233.55
2023-08-08,SKU002,CHI,155.57
2023-08-08,SKU003,NYC,525.15
2023-08-08,SKU003,LA,450.48
2023-08-08,SKU003,CHI,383.25
2023-08-08,SKU004,NYC,267.76
2023-08-08,SKU004,LA,257.84
2023-08-08,SKU004,CHI,205.18
2023-08-08,SKU005,NYC,504.92
2023-08-08,SKU005,LA,438.16
2023-08-08,SKU005,CHI,366.00
2023-08-09,SKU001,NYC,438.15
2023-08-09,SKU001,LA,414.41
2023-08-09,SKU001,CHI,269.02
2023-08-09,SKU002,NYC,280.80
2023-08-09,SKU002,LA,220.97
2023-08-09,SKU002,CHI,177.59
2023-08-09,SKU003,NYC,486.98
2023-08-09,SKU003,LA,438.30
2023-08-09,SKU003,CHI,333.83
2023-08-09,SKU004,NYC,276.19
2023-08-09,SKU004,LA,268.00
2023-08-09,SKU004,CHI,199.24
2023-08-09,SKU005,NYC,517.47
2023-08-09,SKU005,LA,410.55
2023-08-09,SKU005,CHI,355.12
2023-08-10,SKU001,NYC,533.87
2023-08-10,SKU001,LA,409.38
2023-08-10,SKU001,CHI,299.99
2023-08-10,SKU002,NYC,305.65
2023-08-10,SKU002,LA,270.03
2023-08-10,SKU002,CHI,202.77
2023-08-10,SKU003,NYC,610.96
2023-08-10,SKU003,LA,587.84
2023-08-10,SKU003,CHI,433.99
2023-08-10,SKU004,NYC,356.44
2023-08-10,SKU004,LA,317.65
2023-08-10,SKU004,CHI,246.55
2023-08-10,SKU005,NYC,569.07
2023-08-10,SKU005,LA,511.99
2023-08-10,SKU005,CHI,383.60
2023-08-11,SKU001,NYC,440.99
2023-08-11,SKU001,LA,418.55
2023-08-11,SKU001,CHI,291.29
2023-08-11,SKU002,NYC,363.07
2023-08-11,SKU002,LA,232.79
2023-08-11,SKU002,CHI,222.38
2023-08-11,SKU003,NYC,661.02
2023-08-11,SKU003,LA,548.79
2023-08-11,SKU003,CHI,436.44
2023-08-11,SKU004,NYC,409.83
2023-08-11,SKU004,LA,305.14
2023-08-11,SKU004,CHI,241.16
2023-08-11,SKU005,NYC,582.22
2023-08-11,SKU005,LA,601.87
2023-08-11,SKU005,CHI,359.74
2023-08-12,SKU001,NYC,678.33
2023-08-12,SKU001,LA,467.82
2023-08-12,SKU001,CHI,430.09
2023-08-12,SKU002,NYC,462.38
2023-08-12,SKU002,LA,304.52
2023-08-12,SKU002,CHI,253.02
2023-08-12,SKU003,NYC,902.81
2023-08-12,SKU003,LA,775.26
2023-08-12,SKU003,CHI,521.17
2023-08-12,SKU004,NYC,576.65
2023-08-12,SKU004,LA,397.91
2023-08-12,SKU004,CHI,339.71
2023-08-12,SKU005,NYC,886.97
2023-08-12,SKU005,LA,607.17
2023-08-12,SKU005,CHI,611.85
2023-08-13,SKU001,NYC,569.18
2023-08-13,SKU001,LA,507.68
2023-08-13,SKU001,CHI,394.22
2023-08-13,SKU002,NYC,515.52
2023-08-13,SKU002,LA,349.65
2023-08-13,SKU002,CHI,303.05
2023-08-13,SKU003,NYC,932.47
2023-08-13,SKU003,LA,665.83
2023-08-13,SKU003,CHI,606.38
2023-08-13,SKU004,NYC,477.58
2023-08-13,SKU004,LA,339.96
2023-08-13,SKU004,CHI,316.56
2023-08-13,SKU005,NYC,794.63
2023-08-13,SKU005,LA,511.53
2023-08-13,SKU005,CHI,464.36
2023-08-14,SKU001,NYC,400.96
2023-08-14,SKU001,LA,351.17
2023-08-14,SKU001,CHI,286.46
2023-08-14,SKU002,NYC,274.18
2023-08-14,SKU002,LA,213.89
2023-08-14,SKU002,CHI,193.79
2023-08-14,SKU003,NYC,473.40
2023-08-14,SKU003,LA,489.22
2023-08-14,SKU003,CHI,309.83
2023-08-14,SKU004,NYC,353.49
2023-08-14,SKU004,LA,245.57
2023-08-14,SKU004,CHI,249.57
2023-08-14,SKU005,NYC,497.34
2023-08-14,SKU005,LA,406.13
2023-08-14,SKU005,CHI,310.91
2023-08-15,SKU001,NYC,429.29
2023-08-15,SKU001,LA,297.56
2023-08-15,SKU001,CHI,263.64
2023-08-15,SKU002,NYC,287.84
2023-08-15,SKU002,LA,209.61
2023-08-15,SKU002,CHI,167.20
2023-08-15,SKU003,NYC,522.79
2023-08-15,SKU003,LA,396.75
2023-08-15,SKU003,CHI,340.71
2023-08-15,SKU004,NYC,324.84
2023-08-15,SKU004,LA,228.90
2023-08-15,SKU004,CHI,217.08
2023-08-15,SKU005,NYC,525.99
2023-08-15,SKU005,LA,443.13
2023-08-15,SKU005,CHI,347.79
2023-08-16,SKU001,NYC,312.20
2023-08-16,SKU001,LA,309.30
2023-08-16,SKU001,CHI,280.34
2023-08-16,SKU002,NYC,272.71
2023-08-16,SKU002,LA,204.87
2023-08-16,SKU002,CHI,214.06
2023-08-16,SKU003,NYC,622.08
2023-08-16,SKU003,LA,397.94
2023-08-16,SKU003,CHI,363.32
2023-08-16,SKU004,NYC,344.43
2023-08-16,SKU004,LA,316.42
2023-08-16,SKU004,CHI,171.55
2023-08-16,SKU005,NYC,558.04
2023-08-16,SKU005,LA,420.26
2023-08-16,SKU005,CHI,355.34
2023-08-17,SKU001,NYC,467.81
2023-08-17,SKU001,LA,468.48
2023-08-17,SKU001,CHI,384.13
2023-08-17,SKU002,NYC,318.73
2023-08-17,SKU002,LA,247.70
2023-08-17,SKU002,CHI,274.36
2023-08-17,SKU003,NYC,682.32
2023-08-17,SKU003,LA,486.65
2023-08-17,SKU003,CHI,485.22
2023-08-17,SKU004,NYC,378.52
2023-08-17,SKU004,LA,311.24
2023-08-17,SKU004,CHI,284.80
2023-08-17,SKU005,NYC,513.35
2023-08-17,SKU005,LA,565.33
2023-08-17,SKU005,CHI,420.97
2023-08-18,SKU001,NYC,501.63
2023-08-18,SKU001,LA,411.51
2023-08-18,SKU001,CHI,269.33
2023-08-18,SKU002,NYC,303.97
2023-08-18,SKU002,LA,284.77
2023-08-18,SKU002,CHI,230.86
2023-08-18,SKU003,NYC,653.19
2023-08-18,SKU003,LA,457.08
2023-08-18,SKU003,CHI,426.66
2023-08-18,SKU004,NYC,357.17
2023-08-18,SKU004,LA,298.59
2023-08-18,SKU004,CHI,271.21
2023-08-18,SKU005,NYC,642.26
2023-08-18,SKU005,LA,440.98
2023-08-18,SKU005,CHI,410.07
2023-08-19,SKU001,NYC,782.57
2023-08-19,SKU001,LA,628.74
2023-08-19,SKU001,CHI,485.16
2023-08-19,SKU002,NYC,503.85
2023-08-19,SKU002,LA,369.89
2023-08-19,SKU002,CHI,398.93
2023-08-19,SKU003,NYC,1018.11
2023-08-19,SKU003,LA,764.65
2023-08-19,SKU003,CHI,546.25
2023-08-19,SKU004,NYC,488.09
2023-08-19,SKU004,LA,463.37
2023-08-19,SKU004,CHI,436.33
2023-08-19,SKU005,NYC,898.27
2023-08-19,SKU005,LA,773.10
2023-08-19,SKU005,CHI,570.79
2023-08-20,SKU001,NYC,730.61
2023-08-20,SKU001,LA,648.86
2023-08-20,SKU001,CHI,308.00
2023-08-20,SKU002,NYC,416.26
2023-08-20,SKU002,LA,377.85
2023-08-20,SKU002,CHI,302.31
2023-08-20,SKU003,NYC,818.84
2023-08-20,SKU003,LA,685.05
2023-08-20,SKU003,CHI,614.11
2023-08-20,SKU004,NYC,586.64
2023-08-20,SKU004,LA,348.66
2023-08-20,SKU004,CHI,315.93
2023-08-20,SKU005,NYC,856.02
2023-08-20,SKU005,LA,612.12
2023-08-20,SKU005,CHI,515.52
2023-08-21,SKU001,NYC,473.15
2023-08-21,SKU001,LA,358.02
2023-08-21,SKU001,CHI,263.82
2023-08-21,SKU002,NYC,297.53
2023-08-21,SKU002,LA,204.47
2023-08-21,SKU002,CHI,192.46
2023-08-21,SKU003,NYC,592.84
2023-08-21,SKU003,LA,529.48
2023-08-21,SKU003,CHI,402.34
2023-08-21,SKU004,NYC,339.29
2023-08-21,SKU004,LA,273.48
2023-08-21,SKU004,CHI,217.55
2023-08-21,SKU005,NYC,603.80
2023-08-21,SKU005,LA,503.75
2023-08-21,SKU005,CHI,377.95
2023-08-22,SKU001,NYC,421.45
2023-08-22,SKU001,LA,319.90
2023-08-22,SKU001,CHI,242.13
2023-08-22,SKU002,NYC,272.44
2023-08-22,SKU002,LA,256.31
2023-08-22,SKU002,CHI,193.33
2023-08-22,SKU003,NYC,642.85
2023-08-22,SKU003,LA,466.13
2023-08-22,SKU003,CHI,318.21
2023-08-22,SKU004,NYC,313.16
2023-08-22,SKU004,LA,303.65
2023-08-22,SKU004,CHI,229.74
2023-08-22,SKU005,NYC,547.33
2023-08-22,SKU005,LA,448.55
2023-08-22,SKU005,CHI,342.24
2023-08-23,SKU001,NYC,448.98
2023-08-23,SKU001,LA,333.12
2023-08-23,SKU001,CHI,292.42
2023-08-23,SKU002,NYC,287.35
2023-08-23,SKU002,LA,200.57
2023-08-23,SKU002,CHI,220.59
2023-08-23,SKU003,NYC,558.35
2023-08-23,SKU003,LA,517.43
2023-08-23,SKU003,CHI,404.40
2023-08-23,SKU004,NYC,337.12
2023-08-23,SKU004,LA,268.65
2023-08-23,SKU004,CHI,229.85
2023-08-23,SKU005,NYC,514.47
2023-08-23,SKU005,LA,414.96
2023-08-23,SKU005,CHI,343.80
2023-08-24,SKU001,NYC,415.42
2023-08-24,SKU001,LA,373.82
2023-08-24,SKU001,CHI,327.88
2023-08-24,SKU002,NYC,357.90
2023-08-24,SKU002,LA,225.35
2023-08-24,SKU002,CHI,236.86
2023-08-24,SKU003,NYC,767.27
2023-08-24,SKU003,LA,614.24
2023-08-24,SKU003,CHI,512.90
2023-08-24,SKU004,NYC,351.35
2023-08-24,SKU004,LA,300.67
2023-08-24,SKU004,CHI,228.77
2023-08-24,SKU005,NYC,730.40
2023-08-24,SKU005,LA,652.46
2023-08-24,SKU005,CHI,359.59
2023-08-25,SKU001,NYC,493.13
2023-08-25,SKU001,LA,361.86
2023-08-25,SKU001,CHI,271.48
2023-08-25,SKU002,NYC,308.26
2023-08-25,SKU002,LA,325.77
2023-08-25,SKU002,CHI,215.76
2023-08-25,SKU003,NYC,735.37
2023-08-25,SKU003,LA,604.55
2023-08-25,SKU003,CHI,415.98
2023-08-25,SKU004,NYC,455.00
2023-08-25,SKU004,LA,297.94
2023-08-25,SKU004,CHI,253.69
2023-08-25,SKU005,NYC,674.63
2023-08-25,SKU005,LA,521.95
2023-08-25,SKU005,CHI,419.76
2023-08-26,SKU001,NYC,708.07
2023-08-26,SKU001,LA,608.65
2023-08-26,SKU001,CHI,357.79
2023-08-26,SKU002,NYC,446.38
2023-08-26,SKU002,LA,417.78
2023-08-26,SKU002,CHI,343.60
2023-08-26,SKU003,NYC,665.31
2023-08-26,SKU003,LA,684.25
2023-08-26,SKU003,CHI,597.97
2023-08-26,SKU004,NYC,502.45
2023-08-26,SKU004,LA,468.49
2023-08-26,SKU004,CHI,366.52
2023-08-26,SKU005,NYC,889.90
2023-08-26,SKU005,LA,686.57
2023-08-26,SKU005,CHI,552.64
2023-08-27,SKU001,NYC,719.75
2023-08-27,SKU001,LA,577.79
2023-08-27,SKU001,CHI,453.54
2023-08-27,SKU002,NYC,452.06
2023-08-27,SKU002,LA,344.24
2023-08-27,SKU002,CHI,275.60
2023-08-27,SKU003,NYC,905.47
2023-08-27,SKU003,LA,822.13
2023-08-27,SKU003,CHI,535.54
2023-08-27,SKU004,NYC,544.18
2023-08-27,SKU004,LA,456.58
2023-08-27,SKU004,CHI,342.24
2023-08-27,SKU005,NYC,838.30
2023-08-27,SKU005,LA,752.27
2023-08-27,SKU005,CHI,521.25
2023-08-28,SKU001,NYC,492.70
2023-08-28,SKU001,LA,297.53
2023-08-28,SKU001,CHI,307.38
2023-08-28,SKU002,NYC,314.27
2023-08-28,SKU002,LA,278.81
2023-08-28,SKU002,CHI,155.97
2023-08-28,SKU003,NYC,525.09
2023-08-28,SKU003,LA,542.40
2023-08-28,SKU003,CHI,361.08
2023-08-28,SKU004,NYC,345.21
2023-08-28,SKU004,LA,319.53
2023-08-28,SKU004,CHI,206.17
2023-08-28,SKU005,NYC,499.38
2023-08-28,SKU005,LA,418.75
2023-08-28,SKU005,CHI,370.15
2023-08-29,SKU001,NYC,402.19
2023-08-29,SKU001,LA,364.25
2023-08-29,SKU001,CHI,286.51
2023-08-29,SKU002,NYC,310.12
2023-08-29,SKU002,LA,229.86
2023-08-29,SKU002,CHI,207.74
2023-08-29,SKU003,NYC,640.39
2023-08-29,SKU003,LA,535.76
2023-08-29,SKU003,CHI,410.89
2023-08-29,SKU004,NYC,332.92
2023-08-29,SKU004,LA,292.94
2023-08-29,SKU004,CHI,199.43
2023-08-29,SKU005,NYC,577.55
2023-08-29,SKU005,LA,509.32
2023-08-29,SKU005,CHI,349.10
2023-08-30,SKU001,NYC,497.70
2023-08-30,SKU001,LA,394.39
2023-08-30,SKU001,CHI,348.46
2023-08-30,SKU002,NYC,263.54
2023-08-30,SKU002,LA,249.23
2023-08-30,SKU002,CHI,184.76
2023-08-30,SKU003,NYC,568.80
2023-08-30,SKU003,LA,532.53
2023-08-30,SKU003,CHI,441.25
2023-08-30,SKU004,NYC,348.70
2023-08-30,SKU004,LA,281.55
2023-08-30,SKU004,CHI,207.75
2023-08-30,SKU005,NYC,560.55
2023-08-30,SKU005,LA,482.36
2023-08-30,SKU005,CHI,399.19
2023-08-31,SKU001,NYC,564.82
2023-08-31,SKU001,LA,406.38
2023-08-31,SKU001,CHI,321.02
2023-08-31,SKU002,NYC,397.56
2023-08-31,SKU002,LA,300.17
2023-08-31,SKU002,CHI,193.83
2023-08-31,SKU003,NYC,814.20
2023-08-31,SKU003,LA,544.74
2023-08-31,SKU003,CHI,505.69
2023-08-31,SKU004,NYC,399.71
2023-08-31,SKU004,LA,346.33
2023-08-31,SKU004,CHI,321.50
2023-08-31,SKU005,NYC,544.85
2023-08-31,SKU005,LA,537.33
2023-08-31,SKU005,CHI,411.91
2023-09-01,SKU001,NYC,504.83
2023-09-01,SKU001,LA,418.98
2023-09-01,SKU001,CHI,378.05
2023-09-01,SKU002,NYC,367.78
2023-09-01,SKU002,LA,279.99
2023-09-01,SKU002,CHI,270.50
2023-09-01,SKU003,NYC,764.58
2023-09-01,SKU003,LA,535.80
2023-09-01,SKU003,CHI,452.50
2023-09-01,SKU004,NYC,387.14
2023-09-01,SKU004,LA,353.49
2023-09-01,SKU004,CHI,266.21
2023-09-01,SKU005,NYC,719.56
2023-09-01,SKU005,LA,528.43
2023-09-01,SKU005,CHI,446.95
2023-09-02,SKU001,NYC,637.53
2023-09-02,SKU001,LA,530.75
2023-09-02,SKU001,CHI,490.38
2023-09-02,SKU002,NYC,391.12
2023-09-02,SKU002,LA,392.90
2023-09-02,SKU002,CHI,332.37
2023-09-02,SKU003,NYC,1041.87
2023-09-02,SKU003,LA,695.68
2023-09-02,SKU003,CHI,688.94
2023-09-02,SKU004,NYC,536.66
2023-09-02,SKU004,LA,456.22
2023-09-02,SKU004,CHI,371.76
2023-09-02,SKU005,NYC,759.55
2023-09-02,SKU005,LA,824.76
2023-09-02,SKU005,CHI,624.01
2023-09-03,SKU001,NYC,636.72
2023-09-03,SKU001,LA,534.39
2023-09-03,SKU001,CHI,561.43
2023-09-03,SKU002,NYC,453.58
2023-09-03,SKU002,LA,382.96
2023-09-03,SKU002,CHI,258.26
2023-09-03,SKU003,NYC,904.55
2023-09-03,SKU003,LA,811.97
2023-09-03,SKU003,CHI,583.64
2023-09-03,SKU004,NYC,553.10
2023-09-03,SKU004,LA,469.00
2023-09-03,SKU004,CHI,350.02
2023-09-03,SKU005,NYC,967.75
2023-09-03,SKU005,LA,718.89
2023-09-03,SKU005,CHI,581.35
2023-09-04,SKU001,NYC,447.35
2023-09-04,SKU001,LA,306.03
2023-09-04,SKU001,CHI,315.82
2023-09-04,SKU002,NYC,327.58
2023-09-04,SKU002,LA,273.16
2023-09-04,SKU002,CHI,211.81
2023-09-04,SKU003,NYC,603.27
2023-09-04,SKU003,LA,534.72
2023-09-04,SKU003,CHI,516.29
2023-09-04,SKU004,NYC,318.73
2023-09-04,SKU004,LA,316.54
2023-09-04,SKU004,CHI,250.50
2023-09-04,SKU005,NYC,626.68
2023-09-04,SKU005,LA,412.99
2023-09-04,SKU005,CHI,462.95
2023-09-05,SKU001,NYC,508.17
2023-09-05,SKU001,LA,366.37
2023-09-05,SKU001,CHI,354.84
2023-09-05,SKU002,NYC,310.73
2023-09-05,SKU002,LA,308.73
2023-09-05,SKU002,CHI,208.20
2023-09-05,SKU003,NYC,488.58
2023-09-05,SKU003,LA,508.32
2023-09-05,SKU003,CHI,389.26
2023-09-05,SKU004,NYC,310.48
2023-09-05,SKU004,LA,270.29
2023-09-05,SKU004,CHI,246.70
2023-09-05,SKU005,NYC,537.49
2023-09-05,SKU005,LA,532.66
2023-09-05,SKU005,CHI,322.11
2023-09-06,SKU001,NYC,441.13
2023-09-06,SKU001,LA,394.66
2023-09-06,SKU001,CHI,313.79
2023-09-06,SKU002,NYC,289.92
2023-09-06,SKU002,LA,262.93
2023-09-06,SKU002,CHI,183.59
2023-09-06,SKU003,NYC,571.49
2023-09-06,SKU003,LA,439.45
2023-09-06,SKU003,CHI,463.38
2023-09-06,SKU004,NYC,347.08
2023-09-06,SKU004,LA,271.46
2023-09-06,SKU004,CHI,234.17
2023-09-06,SKU005,NYC,663.52
2023-09-06,SKU005,LA,572.23
2023-09-06,SKU005,CHI,354.53
2023-09-07,SKU001,NYC,631.55
2023-09-07,SKU001,LA,443.28
2023-09-07,SKU001,CHI,397.53
2023-09-07,SKU002,NYC,395.08
2023-09-07,SKU002,LA,279.43
2023-09-07,SKU002,CHI,225.48
2023-09-07,SKU003,NYC,605.48
2023-09-07,SKU003,LA,607.92
2023-09-07,SKU003,CHI,504.44
2023-09-07,SKU004,NYC,418.93
2023-09-07,SKU004,LA,312.18
2023-09-07,SKU004,CHI,298.00
2023-09-07,SKU005,NYC,746.54
2023-09-07,SKU005,LA,585.19
2023-09-07,SKU005,CHI,431.68
2023-09-08,SKU001,NYC,555.64
2023-09-08,SKU001,LA,405.73
2023-09-08,SKU001,CHI,368.13
2023-09-08,SKU002,NYC,378.72
2023-09-08,SKU002,LA,336.37
2023-09-08,SKU002,CHI,288.51
2023-09-08,SKU003,NYC,865.21
2023-09-08,SKU003,LA,662.55
2023-09-08,SKU003,CHI,461.09
2023-09-08,SKU004,NYC,458.35
2023-09-08,SKU004,LA,307.57
2023-09-08,SKU004,CHI,286.24
2023-09-08,SKU005,NYC,685.57
2023-09-08,SKU005,LA,549.38
2023-09-08,SKU005,CHI,486.11
2023-09-09,SKU001,NYC,671.78
2023-09-09,SKU001,LA,702.75
2023-09-09,SKU001,CHI,459.91
2023-09-09,SKU002,NYC,567.38
2023-09-09,SKU002,LA,408.78
2023-09-09,SKU002,CHI,286.24
2023-09-09,SKU003,NYC,965.14
2023-09-09,SKU003,LA,965.71
2023-09-09,SKU003,CHI,626.51
2023-09-09,SKU004,NYC,566.32
2023-09-09,SKU004,LA,493.55
2023-09-09,SKU004,CHI,403.93
2023-09-09,SKU005,NYC,975.35
2023-09-09,SKU005,LA,627.96
2023-09-09,SKU005,CHI,560.45
2023-09-10,SKU001,NYC,668.06
2023-09-10,SKU001,LA,766.63
2023-09-10,SKU001,CHI,432.82
2023-09-10,SKU002,NYC,485.67
2023-09-10,SKU002,LA,506.63
2023-09-10,SKU002,CHI,335.56
2023-09-10,SKU003,NYC,1088.10
2023-09-10,SKU003,LA,867.27
2023-09-10,SKU003,CHI,538.13
2023-09-10,SKU004,NYC,537.80
2023-09-10,SKU004,LA,458.36
2023-09-10,SKU004,CHI,308.16
2023-09-10,SKU005,NYC,722.08
2023-09-10,SKU005,LA,835.56
2023-09-10,SKU005,CHI,724.54
2023-09-11,SKU001,NYC,414.13
2023-09-11,SKU001,LA,381.81
2023-09-11,SKU001,CHI,354.06
2023-09-11,SKU002,NYC,347.87
2023-09-11,SKU002,LA,225.24
2023-09-11,SKU002,CHI,209.04
2023-09-11,SKU003,NYC,656.10
2023-09-11,SKU003,LA,426.43
2023-09-11,SKU003,CHI,397.40
2023-09-11,SKU004,NYC,349.87
2023-09-11,SKU004,LA,237.62
2023-09-11,SKU004,CHI,227.36
2023-09-11,SKU005,NYC,606.69
2023-09-11,SKU005,LA,520.41
2023-09-11,SKU005,CHI,347.45
2023-09-12,SKU001,NYC,490.95
2023-09-12,SKU001,LA,380.50
2023-09-12,SKU001,CHI,306.47
2023-09-12,SKU002,NYC,297.52
2023-09-12,SKU002,LA,206.33
2023-09-12,SKU002,CHI,229.06
2023-09-12,SKU003,NYC,662.84
2023-09-12,SKU003,LA,526.41
2023-09-12,SKU003,CHI,399.90
2023-09-12,SKU004,NYC,321.89
2023-09-12,SKU004,LA,322.80
2023-09-12,SKU004,CHI,236.64
2023-09-12,SKU005,NYC,636.82
2023-09-12,SKU005,LA,535.53
2023-09-12,SKU005,CHI,381.26
2023-09-13,SKU001,NYC,433.84
2023-09-13,SKU001,LA,383.62
2023-09-13,SKU001,CHI,322.34
2023-09-13,SKU002,NYC,262.97
2023-09-13,SKU002,LA,269.79
2023-09-13,SKU002,CHI,181.03
2023-09-13,SKU003,NYC,613.20
2023-09-13,SKU003,LA,652.84
2023-09-13,SKU003,CHI,382.16
2023-09-13,SKU004,NYC,335.76
2023-09-13,SKU004,LA,298.92
2023-09-13,SKU004,CHI,243.80
2023-09-13,SKU005,NYC,526.39
2023-09-13,SKU005,LA,521.56
2023-09-13,SKU005,CHI,429.17
2023-09-14,SKU001,NYC,581.46
2023-09-14,SKU001,LA,477.19
2023-09-14,SKU001,CHI,358.90
2023-09-14,SKU002,NYC,340.11
2023-09-14,SKU002,LA,314.13
2023-09-14,SKU002,CHI,263.58
2023-09-14,SKU003,NYC,688.77
2023-09-14,SKU003,LA,613.84
2023-09-14,SKU003,CHI,502.22
2023-09-14,SKU004,NYC,542.27
2023-09-14,SKU004,LA,410.04
2023-09-14,SKU004,CHI,334.65
2023-09-14,SKU005,NYC,765.91
2023-09-14,SKU005,LA,559.67
2023-09-14,SKU005,CHI,506.26
2023-09-15,SKU001,NYC,640.83
2023-09-15,SKU001,LA,417.47
2023-09-15,SKU001,CHI,372.95
2023-09-15,SKU002,NYC,382.34
2023-09-15,SKU002,LA,332.20
2023-09-15,SKU002,CHI,281.00
2023-09-15,SKU003,NYC,741.16
2023-09-15,SKU003,LA,620.22
2023-09-15,SKU003,CHI,662.83
2023-09-15,SKU004,NYC,422.92
2023-09-15,SKU004,LA,319.39
2023-09-15,SKU004,CHI,300.29
2023-09-15,SKU005,NYC,678.72
2023-09-15,SKU005,LA,589.18
2023-09-15,SKU005,CHI,473.73
2023-09-16,SKU001,NYC,560.56
2023-09-16,SKU001,LA,610.49
2023-09-16,SKU001,CHI,495.33
2023-09-16,SKU002,NYC,551.47
2023-09-16,SKU002,LA,417.97
2023-09-16,SKU002,CHI,366.71
2023-09-16,SKU003,NYC,1149.97
2023-09-16,SKU003,LA,866.39
2023-09-16,SKU003,CHI,688.94
2023-09-16,SKU004,NYC,561.12
2023-09-16,SKU004,LA,513.65
2023-09-16,SKU004,CHI,374.05
2023-09-16,SKU005,NYC,719.00
2023-09-16,SKU005,LA,773.10
2023-09-16,SKU005,CHI,697.77
2023-09-17,SKU001,NYC,794.49
2023-09-17,SKU001,LA,591.88
2023-09-17,SKU001,CHI,448.03
2023-09-17,SKU002,NYC,482.24
2023-09-17,SKU002,LA,411.37
2023-09-17,SKU002,CHI,291.63
2023-09-17,SKU003,NYC,892.59
2023-09-17,SKU003,LA,820.52
2023-09-17,SKU003,CHI,676.01
2023-09-17,SKU004,NYC,616.63
2023-09-17,SKU004,LA,446.71
2023-09-17,SKU004,CHI,313.71
2023-09-17,SKU005,NYC,925.98
2023-09-17,SKU005,LA,864.02
2023-09-17,SKU005,CHI,536.65
2023-09-18,SKU001,NYC,438.44
2023-09-18,SKU001,LA,372.75
2023-09-18,SKU001,CHI,372.27
2023-09-18,SKU002,NYC,361.51
2023-09-18,SKU002,LA,262.21
2023-09-18,SKU002,CHI,233.84
2023-09-18,SKU003,NYC,606.18
2023-09-18,SKU003,LA,541.63
2023-09-18,SKU003,CHI,354.80
2023-09-18,SKU004,NYC,345.45
2023-09-18,SKU004,LA,288.69
2023-09-18,SKU004,CHI,225.47
2023-09-18,SKU005,NYC,654.99
2023-09-18,SKU005,LA,465.66
2023-09-18,SKU005,CHI,455.32
2023-09-19,SKU001,NYC,508.55
2023-09-19,SKU001,LA,411.00
2023-09-19,SKU001,CHI,358.74
2023-09-19,SKU002,NYC,335.21
2023-09-19,SKU002,LA,253.06
2023-09-19,SKU002,CHI,208.55
2023-09-19,SKU003,NYC,699.01
2023-09-19,SKU003,LA,476.43
2023-09-19,SKU003,CHI,476.61
2023-09-19,SKU004,NYC,376.95
2023-09-19,SKU004,LA,340.46
2023-09-19,SKU004,CHI,259.52
2023-09-19,SKU005,NYC,574.91
2023-09-19,SKU005,LA,602.13
2023-09-19,SKU005,CHI,405.59
2023-09-20,SKU001,NYC,498.68
2023-09-20,SKU001,LA,381.88
2023-09-20,SKU001,CHI,296.73
2023-09-20,SKU002,NYC,331.59
2023-09-20,SKU002,LA,260.01
2023-09-20,SKU002,CHI,217.64
2023-09-20,SKU003,NYC,667.30
2023-09-20,SKU003,LA,519.50
2023-09-20,SKU003,CHI,482.18
2023-09-20,SKU004,NYC,409.72
2023-09-20,SKU004,LA,255.93
2023-09-20,SKU004,CHI,234.13
2023-09-20,SKU005,NYC,603.26
2023-09-20,SKU005,LA,470.90
2023-09-20,SKU005,CHI,387.22
2023-09-21,SKU001,NYC,608.98
2023-09-21,SKU001,LA,499.96
2023-09-21,SKU001,CHI,319.83
2023-09-21,SKU002,NYC,337.78
2023-09-21,SKU002,LA,331.69
2023-09-21,SKU002,CHI,250.98
2023-09-21,SKU003,NYC,841.97
2023-09-21,SKU003,LA,606.23
2023-09-21,SKU003,CHI,520.66
2023-09-21,SKU004,NYC,416.91
2023-09-21,SKU004,LA,369.93
2023-09-21,SKU004,CHI,322.80
2023-09-21,SKU005,NYC,769.12
2023-09-21,SKU005,LA,548.74
2023-09-21,SKU005,CHI,545.42
2023-09-22,SKU001,NYC,571.12
2023-09-22,SKU001,LA,499.87
2023-09-22,SKU001,CHI,399.71
2023-09-22,SKU002,NYC,372.27
2023-09-22,SKU002,LA,353.34
2023-09-22,SKU002,CHI,241.15
2023-09-22,SKU003,NYC,752.45
2023-09-22,SKU003,LA,572.20
2023-09-22,SKU003,CHI,440.77
2023-09-22,SKU004,NYC,559.72
2023-09-22,SKU004,LA,376.06
2023-09-22,SKU004,CHI,293.36
2023-09-22,SKU005,NYC,884.01
2023-09-22,SKU005,LA,512.25
2023-09-22,SKU005,CHI,556.80
2023-09-23,SKU001,NYC,769.17
2023-09-23,SKU001,LA,616.89
2023-09-23,SKU001,CHI,488.81
2023-09-23,SKU002,NYC,494.16
2023-09-23,SKU002,LA,487.72
2023-09-23,SKU002,CHI,374.03
2023-09-23,SKU003,NYC,1007.76
2023-09-23,SKU003,LA,783.95
2023-09-23,SKU003,CHI,682.56
2023-09-23,SKU004,NYC,538.71
2023-09-23,SKU004,LA,458.83
2023-09-23,SKU004,CHI,387.51
2023-09-23,SKU005,NYC,898.42
2023-09-23,SKU005,LA,757.80
2023-09-23,SKU005,CHI,624.72
2023-09-24,SKU001,NYC,675.79
2023-09-24,SKU001,LA,723.93
2023-09-24,SKU001,CHI,395.83
2023-09-24,SKU002,NYC,547.55
2023-09-24,SKU002,LA,454.97
2023-09-24,SKU002,CHI,335.03
2023-09-24,SKU003,NYC,1009.35
2023-09-24,SKU003,LA,867.02
2023-09-24,SKU003,CHI,687.09
2023-09-24,SKU004,NYC,643.99
2023-09-24,SKU004,LA,528.86
2023-09-24,SKU004,CHI,384.94
2023-09-24,SKU005,NYC,880.51
2023-09-24,SKU005,LA,839.74
2023-09-24,SKU005,CHI,688.61
2023-09-25,SKU001,NYC,534.23
2023-09-25,SKU001,LA,390.00
2023-09-25,SKU001,CHI,412.01
2023-09-25,SKU002,NYC,277.94
2023-09-25,SKU002,LA,331.71
2023-09-25,SKU002,CHI,205.94
2023-09-25,SKU003,NYC,666.95
2023-09-25,SKU003,LA,660.09
2023-09-25,SKU003,CHI,533.05
2023-09-25,SKU004,NYC,456.89
2023-09-25,SKU004,LA,355.73
2023-09-25,SKU004,CHI,274.30
2023-09-25,SKU005,NYC,552.74
2023-09-25,SKU005,LA,471.26
2023-09-25,SKU005,CHI,424.69
2023-09-26,SKU001,NYC,527.82
2023-09-26,SKU001,LA,444.58
2023-09-26,SKU001,CHI,359.84
2023-09-26,SKU002,NYC,384.76
2023-09-26,SKU002,LA,321.28
2023-09-26,SKU002,CHI,225.99
2023-09-26,SKU003,NYC,535.63
2023-09-26,SKU003,LA,621.33
2023-09-26,SKU003,CHI,441.58
2023-09-26,SKU004,NYC,377.99
2023-09-26,SKU004,LA,336.52
2023-09-26,SKU004,CHI,230.52
2023-09-26,SKU005,NYC,630.37
2023-09-26,SKU005,LA,459.66
2023-09-26,SKU005,CHI,330.14
2023-09-27,SKU001,NYC,464.54
2023-09-27,SKU001,LA,477.31
2023-09-27,SKU001,CHI,337.21
2023-09-27,SKU002,NYC,365.39
2023-09-27,SKU002,LA,279.26
2023-09-27,SKU002,CHI,235.11
2023-09-27,SKU003,NYC,551.43
2023-09-27,SKU003,LA,525.59
2023-09-27,SKU003,CHI,413.76
2023-09-27,SKU004,NYC,344.12
2023-09-27,SKU004,LA,336.10
2023-09-27,SKU004,CHI,276.26
2023-09-27,SKU005,NYC,670.51
2023-09-27,SKU005,LA,536.66
2023-09-27,SKU005,CHI,462.06
2023-09-28,SKU001,NYC,594.16
2023-09-28,SKU001,LA,505.56
2023-09-28,SKU001,CHI,370.75
2023-09-28,SKU002,NYC,422.50
2023-09-28,SKU002,LA,347.94
2023-09-28,SKU002,CHI,239.62
2023-09-28,SKU003,NYC,751.07
2023-09-28,SKU003,LA,741.46
2023-09-28,SKU003,CHI,465.68
2023-09-28,SKU004,NYC,451.74
2023-09-28,SKU004,LA,432.82
2023-09-28,SKU004,CHI,335.38
2023-09-28,SKU005,NYC,840.71
2023-09-28,SKU005,LA,676.78
2023-09-28,SKU005,CHI,492.20
2023-09-29,SKU001,NYC,487.81
2023-09-29,SKU001,LA,596.04
2023-09-29,SKU001,CHI,427.64
2023-09-29,SKU002,NYC,366.89
2023-09-29,SKU002,LA,339.52
2023-09-29,SKU002,CHI,251.36
2023-09-29,SKU003,NYC,799.34
2023-09-29,SKU003,LA,712.84
2023-09-29,SKU003,CHI,500.30
2023-09-29,SKU004,NYC,562.95
2023-09-29,SKU004,LA,381.26
2023-09-29,SKU004,CHI,301.32
2023-09-29,SKU005,NYC,860.16
2023-09-29,SKU005,LA,566.87
2023-09-29,SKU005,CHI,519.46
2023-09-30,SKU001,NYC,938.75
2023-09-30,SKU001,LA,651.70
2023-09-30,SKU001,CHI,528.04
2023-09-30,SKU002,NYC,495.27
2023-09-30,SKU002,LA,397.11
2023-09-30,SKU002,CHI,342.57
2023-09-30,SKU003,NYC,1294.96
2023-09-30,SKU003,LA,959.70
2023-09-30,SKU003,CHI,740.88
2023-09-30,SKU004,NYC,660.83
2023-09-30,SKU004,LA,564.48
2023-09-30,SKU004,CHI,398.49
2023-09-30,SKU005,NYC,1003.35
2023-09-30,SKU005,LA,832.13
2023-09-30,SKU005,CHI,700.10
2023-10-01,SKU001,NYC,703.14
2023-10-01,SKU001,LA,563.94
2023-10-01,SKU001,CHI,480.56
2023-10-01,SKU002,NYC,548.49
2023-10-01,SKU002,LA,391.55
2023-10-01,SKU002,CHI,379.06
2023-10-01,SKU003,NYC,938.06
2023-10-01,SKU003,LA,863.93
2023-10-01,SKU003,CHI,608.73
2023-10-01,SKU004,NYC,658.85
2023-10-01,SKU004,LA,438.08
2023-10-01,SKU004,CHI,330.68
2023-10-01,SKU005,NYC,1015.96
2023-10-01,SKU005,LA,868.65
2023-10-01,SKU005,CHI,724.71
2023-10-02,SKU001,NYC,520.02
2023-10-02,SKU001,LA,443.90
2023-10-02,SKU001,CHI,347.04
2023-10-02,SKU002,NYC,353.76
2023-10-02,SKU002,LA,328.64
2023-10-02,SKU002,CHI,226.19
2023-10-02,SKU003,NYC,628.04
2023-10-02,SKU003,LA,655.76
2023-10-02,SKU003,CHI,508.77
2023-10-02,SKU004,NYC,431.06
2023-10-02,SKU004,LA,321.26
2023-10-02,SKU004,CHI,284.86
2023-10-02,SKU005,NYC,775.06
2023-10-02,SKU005,LA,526.40
2023-10-02,SKU005,CHI,471.89
2023-10-03,SKU001,NYC,444.60
2023-10-03,SKU001,LA,388.15
2023-10-03,SKU001,CHI,375.78
2023-10-03,SKU002,NYC,371.12
2023-10-03,SKU002,LA,280.00
2023-10-03,SKU002,CHI,206.94
2023-10-03,SKU003,NYC,647.06
2023-10-03,SKU003,LA,701.68
2023-10-03,SKU003,CHI,468.84
2023-10-03,SKU004,NYC,444.89
2023-10-03,SKU004,LA,361.05
2023-10-03,SKU004,CHI,280.34
2023-10-03,SKU005,NYC,695.93
2023-10-03,SKU005,LA,537.05
2023-10-03,SKU005,CHI,494.31
2023-10-04,SKU001,NYC,520.17
2023-10-04,SKU001,LA,416.04
2023-10-04,SKU001,CHI,362.22
2023-10-04,SKU002,NYC,348.40
2023-10-04,SKU002,LA,302.96
2023-10-04,SKU002,CHI,213.43
2023-10-04,SKU003,NYC,577.86
2023-10-04,SKU003,LA,456.58
2023-10-04,SKU003,CHI,399.11
2023-10-04,SKU004,NYC,369.84
2023-10-04,SKU004,LA,322.77
2023-10-04,SKU004,CHI,274.26
2023-10-04,SKU005,NYC,701.32
2023-10-04,SKU005,LA,587.89
2023-10-04,SKU005,CHI,393.67
2023-10-05,SKU001,NYC,724.52
2023-10-05,SKU001,LA,501.73
2023-10-05,SKU001,CHI,381.77
2023-10-05,SKU002,NYC,409.09
2023-10-05,SKU002,LA,353.45
2023-10-05,SKU002,CHI,285.10
2023-10-05,SKU003,NYC,783.86
2023-10-05,SKU003,LA,797.43
2023-10-05,SKU003,CHI,466.81
2023-10-05,SKU004,NYC,508.84
2023-10-05,SKU004,LA,435.84
2023-10-05,SKU004,CHI,322.15
2023-10-05,SKU005,NYC,715.71
2023-10-05,SKU005,LA,664.23
2023-10-05,SKU005,CHI,576.11
2023-10-06,SKU001,NYC,616.46
2023-10-06,SKU001,LA,483.07
2023-10-06,SKU001,CHI,324.50
2023-10-06,SKU002,NYC,427.31
2023-10-06,SKU002,LA,278.28
2023-10-06,SKU002,CHI,306.91
2023-10-06,SKU003,NYC,768.31
2023-10-06,SKU003,LA,774.34
2023-10-06,SKU003,CHI,610.29
2023-10-06,SKU004,NYC,486.26
2023-10-06,SKU004,LA,398.12
2023-10-06,SKU004,CHI,388.54
2023-10-06,SKU005,NYC,773.25
2023-10-06,SKU005,LA,642.10
2023-10-06,SKU005,CHI,504.81
2023-10-07,SKU001,NYC,738.65
2023-10-07,SKU001,LA,666.02
2023-10-07,SKU001,CHI,524.19
2023-10-07,SKU002,NYC,395.91
2023-10-07,SKU002,LA,403.88
2023-10-07,SKU002,CHI,407.01
2023-10-07,SKU003,NYC,1180.98
2023-10-07,SKU003,LA,1117.85
2023-10-07,SKU003,CHI,603.93
2023-10-07,SKU004,NYC,510.10
2023-10-07,SKU004,LA,587.70
2023-10-07,SKU004,CHI,379.72
2023-10-07,SKU005,NYC,1128.24
2023-10-07,SKU005,LA,808.27
2023-10-07,SKU005,CHI,772.99
2023-10-08,SKU001,NYC,776.31
2023-10-08,SKU001,LA,658.42
2023-10-08,SKU001,CHI,614.68
2023-10-08,SKU002,NYC,584.90
2023-10-08,SKU002,LA,423.82
2023-10-08,SKU002,CHI,261.88
2023-10-08,SKU003,NYC,1265.33
2023-10-08,SKU003,LA,900.42
2023-10-08,SKU003,CHI,747.66
2023-10-08,SKU004,NYC,580.93
2023-10-08,SKU004,LA,526.41
2023-10-08,SKU004,CHI,391.48
2023-10-08,SKU005,NYC,969.39
2023-10-08,SKU005,LA,649.03
2023-10-08,SKU005,CHI,745.11
2023-10-09,SKU001,NYC,537.76
2023-10-09,SKU001,LA,403.71
2023-10-09,SKU001,CHI,391.39
2023-10-09,SKU002,NYC,348.88
2023-10-09,SKU002,LA,284.27
2023-10-09,SKU002,CHI,213.42
2023-10-09,SKU003,NYC,826.69
2023-10-09,SKU003,LA,723.70
2023-10-09,SKU003,CHI,427.68
2023-10-09,SKU004,NYC,376.02
2023-10-09,SKU004,LA,340.06
2023-10-09,SKU004,CHI,301.45
2023-10-09,SKU005,NYC,687.58
2023-10-09,SKU005,LA,560.26
2023-10-09,SKU005,CHI,491.86
2023-10-10,SKU001,NYC,539.44
2023-10-10,SKU001,LA,428.25
2023-10-10,SKU001,CHI,345.89
2023-10-10,SKU002,NYC,345.25
2023-10-10,SKU002,LA,328.34
2023-10-10,SKU002,CHI,238.42
2023-10-10,SKU003,NYC,717.77
2023-10-10,SKU003,LA,599.46
2023-10-10,SKU003,CHI,524.53
2023-10-10,SKU004,NYC,403.88
2023-10-10,SKU004,LA,418.94
2023-10-10,SKU004,CHI,256.40
2023-10-10,SKU005,NYC,585.45
2023-10-10,SKU005,LA,585.93
2023-10-10,SKU005,CHI,473.89
2023-10-11,SKU001,NYC,507.80
2023-10-11,SKU001,LA,587.58
2023-10-11,SKU001,CHI,369.14
2023-10-11,SKU002,NYC,404.80
2023-10-11,SKU002,LA,318.19
2023-10-11,SKU002,CHI,248.01
2023-10-11,SKU003,NYC,656.19
2023-10-11,SKU003,LA,611.86
2023-10-11,SKU003,CHI,507.87
2023-10-11,SKU004,NYC,367.09
2023-10-11,SKU004,LA,271.03
2023-10-11,SKU004,CHI,316.29
2023-10-11,SKU005,NYC,733.42
2023-10-11,SKU005,LA,600.56
2023-10-11,SKU005,CHI,447.02
2023-10-12,SKU001,NYC,677.91
2023-10-12,SKU001,LA,449.79
2023-10-12,SKU001,CHI,393.19
2023-10-12,SKU002,NYC,400.32
2023-10-12,SKU002,LA,395.84
2023-10-12,SKU002,CHI,275.56
2023-10-12,SKU003,NYC,801.85
2023-10-12,SKU003,LA,771.10
2023-10-12,SKU003,CHI,623.75
2023-10-12,SKU004,NYC,492.70
2023-10-12,SKU004,LA,432.84
2023-10-12,SKU004,CHI,290.12
2023-10-12,SKU005,NYC,768.08
2023-10-12,SKU005,LA,615.70
2023-10-12,SKU005,CHI,528.16
2023-10-13,SKU001,NYC,677.11
2023-10-13,SKU001,LA,484.80
2023-10-13,SKU001,CHI,448.62
2023-10-13,SKU002,NYC,461.75
2023-10-13,SKU002,LA,323.27
2023-10-13,SKU002,CHI,345.62
2023-10-13,SKU003,NYC,834.86
2023-10-13,SKU003,LA,636.32
2023-10-13,SKU003,CHI,517.89
2023-10-13,SKU004,NYC,524.26
2023-10-13,SKU004,LA,409.36
2023-10-13,SKU004,CHI,338.41
2023-10-13,SKU005,NYC,626.39
2023-10-13,SKU005,LA,619.74
2023-10-13,SKU005,CHI,464.86
2023-10-14,SKU001,NYC,1055.30
2023-10-14,SKU001,LA,762.47
2023-10-14,SKU001,CHI,614.78
2023-10-14,SKU002,NYC,666.01
2023-10-14,SKU002,LA,618.02
2023-10-14,SKU002,CHI,480.09
2023-10-14,SKU003,NYC,1451.03
2023-10-14,SKU003,LA,1024.85
2023-10-14,SKU003,CHI,858.04
2023-10-14,SKU004,NYC,781.00
2023-10-14,SKU004,LA,583.92
2023-10-14,SKU004,CHI,514.28
2023-10-14,SKU005,NYC,1278.63
2023-10-14,SKU005,LA,1135.19
2023-10-14,SKU005,CHI,685.54
2023-10-15,SKU001,NYC,797.53
2023-10-15,SKU001,LA,692.54
2023-10-15,SKU001,CHI,646.86
2023-10-15,SKU002,NYC,594.13
2023-10-15,SKU002,LA,440.91
2023-10-15,SKU002,CHI,345.34
2023-10-15,SKU003,NYC,1199.45
2023-10-15,SKU003,LA,980.62
2023-10-15,SKU003,CHI,682.12
2023-10-15,SKU004,NYC,663.40
2023-10-15,SKU004,LA,630.51
2023-10-15,SKU004,CHI,464.53
2023-10-15,SKU005,NYC,991.70
2023-10-15,SKU005,LA,763.12
2023-10-15,SKU005,CHI,760.49
2023-10-16,SKU001,NYC,552.95
2023-10-16,SKU001,LA,496.49
2023-10-16,SKU001,CHI,407.25
2023-10-16,SKU002,NYC,340.60
2023-10-16,SKU002,LA,306.20
2023-10-16,SKU002,CHI,222.93
2023-10-16,SKU003,NYC,608.53
2023-10-16,SKU003,LA,597.73
2023-10-16,SKU003,CHI,531.79
2023-10-16,SKU004,NYC,435.76
2023-10-16,SKU004,LA,358.78
2023-10-16,SKU004,CHI,243.61
2023-10-16,SKU005,NYC,713.91
2023-10-16,SKU005,LA,586.85
2023-10-16,SKU005,CHI,469.44
2023-10-17,SKU001,NYC,521.06
2023-10-17,SKU001,LA,438.54
2023-10-17,SKU001,CHI,382.07
2023-10-17,SKU002,NYC,382.25
2023-10-17,SKU002,LA,249.48
2023-10-17,SKU002,CHI,252.97
2023-10-17,SKU003,NYC,716.59
2023-10-17,SKU003,LA,623.96
2023-10-17,SKU003,CHI,529.63
2023-10-17,SKU004,NYC,462.95
2023-10-17,SKU004,LA,426.74
2023-10-17,SKU004,CHI,282.50
2023-10-17,SKU005,NYC,754.97
2023-10-17,SKU005,LA,526.68
2023-10-17,SKU005,CHI,502.04
2023-10-18,SKU001,NYC,470.79
2023-10-18,SKU001,LA,494.07
2023-10-18,SKU001,CHI,324.40
2023-10-18,SKU002,NYC,321.51
2023-10-18,SKU002,LA,325.85
2023-10-18,SKU002,CHI,264.36
2023-10-18,SKU003,NYC,868.78
2023-10-18,SKU003,LA,598.26
2023-10-18,SKU003,CHI,469.93
2023-10-18,SKU004,NYC,431.14
2023-10-18,SKU004,LA,316.23
2023-10-18,SKU004,CHI,265.65
2023-10-18,SKU005,NYC,718.05
2023-10-18,SKU005,LA,517.05
2023-10-18,SKU005,CHI,368.99
2023-10-19,SKU001,NYC,548.08
2023-10-19,SKU001,LA,539.77
2023-10-19,SKU001,CHI,377.56
2023-10-19,SKU002,NYC,478.72
2023-10-19,SKU002,LA,392.91
2023-10-19,SKU002,CHI,309.60
2023-10-19,SKU003,NYC,858.62
2023-10-19,SKU003,LA,738.95
2023-10-19,SKU003,CHI,512.17
2023-10-19,SKU004,NYC,529.99
2023-10-19,SKU004,LA,463.17
2023-10-19,SKU004,CHI,343.60
2023-10-19,SKU005,NYC,729.16
2023-10-19,SKU005,LA,581.32
2023-10-19,SKU005,CHI,546.41
2023-10-20,SKU001,NYC,632.78
2023-10-20,SKU001,LA,653.38
2023-10-20,SKU001,CHI,369.64
2023-10-20,SKU002,NYC,368.95
2023-10-20,SKU002,LA,376.42
2023-10-20,SKU002,CHI,277.88
2023-10-20,SKU003,NYC,1126.05
2023-10-20,SKU003,LA,643.25
2023-10-20,SKU003,CHI,677.02
2023-10-20,SKU004,NYC,466.57
2023-10-20,SKU004,LA,427.69
2023-10-20,SKU004,CHI,333.53
2023-10-20,SKU005,NYC,760.29
2023-10-20,SKU005,LA,795.19
2023-10-20,SKU005,CHI,592.01
2023-10-21,SKU001,NYC,762.35
2023-10-21,SKU001,LA,791.88
2023-10-21,SKU001,CHI,514.34
2023-10-21,SKU002,NYC,647.57
2023-10-21,SKU002,LA,484.57
2023-10-21,SKU002,CHI,350.70
2023-10-21,SKU003,NYC,1156.46
2023-10-21,SKU003,LA,876.21
2023-10-21,SKU003,CHI,631.80
2023-10-21,SKU004,NYC,763.08
2023-10-21,SKU004,LA,525.69
2023-10-21,SKU004,CHI,412.80
2023-10-21,SKU005,NYC,938.76
2023-10-21,SKU005,LA,937.99
2023-10-21,SKU005,CHI,582.67
2023-10-22,SKU001,NYC,756.46
2023-10-22,SKU001,LA,718.26
2023-10-22,SKU001,CHI,495.72
2023-10-22,SKU002,NYC,607.77
2023-10-22,SKU002,LA,508.13
2023-10-22,SKU002,CHI,415.89
2023-10-22,SKU003,NYC,1123.22
2023-10-22,SKU003,LA,888.43
2023-10-22,SKU003,CHI,715.97
2023-10-22,SKU004,NYC,799.40
2023-10-22,SKU004,LA,591.40
2023-10-22,SKU004,CHI,459.61
2023-10-22,SKU005,NYC,1142.98
2023-10-22,SKU005,LA,1085.85
2023-10-22,SKU005,CHI,840.16
2023-10-23,SKU001,NYC,462.06
2023-10-23,SKU001,LA,473.81
2023-10-23,SKU001,CHI,436.61
2023-10-23,SKU002,NYC,367.88
2023-10-23,SKU002,LA,310.73
2023-10-23,SKU002,CHI,232.28
2023-10-23,SKU003,NYC,794.25
2023-10-23,SKU003,LA,607.42
2023-10-23,SKU003,CHI,570.37
2023-10-23,SKU004,NYC,395.17
2023-10-23,SKU004,LA,356.18
2023-10-23,SKU004,CHI,299.53
2023-10-23,SKU005,NYC,695.47
2023-10-23,SKU005,LA,583.01
2023-10-23,SKU005,CHI,492.48
2023-10-24,SKU001,NYC,538.86
2023-10-24,SKU001,LA,469.16
2023-10-24,SKU001,CHI,320.58
2023-10-24,SKU002,NYC,423.27
2023-10-24,SKU002,LA,254.27
2023-10-24,SKU002,CHI,234.59
2023-10-24,SKU003,NYC,865.10
2023-10-24,SKU003,LA,496.20
2023-10-24,SKU003,CHI,611.59
2023-10-24,SKU004,NYC,416.54
2023-10-24,SKU004,LA,358.14
2023-10-24,SKU004,CHI,294.83
2023-10-24,SKU005,NYC,803.04
2023-10-24,SKU005,LA,595.27
2023-10-24,SKU005,CHI,515.08
2023-10-25,SKU001,NYC,612.23
2023-10-25,SKU001,LA,538.06
2023-10-25,SKU001,CHI,381.10
2023-10-25,SKU002,NYC,355.32
2023-10-25,SKU002,LA,276.69
2023-10-25,SKU002,CHI,234.73
2023-10-25,SKU003,NYC,736.54
2023-10-25,SKU003,LA,597.38
2023-10-25,SKU003,CHI,547.33
2023-10-25,SKU004,NYC,357.02
2023-10-25,SKU004,LA,346.27
2023-10-25,SKU004,CHI,319.72
2023-10-25,SKU005,NYC,700.89
2023-10-25,SKU005,LA,599.75
2023-10-25,SKU005,CHI,516.26
2023-10-26,SKU001,NYC,757.20
2023-10-26,SKU001,LA,616.12
2023-10-26,SKU001,CHI,406.05
2023-10-26,SKU002,NYC,362.22
2023-10-26,SKU002,LA,373.86
2023-10-26,SKU002,CHI,267.25
2023-10-26,SKU003,NYC,855.52
2023-10-26,SKU003,LA,687.01
2023-10-26,SKU003,CHI,666.07
2023-10-26,SKU004,NYC,497.89
2023-10-26,SKU004,LA,428.54
2023-10-26,SKU004,CHI,383.39
2023-10-26,SKU005,NYC,896.41
2023-10-26,SKU005,LA,696.49
2023-10-26,SKU005,CHI,588.25
2023-10-27,SKU001,NYC,763.22
2023-10-27,SKU001,LA,596.52
2023-10-27,SKU001,CHI,434.32
2023-10-27,SKU002,NYC,469.46
2023-10-27,SKU002,LA,379.53
2023-10-27,SKU002,CHI,338.91
2023-10-27,SKU003,NYC,870.82
2023-10-27,SKU003,LA,798.52
2023-10-27,SKU003,CHI,727.98
2023-10-27,SKU004,NYC,482.84
2023-10-27,SKU004,LA,437.90
2023-10-27,SKU004,CHI,405.48
2023-10-27,SKU005,NYC,1021.18
2023-10-27,SKU005,LA,778.77
2023-10-27,SKU005,CHI,597.01
2023-10-28,SKU001,NYC,855.76
2023-10-28,SKU001,LA,593.46
2023-10-28,SKU001,CHI,523.66
2023-10-28,SKU002,NYC,646.86
2023-10-28,SKU002,LA,463.08
2023-10-28,SKU002,CHI,378.80
2023-10-28,SKU003,NYC,1200.34
2023-10-28,SKU003,LA,965.08
2023-10-28,SKU003,CHI,748.40
2023-10-28,SKU004,NYC,535.48
2023-10-28,SKU004,LA,594.97
2023-10-28,SKU004,CHI,456.53
2023-10-28,SKU005,NYC,1152.32
2023-10-28,SKU005,LA,898.93
2023-10-28,SKU005,CHI,799.38
2023-10-29,SKU001,NYC,790.68
2023-10-29,SKU001,LA,826.79
2023-10-29,SKU001,CHI,623.35
2023-10-29,SKU002,NYC,642.72
2023-10-29,SKU002,LA,477.19
2023-10-29,SKU002,CHI,302.44
2023-10-29,SKU003,NYC,1054.87
2023-10-29,SKU003,LA,810.96
2023-10-29,SKU003,CHI,789.67
2023-10-29,SKU004,NYC,714.94
2023-10-29,SKU004,LA,691.24
2023-10-29,SKU004,CHI,426.94
2023-10-29,SKU005,NYC,1072.58
2023-10-29,SKU005,LA,787.09
2023-10-29,SKU005,CHI,958.95
2023-10-30,SKU001,NYC,602.71
2023-10-30,SKU001,LA,533.62
2023-10-30,SKU001,CHI,362.51
2023-10-30,SKU002,NYC,372.40
2023-10-30,SKU002,LA,311.79
2023-10-30,SKU002,CHI,197.43
2023-10-30,SKU003,NYC,714.71
2023-10-30,SKU003,LA,642.76
2023-10-30,SKU003,CHI,531.09
2023-10-30,SKU004,NYC,503.76
2023-10-30,SKU004,LA,386.07
2023-10-30,SKU004,CHI,282.17
2023-10-30,SKU005,NYC,676.49
2023-10-30,SKU005,LA,577.30
2023-10-30,SKU005,CHI,584.23
2023-10-31,SKU001,NYC,580.87
2023-10-31,SKU001,LA,472.58
2023-10-31,SKU001,CHI,440.97
2023-10-31,SKU002,NYC,408.18
2023-10-31,SKU002,LA,336.21
2023-10-31,SKU002,CHI,227.58
2023-10-31,SKU003,NYC,851.72
2023-10-31,SKU003,LA,571.83
2023-10-31,SKU003,CHI,512.77
2023-10-31,SKU004,NYC,395.45
2023-10-31,SKU004,LA,438.10
2023-10-31,SKU004,CHI,318.34
2023-10-31,SKU005,NYC,716.17
2023-10-31,SKU005,LA,557.08
2023-10-31,SKU005,CHI,470.93
2023-11-01,SKU001,NYC,584.71
2023-11-01,SKU001,LA,381.90
2023-11-01,SKU001,CHI,411.46
2023-11-01,SKU002,NYC,423.47
2023-11-01,SKU002,LA,318.84
2023-11-01,SKU002,CHI,267.35
2023-11-01,SKU003,NYC,857.27
2023-11-01,SKU003,LA,693.25
2023-11-01,SKU003,CHI,532.77
2023-11-01,SKU004,NYC,426.34
2023-11-01,SKU004,LA,363.98
2023-11-01,SKU004,CHI,301.66
2023-11-01,SKU005,NYC,589.01
2023-11-01,SKU005,LA,642.38
2023-11-01,SKU005,CHI,434.66
2023-11-02,SKU001,NYC,685.29
2023-11-02,SKU001,LA,560.81
2023-11-02,SKU001,CHI,433.60
2023-11-02,SKU002,NYC,374.22
2023-11-02,SKU002,LA,397.72
2023-11-02,SKU002,CHI,311.47
2023-11-02,SKU003,NYC,930.84
2023-11-02,SKU003,LA,786.79
2023-11-02,SKU003,CHI,560.41
2023-11-02,SKU004,NYC,598.97
2023-11-02,SKU004,LA,447.71
2023-11-02,SKU004,CHI,386.77
2023-11-02,SKU005,NYC,800.34
2023-11-02,SKU005,LA,680.94
2023-11-02,SKU005,CHI,602.97
2023-11-03,SKU001,NYC,694.36
2023-11-03,SKU001,LA,562.89
2023-11-03,SKU001,CHI,506.80
2023-11-03,SKU002,NYC,382.96
2023-11-03,SKU002,LA,383.23
2023-11-03,SKU002,CHI,262.83
2023-11-03,SKU003,NYC,1082.18
2023-11-03,SKU003,LA,790.83
2023-11-03,SKU003,CHI,710.08
2023-11-03,SKU004,NYC,624.37
2023-11-03,SKU004,LA,419.57
2023-11-03,SKU004,CHI,344.27
2023-11-03,SKU005,NYC,1005.73
2023-11-03,SKU005,LA,677.74
2023-11-03,SKU005,CHI,580.14
2023-11-04,SKU001,NYC,847.14
2023-11-04,SKU001,LA,651.73
2023-11-04,SKU001,CHI,706.08
2023-11-04,SKU002,NYC,639.04
2023-11-04,SKU002,LA,477.88
2023-11-04,SKU002,CHI,344.31
2023-11-04,SKU003,NYC,1186.92
2023-11-04,SKU003,LA,1068.07
2023-11-04,SKU003,CHI,943.81
2023-11-04,SKU004,NYC,845.24
2023-11-04,SKU004,LA,595.19
2023-11-04,SKU004,CHI,543.03
2023-11-04,SKU005,NYC,1177.00
2023-11-04,SKU005,LA,1047.97
2023-11-04,SKU005,CHI,783.80
2023-11-05,SKU001,NYC,838.49
2023-11-05,SKU001,LA,848.82
2023-11-05,SKU001,CHI,576.17
2023-11-05,SKU002,NYC,559.34
2023-11-05,SKU002,LA,454.04
2023-11-05,SKU002,CHI,433.99
2023-11-05,SKU003,NYC,1298.63
2023-11-05,SKU003,LA,1083.78
2023-11-05,SKU003,CHI,817.27
2023-11-05,SKU004,NYC,603.82
2023-11-05,SKU004,LA,657.95
2023-11-05,SKU004,CHI,500.68
2023-11-05,SKU005,NYC,1200.57
2023-11-05,SKU005,LA,874.38
2023-11-05,SKU005,CHI,711.67
2023-11-06,SKU001,NYC,616.16
2023-11-06,SKU001,LA,446.42
2023-11-06,SKU001,CHI,411.20
2023-11-06,SKU002,NYC,399.39
2023-11-06,SKU002,LA,340.62
2023-11-06,SKU002,CHI,286.81
2023-11-06,SKU003,NYC,854.20
2023-11-06,SKU003,LA,676.76
2023-11-06,SKU003,CHI,479.84
2023-11-06,SKU004,NYC,449.24
2023-11-06,SKU004,LA,435.36
2023-11-06,SKU004,CHI,313.65
2023-11-06,SKU005,NYC,890.29
2023-11-06,SKU005,LA,541.54
2023-11-06,SKU005,CHI,581.01
2023-11-07,SKU001,NYC,522.43
2023-11-07,SKU001,LA,415.33
2023-11-07,SKU001,CHI,351.82
2023-11-07,SKU002,NYC,353.12
2023-11-07,SKU002,LA,379.38
2023-11-07,SKU002,CHI,236.72
2023-11-07,SKU003,NYC,826.21
2023-11-07,SKU003,LA,646.42
2023-11-07,SKU003,CHI,442.92
2023-11-07,SKU004,NYC,482.18
2023-11-07,SKU004,LA,391.00
2023-11-07,SKU004,CHI,270.09
2023-11-07,SKU005,NYC,836.83
2023-11-07,SKU005,LA,577.38
2023-11-07,SKU005,CHI,415.70
2023-11-08,SKU001,NYC,642.17
2023-11-08,SKU001,LA,464.50
2023-11-08,SKU001,CHI,342.90
2023-11-08,SKU002,NYC,371.59
2023-11-08,SKU002,LA,308.99
2023-11-08,SKU002,CHI,260.87
2023-11-08,SKU003,NYC,698.07
2023-11-08,SKU003,LA,736.56
2023-11-08,SKU003,CHI,554.84
2023-11-08,SKU004,NYC,451.35
2023-11-08,SKU004,LA,454.27
2023-11-08,SKU004,CHI,313.64
2023-11-08,SKU005,NYC,791.21
2023-11-08,SKU005,LA,625.68
2023-11-08,SKU005,CHI,507.07
2023-11-09,SKU001,NYC,772.44
2023-11-09,SKU001,LA,542.16
2023-11-09,SKU001,CHI,496.79
2023-11-09,SKU002,NYC,431.86
2023-11-09,SKU002,LA,362.96
2023-11-09,SKU002,CHI,280.65
2023-11-09,SKU003,NYC,799.53
2023-11-09,SKU003,LA,820.62
2023-11-09,SKU003,CHI,545.42
2023-11-09,SKU004,NYC,595.75
2023-11-09,SKU004,LA,496.09
2023-11-09,SKU004,CHI,351.38
2023-11-09,SKU005,NYC,960.68
2023-11-09,SKU005,LA,783.75
2023-11-09,SKU005,CHI,658.27
2023-11-10,SKU001,NYC,616.55
2023-11-10,SKU001,LA,597.25
2023-11-10,SKU001,CHI,510.13
2023-11-10,SKU002,NYC,454.59
2023-11-10,SKU002,LA,403.48
2023-11-10,SKU002,CHI,292.56
2023-11-10,SKU003,NYC,1147.00
2023-11-10,SKU003,LA,849.73
2023-11-10,SKU003,CHI,612.26
2023-11-10,SKU004,NYC,620.87
2023-11-10,SKU004,LA,449.20
2023-11-10,SKU004,CHI,376.76
2023-11-10,SKU005,NYC,965.09
2023-11-10,SKU005,LA,865.24
2023-11-10,SKU005,CHI,579.98
2023-11-11,SKU001,NYC,1397.94
2023-11-11,SKU001,LA,1067.23
2023-11-11,SKU001,CHI,855.95
2023-11-11,SKU002,NYC,855.38
2023-11-11,SKU002,LA,730.52
2023-11-11,SKU002,CHI,550.90
2023-11-11,SKU003,NYC,1616.19
2023-11-11,SKU003,LA,1522.42
2023-11-11,SKU003,CHI,1100.04
2023-11-11,SKU004,NYC,1004.40
2023-11-11,SKU004,LA,693.82
2023-11-11,SKU004,CHI,712.31
2023-11-11,SKU005,NYC,1587.53
2023-11-11,SKU005,LA,1456.96
2023-11-11,SKU005,CHI,1076.26
2023-11-12,SKU001,NYC,895.10
2023-11-12,SKU001,LA,806.92
2023-11-12,SKU001,CHI,547.91
2023-11-12,SKU002,NYC,500.40
2023-11-12,SKU002,LA,458.33
2023-11-12,SKU002,CHI,457.16
2023-11-12,SKU003,NYC,1135.81
2023-11-12,SKU003,LA,967.03
2023-11-12,SKU003,CHI,896.84
2023-11-12,SKU004,NYC,750.35
2023-11-12,SKU004,LA,551.47
2023-11-12,SKU004,CHI,473.68
2023-11-12,SKU005,NYC,1123.69
2023-11-12,SKU005,LA,1063.57
2023-11-12,SKU005,CHI,819.59
2023-11-13,SKU001,NYC,534.36
2023-11-13,SKU001,LA,427.99
2023-11-13,SKU001,CHI,330.38
2023-11-13,SKU002,NYC,420.89
2023-11-13,SKU002,LA,355.48
2023-11-13,SKU002,CHI,271.58
2023-11-13,SKU003,NYC,734.06
2023-11-13,SKU003,LA,588.91
2023-11-13,SKU003,CHI,578.97
2023-11-13,SKU004,NYC,344.02
2023-11-13,SKU004,LA,409.24
2023-11-13,SKU004,CHI,298.70
2023-11-13,SKU005,NYC,739.02
2023-11-13,SKU005,LA,784.60
2023-11-13,SKU005,CHI,546.54
2023-11-14,SKU001,NYC,601.96
2023-11-14,SKU001,LA,486.23
2023-11-14,SKU001,CHI,338.31
2023-11-14,SKU002,NYC,353.75
2023-11-14,SKU002,LA,275.18
2023-11-14,SKU002,CHI,263.32
2023-11-14,SKU003,NYC,700.23
2023-11-14,SKU003,LA,667.56
2023-11-14,SKU003,CHI,516.86
2023-11-14,SKU004,NYC,496.09
2023-11-14,SKU004,LA,395.72
2023-11-14,SKU004,CHI,305.63
2023-11-14,SKU005,NYC,761.25
2023-11-14,SKU005,LA,581.38
2023-11-14,SKU005,CHI,535.81
2023-11-15,SKU001,NYC,591.51
2023-11-15,SKU001,LA,595.33
2023-11-15,SKU001,CHI,437.70
2023-11-15,SKU002,NYC,408.10
2023-11-15,SKU002,LA,372.80
2023-11-15,SKU002,CHI,236.99
2023-11-15,SKU003,NYC,762.44
2023-11-15,SKU003,LA,578.35
2023-11-15,SKU003,CHI,582.04
2023-11-15,SKU004,NYC,503.12
2023-11-15,SKU004,LA,352.42
2023-11-15,SKU004,CHI,346.92
2023-11-15,SKU005,NYC,802.15
2023-11-15,SKU005,LA,576.51
2023-11-15,SKU005,CHI,507.71
2023-11-16,SKU001,NYC,681.83
2023-11-16,SKU001,LA,691.25
2023-11-16,SKU001,CHI,455.89
2023-11-16,SKU002,NYC,506.28
2023-11-16,SKU002,LA,396.46
2023-11-16,SKU002,CHI,368.56
2023-11-16,SKU003,NYC,885.13
2023-11-16,SKU003,LA,861.11
2023-11-16,SKU003,CHI,635.07
2023-11-16,SKU004,NYC,526.63
2023-11-16,SKU004,LA,465.94
2023-11-16,SKU004,CHI,429.29
2023-11-16,SKU005,NYC,976.30
2023-11-16,SKU005,LA,711.64
2023-11-16,SKU005,CHI,565.55
2023-11-17,SKU001,NYC,765.78
2023-11-17,SKU001,LA,655.61
2023-11-17,SKU001,CHI,431.49
2023-11-17,SKU002,NYC,432.43
2023-11-17,SKU002,LA,367.90
2023-11-17,SKU002,CHI,279.73
2023-11-17,SKU003,NYC,1015.73
2023-11-17,SKU003,LA,815.12
2023-11-17,SKU003,CHI,607.62
2023-11-17,SKU004,NYC,461.74
2023-11-17,SKU004,LA,443.89
2023-11-17,SKU004,CHI,329.08
2023-11-17,SKU005,NYC,981.75
2023-11-17,SKU005,LA,800.95
2023-11-17,SKU005,CHI,646.29
2023-11-18,SKU001,NYC,892.70
2023-11-18,SKU001,LA,823.17
2023-11-18,SKU001,CHI,662.58
2023-11-18,SKU002,NYC,647.96
2023-11-18,SKU002,LA,580.57
2023-11-18,SKU002,CHI,405.27
2023-11-18,SKU003,NYC,1100.37
2023-11-18,SKU003,LA,904.88
2023-11-18,SKU003,CHI,966.75
2023-11-18,SKU004,NYC,636.10
2023-11-18,SKU004,LA,633.02
2023-11-18,SKU004,CHI,484.46
2023-11-18,SKU005,NYC,1179.68
2023-11-18,SKU005,LA,1119.60
2023-11-18,SKU005,CHI,913.53
2023-11-19,SKU001,NYC,848.72
2023-11-19,SKU001,LA,774.58
2023-11-19,SKU001,CHI,619.87
2023-11-19,SKU002,NYC,531.69
2023-11-19,SKU002,LA,547.54
2023-11-19,SKU002,CHI,433.61
2023-11-19,SKU003,NYC,1242.73
2023-11-19,SKU003,LA,1195.09
2023-11-19,SKU003,CHI,693.08
2023-11-19,SKU004,NYC,780.34
2023-11-19,SKU004,LA,571.76
2023-11-19,SKU004,CHI,432.60
2023-11-19,SKU005,NYC,1282.81
2023-11-19,SKU005,LA,983.96
2023-11-19,SKU005,CHI,757.69
2023-11-20,SKU001,NYC,700.08
2023-11-20,SKU001,LA,434.23
2023-11-20,SKU001,CHI,352.26
2023-11-20,SKU002,NYC,374.10
2023-11-20,SKU002,LA,347.38
2023-11-20,SKU002,CHI,269.40
2023-11-20,SKU003,NYC,811.52
2023-11-20,SKU003,LA,617.18
2023-11-20,SKU003,CHI,491.62
2023-11-20,SKU004,NYC,489.91
2023-11-20,SKU004,LA,324.12
2023-11-20,SKU004,CHI,335.01
2023-11-20,SKU005,NYC,761.19
2023-11-20,SKU005,LA,724.53
2023-11-20,SKU005,CHI,544.03
2023-11-21,SKU001,NYC,627.53
2023-11-21,SKU001,LA,510.29
2023-11-21,SKU001,CHI,310.82
2023-11-21,SKU002,NYC,420.91
2023-11-21,SKU002,LA,332.25
2023-11-21,SKU002,CHI,298.92
2023-11-21,SKU003,NYC,751.51
2023-11-21,SKU003,LA,614.54
2023-11-21,SKU003,CHI,603.30
2023-11-21,SKU004,NYC,438.29
2023-11-21,SKU004,LA,425.41
2023-11-21,SKU004,CHI,274.78
2023-11-21,SKU005,NYC,778.90
2023-11-21,SKU005,LA,681.58
2023-11-21,SKU005,CHI,515.02
2023-11-22,SKU001,NYC,584.00
2023-11-22,SKU001,LA,543.73
2023-11-22,SKU001,CHI,321.53
2023-11-22,SKU002,NYC,372.02
2023-11-22,SKU002,LA,281.13
2023-11-22,SKU002,CHI,245.57
2023-11-22,SKU003,NYC,755.17
2023-11-22,SKU003,LA,710.18
2023-11-22,SKU003,CHI,532.37
2023-11-22,SKU004,NYC,503.32
2023-11-22,SKU004,LA,442.08
2023-11-22,SKU004,CHI,363.06
2023-11-22,SKU005,NYC,763.32
2023-11-22,SKU005,LA,458.88
2023-11-22,SKU005,CHI,539.60
2023-11-23,SKU001,NYC,790.16
2023-11-23,SKU001,LA,516.76
2023-11-23,SKU001,CHI,441.82
2023-11-23,SKU002,NYC,510.21
2023-11-23,SKU002,LA,417.80
2023-11-23,SKU002,CHI,337.72
2023-11-23,SKU003,NYC,1018.90
2023-11-23,SKU003,LA,649.97
2023-11-23,SKU003,CHI,694.54
2023-11-23,SKU004,NYC,531.12
2023-11-23,SKU004,LA,569.08
2023-11-23,SKU004,CHI,436.54
2023-11-23,SKU005,NYC,915.76
2023-11-23,SKU005,LA,874.01
2023-11-23,SKU005,CHI,575.96
2023-11-24,SKU001,NYC,1847.20
2023-11-24,SKU001,LA,1553.59
2023-11-24,SKU001,CHI,1285.43
2023-11-24,SKU002,NYC,1027.61
2023-11-24,SKU002,LA,1210.64
2023-11-24,SKU002,CHI,828.17
2023-11-24,SKU003,NYC,2712.47
2023-11-24,SKU003,LA,1954.32
2023-11-24,SKU003,CHI,1619.28
2023-11-24,SKU004,NYC,1389.58
2023-11-24,SKU004,LA,1184.15
2023-11-24,SKU004,CHI,918.12
2023-11-24,SKU005,NYC,2481.59
2023-11-24,SKU005,LA,2375.57
2023-11-24,SKU005,CHI,1320.87
2023-11-25,SKU001,NYC,857.64
2023-11-25,SKU001,LA,624.94
2023-11-25,SKU001,CHI,599.74
2023-11-25,SKU002,NYC,615.58
2023-11-25,SKU002,LA,544.03
2023-11-25,SKU002,CHI,394.22
2023-11-25,SKU003,NYC,1026.52
2023-11-25,SKU003,LA,945.59
2023-11-25,SKU003,CHI,871.11
2023-11-25,SKU004,NYC,719.76
2023-11-25,SKU004,LA,731.30
2023-11-25,SKU004,CHI,566.88
2023-11-25,SKU005,NYC,1200.55
2023-11-25,SKU005,LA,1077.61
2023-11-25,SKU005,CHI,856.38
2023-11-26,SKU001,NYC,1068.03
2023-11-26,SKU001,LA,835.00
2023-11-26,SKU001,CHI,608.10
2023-11-26,SKU002,NYC,569.84
2023-11-26,SKU002,LA,478.93
2023-11-26,SKU002,CHI,415.12
2023-11-26,SKU003,NYC,1159.57
2023-11-26,SKU003,LA,960.01
2023-11-26,SKU003,CHI,864.18
2023-11-26,SKU004,NYC,619.67
2023-11-26,SKU004,LA,555.67
2023-11-26,SKU004,CHI,590.57
2023-11-26,SKU005,NYC,954.34
2023-11-26,SKU005,LA,1104.56
2023-11-26,SKU005,CHI,826.81
2023-11-27,SKU001,NYC,554.08
2023-11-27,SKU001,LA,544.41
2023-11-27,SKU001,CHI,353.48
2023-11-27,SKU002,NYC,417.10
2023-11-27,SKU002,LA,334.60
2023-11-27,SKU002,CHI,270.50
2023-11-27,SKU003,NYC,819.16
2023-11-27,SKU003,LA,732.84
2023-11-27,SKU003,CHI,591.91
2023-11-27,SKU004,NYC,547.06
2023-11-27,SKU004,LA,378.94
2023-11-27,SKU004,CHI,318.12
2023-11-27,SKU005,NYC,838.52
2023-11-27,SKU005,LA,703.06
2023-11-27,SKU005,CHI,449.67
2023-11-28,SKU001,NYC,597.61
2023-11-28,SKU001,LA,537.73
2023-11-28,SKU001,CHI,474.35
2023-11-28,SKU002,NYC,339.02
2023-11-28,SKU002,LA,376.88
2023-11-28,SKU002,CHI,237.64
2023-11-28,SKU003,NYC,859.13
2023-11-28,SKU003,LA,690.71
2023-11-28,SKU003,CHI,516.85
2023-11-28,SKU004,NYC,468.80
2023-11-28,SKU004,LA,418.57
2023-11-28,SKU004,CHI,350.30
2023-11-28,SKU005,NYC,788.18
2023-11-28,SKU005,LA,726.69
2023-11-28,SKU005,CHI,464.47
2023-11-29,SKU001,NYC,563.15
2023-11-29,SKU001,LA,431.95
2023-11-29,SKU001,CHI,410.28
2023-11-29,SKU002,NYC,425.04
2023-11-29,SKU002,LA,368.05
2023-11-29,SKU002,CHI,276.11
2023-11-29,SKU003,NYC,897.93
2023-11-29,SKU003,LA,568.35
2023-11-29,SKU003,CHI,562.21
2023-11-29,SKU004,NYC,445.83
2023-11-29,SKU004,LA,424.51
2023-11-29,SKU004,CHI,306.37
2023-11-29,SKU005,NYC,800.09
2023-11-29,SKU005,LA,767.27
2023-11-29,SKU005,CHI,601.55
2023-11-30,SKU001,NYC,716.47
2023-11-30,SKU001,LA,546.54
2023-11-30,SKU001,CHI,517.91
2023-11-30,SKU002,NYC,475.11
2023-11-30,SKU002,LA,392.31
2023-11-30,SKU002,CHI,308.58
2023-11-30,SKU003,NYC,893.61
2023-11-30,SKU003,LA,829.98
2023-11-30,SKU003,CHI,727.56
2023-11-30,SKU004,NYC,623.96
2023-11-30,SKU004,LA,449.41
2023-11-30,SKU004,CHI,315.26
2023-11-30,SKU005,NYC,769.07
2023-11-30,SKU005,LA,795.78
2023-11-30,SKU005,CHI,560.83
2023-12-01,SKU001,NYC,720.55
2023-12-01,SKU001,LA,600.97
2023-12-01,SKU001,CHI,516.40
2023-12-01,SKU002,NYC,382.38
2023-12-01,SKU002,LA,399.26
2023-12-01,SKU002,CHI,324.94
2023-12-01,SKU003,NYC,944.54
2023-12-01,SKU003,LA,824.05
2023-12-01,SKU003,CHI,601.98
2023-12-01,SKU004,NYC,544.01
2023-12-01,SKU004,LA,515.69
2023-12-01,SKU004,CHI,342.57
2023-12-01,SKU005,NYC,972.79
2023-12-01,SKU005,LA,835.22
2023-12-01,SKU005,CHI,600.12
2023-12-02,SKU001,NYC,919.71
2023-12-02,SKU001,LA,706.02
2023-12-02,SKU001,CHI,643.13
2023-12-02,SKU002,NYC,580.63
2023-12-02,SKU002,LA,467.10
2023-12-02,SKU002,CHI,449.24
2023-12-02,SKU003,NYC,1316.95
2023-12-02,SKU003,LA,1123.78
2023-12-02,SKU003,CHI,703.40
2023-12-02,SKU004,NYC,611.19
2023-12-02,SKU004,LA,573.60
2023-12-02,SKU004,CHI,463.45
2023-12-02,SKU005,NYC,1203.03
2023-12-02,SKU005,LA,1006.15
2023-12-02,SKU005,CHI,789.46
2023-12-03,SKU001,NYC,767.01
2023-12-03,SKU001,LA,879.33
2023-12-03,SKU001,CHI,673.73
2023-12-03,SKU002,NYC,722.11
2023-12-03,SKU002,LA,478.42
2023-12-03,SKU002,CHI,362.35
2023-12-03,SKU003,NYC,1214.46
2023-12-03,SKU003,LA,962.56
2023-12-03,SKU003,CHI,840.68
2023-12-03,SKU004,NYC,752.83
2023-12-03,SKU004,LA,650.02
2023-12-03,SKU004,CHI,397.51
2023-12-03,SKU005,NYC,1170.06
2023-12-03,SKU005,LA,1043.76
2023-12-03,SKU005,CHI,961.48
2023-12-04,SKU001,NYC,656.64
2023-12-04,SKU001,LA,484.27
2023-12-04,SKU001,CHI,421.03
2023-12-04,SKU002,NYC,478.19
2023-12-04,SKU002,LA,352.55
2023-12-04,SKU002,CHI,272.36
2023-12-04,SKU003,NYC,1031.35
2023-12-04,SKU003,LA,716.32
2023-12-04,SKU003,CHI,601.30
2023-12-04,SKU004,NYC,512.98
2023-12-04,SKU004,LA,379.65
2023-12-04,SKU004,CHI,324.26
2023-12-04,SKU005,NYC,782.92
2023-12-04,SKU005,LA,713.56
2023-12-04,SKU005,CHI,539.88
2023-12-05,SKU001,NYC,565.30
2023-12-05,SKU001,LA,505.40
2023-12-05,SKU001,CHI,427.98
2023-12-05,SKU002,NYC,425.85
2023-12-05,SKU002,LA,295.12
2023-12-05,SKU002,CHI,306.08
2023-12-05,SKU003,NYC,936.38
2023-12-05,SKU003,LA,692.67
2023-12-05,SKU003,CHI,580.36
2023-12-05,SKU004,NYC,553.44
2023-12-05,SKU004,LA,432.38
2023-12-05,SKU004,CHI,325.37
2023-12-05,SKU005,NYC,719.42
2023-12-05,SKU005,LA,793.96
2023-12-05,SKU005,CHI,544.18
2023-12-06,SKU001,NYC,583.73
2023-12-06,SKU001,LA,491.66
2023-12-06,SKU001,CHI,401.24
2023-12-06,SKU002,NYC,340.38
2023-12-06,SKU002,LA,360.64
2023-12-06,SKU002,CHI,310.94
2023-12-06,SKU003,NYC,808.29
2023-12-06,SKU003,LA,754.07
2023-12-06,SKU003,CHI,545.54
2023-12-06,SKU004,NYC,483.75
2023-12-06,SKU004,LA,399.72
2023-12-06,SKU004,CHI,344.54
2023-12-06,SKU005,NYC,792.71
2023-12-06,SKU005,LA,766.75
2023-12-06,SKU005,CHI,491.76
2023-12-07,SKU001,NYC,730.71
2023-12-07,SKU001,LA,730.65
2023-12-07,SKU001,CHI,549.19
2023-12-07,SKU002,NYC,434.91
2023-12-07,SKU002,LA,388.23
2023-12-07,SKU002,CHI,358.03
2023-12-07,SKU003,NYC,918.38
2023-12-07,SKU003,LA,821.38
2023-12-07,SKU003,CHI,668.92
2023-12-07,SKU004,NYC,513.48
2023-12-07,SKU004,LA,476.33
2023-12-07,SKU004,CHI,347.01
2023-12-07,SKU005,NYC,1031.30
2023-12-07,SKU005,LA,831.96
2023-12-07,SKU005,CHI,658.92
2023-12-08,SKU001,NYC,792.27
2023-12-08,SKU001,LA,591.14
2023-12-08,SKU001,CHI,485.60
2023-12-08,SKU002,NYC,533.69
2023-12-08,SKU002,LA,352.25
2023-12-08,SKU002,CHI,306.77
2023-12-08,SKU003,NYC,897.01
2023-12-08,SKU003,LA,951.63
2023-12-08,SKU003,CHI,686.38
2023-12-08,SKU004,NYC,567.08
2023-12-08,SKU004,LA,522.04
2023-12-08,SKU004,CHI,447.19
2023-12-08,SKU005,NYC,875.27
2023-12-08,SKU005,LA,792.95
2023-12-08,SKU005,CHI,686.44
2023-12-09,SKU001,NYC,1193.97
2023-12-09,SKU001,LA,756.49
2023-12-09,SKU001,CHI,737.86
2023-12-09,SKU002,NYC,680.41
2023-12-09,SKU002,LA,589.41
2023-12-09,SKU002,CHI,489.94
2023-12-09,SKU003,NYC,1363.45
2023-12-09,SKU003,LA,1187.29
2023-12-09,SKU003,CHI,1066.20
2023-12-09,SKU004,NYC,898.13
2023-12-09,SKU004,LA,762.64
2023-12-09,SKU004,CHI,516.09
2023-12-09,SKU005,NYC,1359.29
2023-12-09,SKU005,LA,1361.59
2023-12-09,SKU005,CHI,949.76
2023-12-10,SKU001,NYC,943.49
2023-12-10,SKU001,LA,642.78
2023-12-10,SKU001,CHI,573.48
2023-12-10,SKU002,NYC,618.67
2023-12-10,SKU002,LA,501.60
2023-12-10,SKU002,CHI,392.38
2023-12-10,SKU003,NYC,1244.35
2023-12-10,SKU003,LA,945.50
2023-12-10,SKU003,CHI,1025.36
2023-12-10,SKU004,NYC,562.17
2023-12-10,SKU004,LA,644.77
2023-12-10,SKU004,CHI,506.89
2023-12-10,SKU005,NYC,1195.79
2023-12-10,SKU005,LA,933.03
2023-12-10,SKU005,CHI,824.33
2023-12-11,SKU001,NYC,577.36
2023-12-11,SKU001,LA,511.17
2023-12-11,SKU001,CHI,384.55
2023-12-11,SKU002,NYC,312.42
2023-12-11,SKU002,LA,381.08
2023-12-11,SKU002,CHI,304.80
2023-12-11,SKU003,NYC,861.45
2023-12-11,SKU003,LA,760.30
2023-12-11,SKU003,CHI,648.70
2023-12-11,SKU004,NYC,405.62
2023-12-11,SKU004,LA,410.58
2023-12-11,SKU004,CHI,292.82
2023-12-11,SKU005,NYC,783.31
2023-12-11,SKU005,LA,651.74
2023-12-11,SKU005,CHI,593.12
2023-12-12,SKU001,NYC,576.14
2023-12-12,SKU001,LA,623.00
2023-12-12,SKU001,CHI,387.33
2023-12-12,SKU002,NYC,369.93
2023-12-12,SKU002,LA,320.95
2023-12-12,SKU002,CHI,259.10
2023-12-12,SKU003,NYC,813.31
2023-12-12,SKU003,LA,669.13
2023-12-12,SKU003,CHI,522.87
2023-12-12,SKU004,NYC,481.65
2023-12-12,SKU004,LA,356.95
2023-12-12,SKU004,CHI,290.58
2023-12-12,SKU005,NYC,746.71
2023-12-12,SKU005,LA,666.86
2023-12-12,SKU005,CHI,415.56
2023-12-13,SKU001,NYC,647.84
2023-12-13,SKU001,LA,585.40
2023-12-13,SKU001,CHI,380.76
2023-12-13,SKU002,NYC,428.77
2023-12-13,SKU002,LA,331.18
2023-12-13,SKU002,CHI,225.43
2023-12-13,SKU003,NYC,816.92
2023-12-13,SKU003,LA,773.47
2023-12-13,SKU003,CHI,564.29
2023-12-13,SKU004,NYC,497.27
2023-12-13,SKU004,LA,417.78
2023-12-13,SKU004,CHI,352.18
2023-12-13,SKU005,NYC,798.20
2023-12-13,SKU005,LA,713.13
2023-12-13,SKU005,CHI,615.50
2023-12-14,SKU001,NYC,660.26
2023-12-14,SKU001,LA,590.06
2023-12-14,SKU001,CHI,532.48
2023-12-14,SKU002,NYC,509.43
2023-12-14,SKU002,LA,428.35
2023-12-14,SKU002,CHI,351.08
2023-12-14,SKU003,NYC,923.98
2023-12-14,SKU003,LA,803.56
2023-12-14,SKU003,CHI,555.58
2023-12-14,SKU004,NYC,477.65
2023-12-14,SKU004,LA,463.66
2023-12-14,SKU004,CHI,451.77
2023-12-14,SKU005,NYC,1036.75
2023-12-14,SKU005,LA,715.48
2023-12-14,SKU005,CHI,603.89
2023-12-15,SKU001,NYC,818.72
2023-12-15,SKU001,LA,565.03
2023-12-15,SKU001,CHI,503.52
2023-12-15,SKU002,NYC,419.61
2023-12-15,SKU002,LA,392.26
2023-12-15,SKU002,CHI,342.58
2023-12-15,SKU003,NYC,1017.13
2023-12-15,SKU003,LA,817.29
2023-12-15,SKU003,CHI,607.19
2023-12-15,SKU004,NYC,570.74
2023-12-15,SKU004,LA,499.53
2023-12-15,SKU004,CHI,396.69
2023-12-15,SKU005,NYC,830.88
2023-12-15,SKU005,LA,800.57
2023-12-15,SKU005,CHI,578.20
2023-12-16,SKU001,NYC,958.34
2023-12-16,SKU001,LA,680.13
2023-12-16,SKU001,CHI,607.94
2023-12-16,SKU002,NYC,749.61
2023-12-16,SKU002,LA,584.30
2023-12-16,SKU002,CHI,378.37
2023-12-16,SKU003,NYC,1211.09
2023-12-16,SKU003,LA,1084.29
2023-12-16,SKU003,CHI,912.49
2023-12-16,SKU004,NYC,525.93
2023-12-16,SKU004,LA,714.82
2023-12-16,SKU004,CHI,545.26
2023-12-16,SKU005,NYC,1283.38
2023-12-16,SKU005,LA,1081.28
2023-12-16,SKU005,CHI,877.06
2023-12-17,SKU001,NYC,882.28
2023-12-17,SKU001,LA,804.76
2023-12-17,SKU001,CHI,615.01
2023-12-17,SKU002,NYC,567.77
2023-12-17,SKU002,LA,525.84
2023-12-17,SKU002,CHI,404.78
2023-12-17,SKU003,NYC,1189.94
2023-12-17,SKU003,LA,1020.20
2023-12-17,SKU003,CHI,858.97
2023-12-17,SKU004,NYC,677.68
2023-12-17,SKU004,LA,598.61
2023-12-17,SKU004,CHI,454.33
2023-12-17,SKU005,NYC,1331.55
2023-12-17,SKU005,LA,985.00
2023-12-17,SKU005,CHI,918.87
2023-12-18,SKU001,NYC,490.34
2023-12-18,SKU001,LA,492.60
2023-12-18,SKU001,CHI,466.40
2023-12-18,SKU002,NYC,329.14
2023-12-18,SKU002,LA,408.45
2023-12-18,SKU002,CHI,259.66
2023-12-18,SKU003,NYC,804.00
2023-12-18,SKU003,LA,571.85
2023-12-18,SKU003,CHI,501.31
2023-12-18,SKU004,NYC,466.25
2023-12-18,SKU004,LA,420.99
2023-12-18,SKU004,CHI,276.90
2023-12-18,SKU005,NYC,729.44
2023-12-18,SKU005,LA,649.65
2023-12-18,SKU005,CHI,533.21
2023-12-19,SKU001,NYC,627.03
2023-12-19,SKU001,LA,474.86
2023-12-19,SKU001,CHI,444.80
2023-12-19,SKU002,NYC,383.64
2023-12-19,SKU002,LA,297.60
2023-12-19,SKU002,CHI,285.34
2023-12-19,SKU003,NYC,948.20
2023-12-19,SKU003,LA,868.82
2023-12-19,SKU003,CHI,560.24
2023-12-19,SKU004,NYC,464.63
2023-12-19,SKU004,LA,423.22
2023-12-19,SKU004,CHI,324.77
2023-12-19,SKU005,NYC,798.83
2023-12-19,SKU005,LA,598.44
2023-12-19,SKU005,CHI,563.97
2023-12-20,SKU001,NYC,668.77
2023-12-20,SKU001,LA,514.66
2023-12-20,SKU001,CHI,443.18
2023-12-20,SKU002,NYC,438.26
2023-12-20,SKU002,LA,344.82
2023-12-20,SKU002,CHI,339.90
2023-12-20,SKU003,NYC,825.88
2023-12-20,SKU003,LA,691.20
2023-12-20,SKU003,CHI,552.07
2023-12-20,SKU004,NYC,542.19
2023-12-20,SKU004,LA,466.29
2023-12-20,SKU004,CHI,338.49
2023-12-20,SKU005,NYC,808.76
2023-12-20,SKU005,LA,770.44
2023-12-20,SKU005,CHI,639.63
2023-12-21,SKU001,NYC,700.08
2023-12-21,SKU001,LA,693.96
2023-12-21,SKU001,CHI,399.10
2023-12-21,SKU002,NYC,558.63
2023-12-21,SKU002,LA,406.84
2023-12-21,SKU002,CHI,289.39
2023-12-21,SKU003,NYC,998.87
2023-12-21,SKU003,LA,924.07
2023-12-21,SKU003,CHI,583.39
2023-12-21,SKU004,NYC,578.85
2023-12-21,SKU004,LA,465.20
2023-12-21,SKU004,CHI,461.82
2023-12-21,SKU005,NYC,990.70
2023-12-21,SKU005,LA,869.39
2023-12-21,SKU005,CHI,721.39
2023-12-22,SKU001,NYC,750.89
2023-12-22,SKU001,LA,580.40
2023-12-22,SKU001,CHI,401.21
2023-12-22,SKU002,NYC,535.19
2023-12-22,SKU002,LA,462.34
2023-12-22,SKU002,CHI,342.28
2023-12-22,SKU003,NYC,1033.60
2023-12-22,SKU003,LA,841.02
2023-12-22,SKU003,CHI,479.24
2023-12-22,SKU004,NYC,528.26
2023-12-22,SKU004,LA,500.25
2023-12-22,SKU004,CHI,431.60
2023-12-22,SKU005,NYC,1135.28
2023-12-22,SKU005,LA,811.19
2023-12-22,SKU005,CHI,668.39
2023-12-23,SKU001,NYC,874.63
2023-12-23,SKU001,LA,741.56
2023-12-23,SKU001,CHI,495.75
2023-12-23,SKU002,NYC,505.43
2023-12-23,SKU002,LA,463.97
2023-12-23,SKU002,CHI,323.84
2023-12-23,SKU003,NYC,1258.27
2023-12-23,SKU003,LA,906.55
2023-12-23,SKU003,CHI,953.49
2023-12-23,SKU004,NYC,731.73
2023-12-23,SKU004,LA,600.86
2023-12-23,SKU004,CHI,523.24
2023-12-23,SKU005,NYC,1110.41
2023-12-23,SKU005,LA,1028.33
2023-12-23,SKU005,CHI,792.89
2023-12-24,SKU001,NYC,870.62
2023-12-24,SKU001,LA,806.50
2023-12-24,SKU001,CHI,651.25
2023-12-24,SKU002,NYC,707.56
2023-12-24,SKU002,LA,570.86
2023-12-24,SKU002,CHI,486.19
2023-12-24,SKU003,NYC,1295.01
2023-12-24,SKU003,LA,1067.29
2023-12-24,SKU003,CHI,847.83
2023-12-24,SKU004,NYC,813.19
2023-12-24,SKU004,LA,576.91
2023-12-24,SKU004,CHI,550.51
2023-12-24,SKU005,NYC,1187.80
2023-12-24,SKU005,LA,907.98
2023-12-24,SKU005,CHI,787.24
2023-12-25,SKU001,NYC,249.00
2023-12-25,SKU001,LA,233.10
2023-12-25,SKU001,CHI,178.42
2023-12-25,SKU002,NYC,175.04
2023-12-25,SKU002,LA,155.61
2023-12-25,SKU002,CHI,129.34
2023-12-25,SKU003,NYC,324.95
2023-12-25,SKU003,LA,285.77
2023-12-25,SKU003,CHI,209.54
2023-12-25,SKU004,NYC,189.07
2023-12-25,SKU004,LA,167.00
2023-12-25,SKU004,CHI,128.24
2023-12-25,SKU005,NYC,300.42
2023-12-25,SKU005,LA,290.67
2023-12-25,SKU005,CHI,189.89
2023-12-26,SKU001,NYC,647.92
2023-12-26,SKU001,LA,493.36
2023-12-26,SKU001,CHI,410.99
2023-12-26,SKU002,NYC,393.42
2023-12-26,SKU002,LA,397.49
2023-12-26,SKU002,CHI,291.31
2023-12-26,SKU003,NYC,863.17
2023-12-26,SKU003,LA,737.17
2023-12-26,SKU003,CHI,545.83
2023-12-26,SKU004,NYC,518.54
2023-12-26,SKU004,LA,437.33
2023-12-26,SKU004,CHI,386.69
2023-12-26,SKU005,NYC,841.26
2023-12-26,SKU005,LA,726.76
2023-12-26,SKU005,CHI,527.13
2023-12-27,SKU001,NYC,569.46
2023-12-27,SKU001,LA,445.31
2023-12-27,SKU001,CHI,413.48
2023-12-27,SKU002,NYC,380.78
2023-12-27,SKU002,LA,386.53
2023-12-27,SKU002,CHI,239.78
2023-12-27,SKU003,NYC,879.68
2023-12-27,SKU003,LA,711.67
2023-12-27,SKU003,CHI,548.40
2023-12-27,SKU004,NYC,510.78
2023-12-27,SKU004,LA,370.86
2023-12-27,SKU004,CHI,302.60
2023-12-27,SKU005,NYC,797.98
2023-12-27,SKU005,LA,657.50
2023-12-27,SKU005,CHI,493.09
2023-12-28,SKU001,NYC,771.52
2023-12-28,SKU001,LA,503.04
2023-12-28,SKU001,CHI,501.99
2023-12-28,SKU002,NYC,561.60
2023-12-28,SKU002,LA,330.51
2023-12-28,SKU002,CHI,324.23
2023-12-28,SKU003,NYC,1002.95
2023-12-28,SKU003,LA,791.25
2023-12-28,SKU003,CHI,668.20
2023-12-28,SKU004,NYC,528.23
2023-12-28,SKU004,LA,464.83
2023-12-28,SKU004,CHI,383.25
2023-12-28,SKU005,NYC,1058.82
2023-12-28,SKU005,LA,872.31
2023-12-28,SKU005,CHI,649.65
2023-12-29,SKU001,NYC,759.57
2023-12-29,SKU001,LA,552.80
2023-12-29,SKU001,CHI,457.87
2023-12-29,SKU002,NYC,441.44
2023-12-29,SKU002,LA,444.53
2023-12-29,SKU002,CHI,374.98
2023-12-29,SKU003,NYC,1023.20
2023-12-29,SKU003,LA,711.16
2023-12-29,SKU003,CHI,563.63
2023-12-29,SKU004,NYC,631.37
2023-12-29,SKU004,LA,478.84
2023-12-29,SKU004,CHI,353.15
2023-12-29,SKU005,NYC,1072.61
2023-12-29,SKU005,LA,936.91
2023-12-29,SKU005,CHI,718.68
2023-12-30,SKU001,NYC,902.95
2023-12-30,SKU001,LA,865.23
2023-12-30,SKU001,CHI,631.42
2023-12-30,SKU002,NYC,646.65
2023-12-30,SKU002,LA,549.89
2023-12-30,SKU002,CHI,379.43
2023-12-30,SKU003,NYC,1165.15
2023-12-30,SKU003,LA,1020.12
2023-12-30,SKU003,CHI,727.02
2023-12-30,SKU004,NYC,825.90
2023-12-30,SKU004,LA,617.94
2023-12-30,SKU004,CHI,542.98
2023-12-30,SKU005,NYC,1141.65
2023-12-30,SKU005,LA,1165.51
2023-12-30,SKU005,CHI,758.30
2023-12-31,SKU001,NYC,1176.15
2023-12-31,SKU001,LA,877.74
2023-12-31,SKU001,CHI,551.96
2023-12-31,SKU002,NYC,695.25
2023-12-31,SKU002,LA,491.69
2023-12-31,SKU002,CHI,358.57
2023-12-31,SKU003,NYC,1392.39
2023-12-31,SKU003,LA,1176.24
2023-12-31,SKU003,CHI,833.04
2023-12-31,SKU004,NYC,829.69
2023-12-31,SKU004,LA,631.71
2023-12-31,SKU004,CHI,585.98
2023-12-31,SKU005,NYC,1117.94
2023-12-31,SKU005,LA,1273.79
2023-12-31,SKU005,CHI,783.26
2024-01-01,SKU001,NYC,485.93
2024-01-01,SKU001,LA,467.92
2024-01-01,SKU001,CHI,298.68
2024-01-01,SKU002,NYC,286.39
2024-01-01,SKU002,LA,220.06
2024-01-01,SKU002,CHI,245.86
2024-01-01,SKU003,NYC,665.53
2024-01-01,SKU003,LA,503.22
2024-01-01,SKU003,CHI,416.41
2024-01-01,SKU004,NYC,290.58
2024-01-01,SKU004,LA,277.78
2024-01-01,SKU004,CHI,239.58
2024-01-01,SKU005,NYC,624.43
2024-01-01,SKU005,LA,492.68
2024-01-01,SKU005,CHI,418.77
2024-01-02,SKU001,NYC,301.75
2024-01-02,SKU001,LA,283.73
2024-01-02,SKU001,CHI,220.86
2024-01-02,SKU002,NYC,218.73
2024-01-02,SKU002,LA,187.50
2024-01-02,SKU002,CHI,144.73
2024-01-02,SKU003,NYC,505.08
2024-01-02,SKU003,LA,385.42
2024-01-02,SKU003,CHI,268.98
2024-01-02,SKU004,NYC,229.83
2024-01-02,SKU004,LA,213.45
2024-01-02,SKU004,CHI,143.31
2024-01-02,SKU005,NYC,434.13
2024-01-02,SKU005,LA,327.39
2024-01-02,SKU005,CHI,222.58
2024-01-03,SKU001,NYC,290.41
2024-01-03,SKU001,LA,222.83
2024-01-03,SKU001,CHI,203.51
2024-01-03,SKU002,NYC,180.78
2024-01-03,SKU002,LA,187.84
2024-01-03,SKU002,CHI,148.33
2024-01-03,SKU003,NYC,440.58
2024-01-03,SKU003,LA,346.04
2024-01-03,SKU003,CHI,301.54
2024-01-03,SKU004,NYC,199.43
2024-01-03,SKU004,LA,225.24
2024-01-03,SKU004,CHI,143.88
2024-01-03,SKU005,NYC,384.97
2024-01-03,SKU005,LA,368.24
2024-01-03,SKU005,CHI,311.09
2024-01-04,SKU001,NYC,395.58
2024-01-04,SKU001,LA,311.34
2024-01-04,SKU001,CHI,217.77
2024-01-04,SKU002,NYC,260.43
2024-01-04,SKU002,LA,240.45
2024-01-04,SKU002,CHI,171.33
2024-01-04,SKU003,NYC,467.03
2024-01-04,SKU003,LA,387.37
2024-01-04,SKU003,CHI,398.31
2024-01-04,SKU004,NYC,259.43
2024-01-04,SKU004,LA,221.49
2024-01-04,SKU004,CHI,222.95
2024-01-04,SKU005,NYC,460.79
2024-01-04,SKU005,LA,431.82
2024-01-04,SKU005,CHI,347.94
2024-01-05,SKU001,NYC,386.44
2024-01-05,SKU001,LA,346.52
2024-01-05,SKU001,CHI,231.63
2024-01-05,SKU002,NYC,285.67
2024-01-05,SKU002,LA,196.44
2024-01-05,SKU002,CHI,175.80
2024-01-05,SKU003,NYC,443.85
2024-01-05,SKU003,LA,482.52
2024-01-05,SKU003,CHI,429.10
2024-01-05,SKU004,NYC,313.95
2024-01-05,SKU004,LA,234.98
2024-01-05,SKU004,CHI,204.03
2024-01-05,SKU005,NYC,458.76
2024-01-05,SKU005,LA,343.10
2024-01-05,SKU005,CHI,318.33
2024-01-06,SKU001,NYC,494.35
2024-01-06,SKU001,LA,400.87
2024-01-06,SKU001,CHI,312.70
2024-01-06,SKU002,NYC,369.46
2024-01-06,SKU002,LA,237.78
2024-01-06,SKU002,CHI,239.75
2024-01-06,SKU003,NYC,676.18
2024-01-06,SKU003,LA,510.58
2024-01-06,SKU003,CHI,427.84
2024-01-06,SKU004,NYC,344.16
2024-01-06,SKU004,LA,332.98
2024-01-06,SKU004,CHI,283.35
2024-01-06,SKU005,NYC,630.94
2024-01-06,SKU005,LA,545.54
2024-01-06,SKU005,CHI,395.20
2024-01-07,SKU001,NYC,486.28
2024-01-07,SKU001,LA,466.20
2024-01-07,SKU001,CHI,279.90
2024-01-07,SKU002,NYC,294.70
2024-01-07,SKU002,LA,250.33
2024-01-07,SKU002,CHI,227.08
2024-01-07,SKU003,NYC,612.06
2024-01-07,SKU003,LA,568.30
2024-01-07,SKU003,CHI,406.30
2024-01-07,SKU004,NYC,379.06
2024-01-07,SKU004,LA,342.64
2024-01-07,SKU004,CHI,187.34
2024-01-07,SKU005,NYC,585.18
2024-01-07,SKU005,LA,529.17
2024-01-07,SKU005,CHI,420.51
2024-01-08,SKU001,NYC,304.23
2024-01-08,SKU001,LA,234.67
2024-01-08,SKU001,CHI,256.24
2024-01-08,SKU002,NYC,204.24
2024-01-08,SKU002,LA,173.87
2024-01-08,SKU002,CHI,153.18
2024-01-08,SKU003,NYC,374.07
2024-01-08,SKU003,LA,355.16
2024-01-08,SKU003,CHI,295.58
2024-01-08,SKU004,NYC,250.61
2024-01-08,SKU004,LA,221.50
2024-01-08,SKU004,CHI,152.67
2024-01-08,SKU005,NYC,426.29
2024-01-08,SKU005,LA,394.29
2024-01-08,SKU005,CHI,254.84
2024-01-09,SKU001,NYC,320.19
2024-01-09,SKU001,LA,291.42
2024-01-09,SKU001,CHI,202.44
2024-01-09,SKU002,NYC,254.76
2024-01-09,SKU002,LA,169.43
2024-01-09,SKU002,CHI,141.87
2024-01-09,SKU003,NYC,434.53
2024-01-09,SKU003,LA,371.78
2024-01-09,SKU003,CHI,274.28
2024-01-09,SKU004,NYC,285.33
2024-01-09,SKU004,LA,194.66
2024-01-09,SKU004,CHI,159.83
2024-01-09,SKU005,NYC,491.48
2024-01-09,SKU005,LA,366.41
2024-01-09,SKU005,CHI,282.68
2024-01-10,SKU001,NYC,334.15
2024-01-10,SKU001,LA,302.94
2024-01-10,SKU001,CHI,233.09
2024-01-10,SKU002,NYC,201.04
2024-01-10,SKU002,LA,166.18
2024-01-10,SKU002,CHI,138.35
2024-01-10,SKU003,NYC,555.96
2024-01-10,SKU003,LA,356.28
2024-01-10,SKU003,CHI,272.88
2024-01-10,SKU004,NYC,275.25
2024-01-10,SKU004,LA,175.43
2024-01-10,SKU004,CHI,166.61
2024-01-10,SKU005,NYC,372.74
2024-01-10,SKU005,LA,339.77
2024-01-10,SKU005,CHI,285.63
2024-01-11,SKU001,NYC,386.78
2024-01-11,SKU001,LA,349.04
2024-01-11,SKU001,CHI,306.24
2024-01-11,SKU002,NYC,266.10
2024-01-11,SKU002,LA,242.81
2024-01-11,SKU002,CHI,169.14
2024-01-11,SKU003,NYC,574.36
2024-01-11,SKU003,LA,457.83
2024-01-11,SKU003,CHI,423.08
2024-01-11,SKU004,NYC,294.62
2024-01-11,SKU004,LA,259.93
2024-01-11,SKU004,CHI,214.04
2024-01-11,SKU005,NYC,571.49
2024-01-11,SKU005,LA,433.21
2024-01-11,SKU005,CHI,312.83
2024-01-12,SKU001,NYC,334.36
2024-01-12,SKU001,LA,354.17
2024-01-12,SKU001,CHI,244.02
2024-01-12,SKU002,NYC,284.98
2024-01-12,SKU002,LA,236.36
2024-01-12,SKU002,CHI,180.13
2024-01-12,SKU003,NYC,599.22
2024-01-12,SKU003,LA,370.32
2024-01-12,SKU003,CHI,361.88
2024-01-12,SKU004,NYC,320.20
2024-01-12,SKU004,LA,312.39
2024-01-12,SKU004,CHI,195.09
2024-01-12,SKU005,NYC,575.54
2024-01-12,SKU005,LA,447.12
2024-01-12,SKU005,CHI,317.16
2024-01-13,SKU001,NYC,521.91
2024-01-13,SKU001,LA,360.68
2024-01-13,SKU001,CHI,340.38
2024-01-13,SKU002,NYC,405.39
2024-01-13,SKU002,LA,243.38
2024-01-13,SKU002,CHI,204.03
2024-01-13,SKU003,NYC,693.37
2024-01-13,SKU003,LA,555.64
2024-01-13,SKU003,CHI,471.14
2024-01-13,SKU004,NYC,417.87
2024-01-13,SKU004,LA,328.94
2024-01-13,SKU004,CHI,283.08
2024-01-13,SKU005,NYC,682.84
2024-01-13,SKU005,LA,655.00
2024-01-13,SKU005,CHI,501.87
2024-01-14,SKU001,NYC,516.94
2024-01-14,SKU001,LA,438.04
2024-01-14,SKU001,CHI,355.80
2024-01-14,SKU002,NYC,347.71
2024-01-14,SKU002,LA,304.12
2024-01-14,SKU002,CHI,226.91
2024-01-14,SKU003,NYC,828.84
2024-01-14,SKU003,LA,635.95
2024-01-14,SKU003,CHI,422.61
2024-01-14,SKU004,NYC,389.07
2024-01-14,SKU004,LA,321.55
2024-01-14,SKU004,CHI,226.96
2024-01-14,SKU005,NYC,795.82
2024-01-14,SKU005,LA,630.23
2024-01-14,SKU005,CHI,465.47
2024-01-15,SKU001,NYC,321.49
2024-01-15,SKU001,LA,310.98
2024-01-15,SKU001,CHI,191.86
2024-01-15,SKU002,NYC,240.22
2024-01-15,SKU002,LA,199.96
2024-01-15,SKU002,CHI,177.25
2024-01-15,SKU003,NYC,453.25
2024-01-15,SKU003,LA,365.07
2024-01-15,SKU003,CHI,373.41
2024-01-15,SKU004,NYC,281.09
2024-01-15,SKU004,LA,256.55
2024-01-15,SKU004,CHI,175.16
2024-01-15,SKU005,NYC,414.80
2024-01-15,SKU005,LA,364.82
2024-01-15,SKU005,CHI,325.39
2024-01-16,SKU001,NYC,438.45
2024-01-16,SKU001,LA,269.46
2024-01-16,SKU001,CHI,242.39
2024-01-16,SKU002,NYC,217.43
2024-01-16,SKU002,LA,219.19
2024-01-16,SKU002,CHI,175.39
2024-01-16,SKU003,NYC,482.40
2024-01-16,SKU003,LA,410.09
2024-01-16,SKU003,CHI,338.77
2024-01-16,SKU004,NYC,189.11
2024-01-16,SKU004,LA,256.53
2024-01-16,SKU004,CHI,228.36
2024-01-16,SKU005,NYC,471.61
2024-01-16,SKU005,LA,336.90
2024-01-16,SKU005,CHI,290.27
2024-01-17,SKU001,NYC,350.25
2024-01-17,SKU001,LA,349.81
2024-01-17,SKU001,CHI,249.70
2024-01-17,SKU002,NYC,254.60
2024-01-17,SKU002,LA,197.87
2024-01-17,SKU002,CHI,148.57
2024-01-17,SKU003,NYC,499.39
2024-01-17,SKU003,LA,511.63
2024-01-17,SKU003,CHI,295.85
2024-01-17,SKU004,NYC,263.26
2024-01-17,SKU004,LA,246.59
2024-01-17,SKU004,CHI,206.68
2024-01-17,SKU005,NYC,449.45
2024-01-17,SKU005,LA,340.15
2024-01-17,SKU005,CHI,260.25
2024-01-18,SKU001,NYC,440.06
2024-01-18,SKU001,LA,296.63
2024-01-18,SKU001,CHI,286.87
2024-01-18,SKU002,NYC,261.29
2024-01-18,SKU002,LA,246.37
2024-01-18,SKU002,CHI,211.19
2024-01-18,SKU003,NYC,624.55
2024-01-18,SKU003,LA,537.09
2024-01-18,SKU003,CHI,353.64
2024-01-18,SKU004,NYC,302.08
2024-01-18,SKU004,LA,295.23
2024-01-18,SKU004,CHI,179.51
2024-01-18,SKU005,NYC,600.60
2024-01-18,SKU005,LA,395.56
2024-01-18,SKU005,CHI,357.49
2024-01-19,SKU001,NYC,423.89
2024-01-19,SKU001,LA,303.71
2024-01-19,SKU001,CHI,284.00
2024-01-19,SKU002,NYC,264.45
2024-01-19,SKU002,LA,220.21
2024-01-19,SKU002,CHI,203.26
2024-01-19,SKU003,NYC,522.69
2024-01-19,SKU003,LA,506.07
2024-01-19,SKU003,CHI,407.02
2024-01-19,SKU004,NYC,379.76
2024-01-19,SKU004,LA,236.66
2024-01-19,SKU004,CHI,232.96
2024-01-19,SKU005,NYC,588.79
2024-01-19,SKU005,LA,438.10
2024-01-19,SKU005,CHI,323.98
2024-01-20,SKU001,NYC,469.73
2024-01-20,SKU001,LA,476.56
2024-01-20,SKU001,CHI,387.11
2024-01-20,SKU002,NYC,401.96
2024-01-20,SKU002,LA,294.77
2024-01-20,SKU002,CHI,229.66
2024-01-20,SKU003,NYC,547.63
2024-01-20,SKU003,LA,579.57
2024-01-20,SKU003,CHI,512.64
2024-01-20,SKU004,NYC,371.63
2024-01-20,SKU004,LA,328.59
2024-01-20,SKU004,CHI,298.36
2024-01-20,SKU005,NYC,731.46
2024-01-20,SKU005,LA,574.10
2024-01-20,SKU005,CHI,367.50
2024-01-21,SKU001,NYC,487.29
2024-01-21,SKU001,LA,391.81
2024-01-21,SKU001,CHI,394.60
2024-01-21,SKU002,NYC,301.93
2024-01-21,SKU002,LA,310.09
2024-01-21,SKU002,CHI,255.34
2024-01-21,SKU003,NYC,752.12
2024-01-21,SKU003,LA,574.06
2024-01-21,SKU003,CHI,580.38
2024-01-21,SKU004,NYC,378.20
2024-01-21,SKU004,LA,332.44
2024-01-21,SKU004,CHI,296.72
2024-01-21,SKU005,NYC,732.97
2024-01-21,SKU005,LA,555.39
2024-01-21,SKU005,CHI,430.01
2024-01-22,SKU001,NYC,349.59
2024-01-22,SKU001,LA,217.16
2024-01-22,SKU001,CHI,187.07
2024-01-22,SKU002,NYC,249.63
2024-01-22,SKU002,LA,143.41
2024-01-22,SKU002,CHI,146.92
2024-01-22,SKU003,NYC,471.29
2024-01-22,SKU003,LA,364.79
2024-01-22,SKU003,CHI,297.08
2024-01-22,SKU004,NYC,284.83
2024-01-22,SKU004,LA,219.31
2024-01-22,SKU004,CHI,135.59
2024-01-22,SKU005,NYC,482.49
2024-01-22,SKU005,LA,388.93
2024-01-22,SKU005,CHI,303.71
2024-01-23,SKU001,NYC,312.88
2024-01-23,SKU001,LA,234.70
2024-01-23,SKU001,CHI,274.56
2024-01-23,SKU002,NYC,230.39
2024-01-23,SKU002,LA,211.20
2024-01-23,SKU002,CHI,161.32
2024-01-23,SKU003,NYC,466.79
2024-01-23,SKU003,LA,455.13
2024-01-23,SKU003,CHI,353.77
2024-01-23,SKU004,NYC,303.21
2024-01-23,SKU004,LA,208.94
2024-01-23,SKU004,CHI,162.78
2024-01-23,SKU005,NYC,506.84
2024-01-23,SKU005,LA,385.86
2024-01-23,SKU005,CHI,299.74
2024-01-24,SKU001,NYC,315.30
2024-01-24,SKU001,LA,243.58
2024-01-24,SKU001,CHI,254.43
2024-01-24,SKU002,NYC,234.33
2024-01-24,SKU002,LA,174.89
2024-01-24,SKU002,CHI,150.64
2024-01-24,SKU003,NYC,416.45
2024-01-24,SKU003,LA,368.54
2024-01-24,SKU003,CHI,287.58
2024-01-24,SKU004,NYC,281.78
2024-01-24,SKU004,LA,234.71
2024-01-24,SKU004,CHI,177.99
2024-01-24,SKU005,NYC,540.34
2024-01-24,SKU005,LA,380.02
2024-01-24,SKU005,CHI,288.90
2024-01-25,SKU001,NYC,424.69
2024-01-25,SKU001,LA,367.32
2024-01-25,SKU001,CHI,237.70
2024-01-25,SKU002,NYC,323.62
2024-01-25,SKU002,LA,231.66
2024-01-25,SKU002,CHI,169.83
2024-01-25,SKU003,NYC,620.34
2024-01-25,SKU003,LA,500.61
2024-01-25,SKU003,CHI,440.94
2024-01-25,SKU004,NYC,349.49
2024-01-25,SKU004,LA,245.82
2024-01-25,SKU004,CHI,213.40
2024-01-25,SKU005,NYC,533.36
2024-01-25,SKU005,LA,484.12
2024-01-25,SKU005,CHI,298.31
2024-01-26,SKU001,NYC,428.72
2024-01-26,SKU001,LA,323.45
2024-01-26,SKU001,CHI,236.44
2024-01-26,SKU002,NYC,234.50
2024-01-26,SKU002,LA,205.80
2024-01-26,SKU002,CHI,190.82
2024-01-26,SKU003,NYC,592.07
2024-01-26,SKU003,LA,470.85
2024-01-26,SKU003,CHI,405.28
2024-01-26,SKU004,NYC,301.69
2024-01-26,SKU004,LA,282.50
2024-01-26,SKU004,CHI,224.34
2024-01-26,SKU005,NYC,525.73
2024-01-26,SKU005,LA,413.20
2024-01-26,SKU005,CHI,327.35
2024-01-27,SKU001,NYC,485.11
2024-01-27,SKU001,LA,451.83
2024-01-27,SKU001,CHI,348.52
2024-01-27,SKU002,NYC,300.08
2024-01-27,SKU002,LA,310.47
2024-01-27,SKU002,CHI,252.12
2024-01-27,SKU003,NYC,645.45
2024-01-27,SKU003,LA,658.81
2024-01-27,SKU003,CHI,514.17
2024-01-27,SKU004,NYC,419.67
2024-01-27,SKU004,LA,330.60
2024-01-27,SKU004,CHI,311.06
2024-01-27,SKU005,NYC,691.12
2024-01-27,SKU005,LA,674.19
2024-01-27,SKU005,CHI,460.72
2024-01-28,SKU001,NYC,350.90
2024-01-28,SKU001,LA,387.93
2024-01-28,SKU001,CHI,377.91
2024-01-28,SKU002,NYC,370.42
2024-01-28,SKU002,LA,319.50
2024-01-28,SKU002,CHI,262.34
2024-01-28,SKU003,NYC,839.87
2024-01-28,SKU003,LA,579.16
2024-01-28,SKU003,CHI,524.56
2024-01-28,SKU004,NYC,446.45
2024-01-28,SKU004,LA,315.81
2024-01-28,SKU004,CHI,292.92
2024-01-28,SKU005,NYC,772.51
2024-01-28,SKU005,LA,637.78
2024-01-28,SKU005,CHI,553.92
2024-01-29,SKU001,NYC,427.18
2024-01-29,SKU001,LA,292.97
2024-01-29,SKU001,CHI,218.59
2024-01-29,SKU002,NYC,248.74
2024-01-29,SKU002,LA,195.88
2024-01-29,SKU002,CHI,167.03
2024-01-29,SKU003,NYC,487.19
2024-01-29,SKU003,LA,325.39
2024-01-29,SKU003,CHI,297.67
2024-01-29,SKU004,NYC,250.63
2024-01-29,SKU004,LA,177.74
2024-01-29,SKU004,CHI,190.92
2024-01-29,SKU005,NYC,529.36
2024-01-29,SKU005,LA,340.09
2024-01-29,SKU005,CHI,334.56
2024-01-30,SKU001,NYC,294.61
2024-01-30,SKU001,LA,266.44
2024-01-30,SKU001,CHI,226.99
2024-01-30,SKU002,NYC,242.18
2024-01-30,SKU002,LA,220.73
2024-01-30,SKU002,CHI,149.06
2024-01-30,SKU003,NYC,485.61
2024-01-30,SKU003,LA,386.93
2024-01-30,SKU003,CHI,325.49
2024-01-30,SKU004,NYC,239.60
2024-01-30,SKU004,LA,216.89
2024-01-30,SKU004,CHI,178.85
2024-01-30,SKU005,NYC,364.28
2024-01-30,SKU005,LA,393.44
2024-01-30,SKU005,CHI,302.68
2024-01-31,SKU001,NYC,320.59
2024-01-31,SKU001,LA,278.13
2024-01-31,SKU001,CHI,228.12
2024-01-31,SKU002,NYC,270.21
2024-01-31,SKU002,LA,183.09
2024-01-31,SKU002,CHI,133.92
2024-01-31,SKU003,NYC,475.18
2024-01-31,SKU003,LA,454.38
2024-01-31,SKU003,CHI,306.60
2024-01-31,SKU004,NYC,273.47
2024-01-31,SKU004,LA,203.95
2024-01-31,SKU004,CHI,166.39
2024-01-31,SKU005,NYC,482.03
2024-01-31,SKU005,LA,394.36
2024-01-31,SKU005,CHI,310.11
2024-02-01,SKU001,NYC,665.59
2024-02-01,SKU001,LA,629.97
2024-02-01,SKU001,CHI,426.40
2024-02-01,SKU002,NYC,494.34
2024-02-01,SKU002,LA,396.56
2024-02-01,SKU002,CHI,273.96
2024-02-01,SKU003,NYC,880.32
2024-02-01,SKU003,LA,691.65
2024-02-01,SKU003,CHI,646.85
2024-02-01,SKU004,NYC,550.95
2024-02-01,SKU004,LA,412.58
2024-02-01,SKU004,CHI,345.18
2024-02-01,SKU005,NYC,867.70
2024-02-01,SKU005,LA,784.21
2024-02-01,SKU005,CHI,625.43
2024-02-02,SKU001,NYC,713.52
2024-02-02,SKU001,LA,638.99
2024-02-02,SKU001,CHI,468.66
2024-02-02,SKU002,NYC,514.42
2024-02-02,SKU002,LA,339.12
2024-02-02,SKU002,CHI,291.02
2024-02-02,SKU003,NYC,971.39
2024-02-02,SKU003,LA,755.71
2024-02-02,SKU003,CHI,710.29
2024-02-02,SKU004,NYC,479.00
2024-02-02,SKU004,LA,477.92
2024-02-02,SKU004,CHI,421.49
2024-02-02,SKU005,NYC,834.98
2024-02-02,SKU005,LA,703.69
2024-02-02,SKU005,CHI,708.84
2024-02-03,SKU001,NYC,889.62
2024-02-03,SKU001,LA,671.57
2024-02-03,SKU001,CHI,551.71
2024-02-03,SKU002,NYC,631.18
2024-02-03,SKU002,LA,552.73
2024-02-03,SKU002,CHI,301.71
2024-02-03,SKU003,NYC,1194.75
2024-02-03,SKU003,LA,955.16
2024-02-03,SKU003,CHI,970.11
2024-02-03,SKU004,NYC,700.84
2024-02-03,SKU004,LA,630.59
2024-02-03,SKU004,CHI,429.80
2024-02-03,SKU005,NYC,1142.93
2024-02-03,SKU005,LA,732.50
2024-02-03,SKU005,CHI,867.03
2024-02-04,SKU001,NYC,983.51
2024-02-04,SKU001,LA,710.46
2024-02-04,SKU001,CHI,523.83
2024-02-04,SKU002,NYC,744.61
2024-02-04,SKU002,LA,468.98
2024-02-04,SKU002,CHI,402.95
2024-02-04,SKU003,NYC,1337.23
2024-02-04,SKU003,LA,1058.63
2024-02-04,SKU003,CHI,750.03
2024-02-04,SKU004,NYC,848.47
2024-02-04,SKU004,LA,504.43
2024-02-04,SKU004,CHI,488.94
2024-02-04,SKU005,NYC,1105.59
2024-02-04,SKU005,LA,966.89
2024-02-04,SKU005,CHI,809.47
2024-02-05,SKU001,NYC,481.84
2024-02-05,SKU001,LA,495.00
2024-02-05,SKU001,CHI,429.87
2024-02-05,SKU002,NYC,369.44
2024-02-05,SKU002,LA,361.02
2024-02-05,SKU002,CHI,277.43
2024-02-05,SKU003,NYC,835.11
2024-02-05,SKU003,LA,595.67
2024-02-05,SKU003,CHI,486.00
2024-02-05,SKU004,NYC,470.54
2024-02-05,SKU004,LA,397.90
2024-02-05,SKU004,CHI,309.18
2024-02-05,SKU005,NYC,634.31
2024-02-05,SKU005,LA,693.14
2024-02-05,SKU005,CHI,456.07
2024-02-06,SKU001,NYC,656.45
2024-02-06,SKU001,LA,581.20
2024-02-06,SKU001,CHI,440.13
2024-02-06,SKU002,NYC,382.11
2024-02-06,SKU002,LA,337.58
2024-02-06,SKU002,CHI,215.44
2024-02-06,SKU003,NYC,770.22
2024-02-06,SKU003,LA,812.86
2024-02-06,SKU003,CHI,425.93
2024-02-06,SKU004,NYC,469.95
2024-02-06,SKU004,LA,371.57
2024-02-06,SKU004,CHI,318.85
2024-02-06,SKU005,NYC,730.62
2024-02-06,SKU005,LA,690.47
2024-02-06,SKU005,CHI,509.39
2024-02-07,SKU001,NYC,512.39
2024-02-07,SKU001,LA,436.61
2024-02-07,SKU001,CHI,400.84
2024-02-07,SKU002,NYC,330.71
2024-02-07,SKU002,LA,350.34
2024-02-07,SKU002,CHI,202.43
2024-02-07,SKU003,NYC,908.43
2024-02-07,SKU003,LA,586.52
2024-02-07,SKU003,CHI,602.84
2024-02-07,SKU004,NYC,529.38
2024-02-07,SKU004,LA,367.42
2024-02-07,SKU004,CHI,348.79
2024-02-07,SKU005,NYC,779.23
2024-02-07,SKU005,LA,663.24
2024-02-07,SKU005,CHI,588.01
2024-02-08,SKU001,NYC,656.75
2024-02-08,SKU001,LA,614.64
2024-02-08,SKU001,CHI,415.19
2024-02-08,SKU002,NYC,527.26
2024-02-08,SKU002,LA,356.80
2024-02-08,SKU002,CHI,337.78
2024-02-08,SKU003,NYC,947.63
2024-02-08,SKU003,LA,823.99
2024-02-08,SKU003,CHI,496.52
2024-02-08,SKU004,NYC,529.48
2024-02-08,SKU004,LA,468.73
2024-02-08,SKU004,CHI,370.72
2024-02-08,SKU005,NYC,850.43
2024-02-08,SKU005,LA,823.76
2024-02-08,SKU005,CHI,586.08
2024-02-09,SKU001,NYC,598.38
2024-02-09,SKU001,LA,577.74
2024-02-09,SKU001,CHI,446.16
2024-02-09,SKU002,NYC,416.25
2024-02-09,SKU002,LA,329.37
2024-02-09,SKU002,CHI,331.73
2024-02-09,SKU003,NYC,867.03
2024-02-09,SKU003,LA,750.95
2024-02-09,SKU003,CHI,699.35
2024-02-09,SKU004,NYC,512.53
2024-02-09,SKU004,LA,455.99
2024-02-09,SKU004,CHI,335.09
2024-02-09,SKU005,NYC,839.59
2024-02-09,SKU005,LA,630.40
2024-02-09,SKU005,CHI,695.56
2024-02-10,SKU001,NYC,908.25
2024-02-10,SKU001,LA,752.03
2024-02-10,SKU001,CHI,581.51
2024-02-10,SKU002,NYC,535.80
2024-02-10,SKU002,LA,497.90
2024-02-10,SKU002,CHI,351.92
2024-02-10,SKU003,NYC,1238.66
2024-02-10,SKU003,LA,1045.73
2024-02-10,SKU003,CHI,783.22
2024-02-10,SKU004,NYC,730.50
2024-02-10,SKU004,LA,608.84
2024-02-10,SKU004,CHI,475.88
2024-02-10,SKU005,NYC,983.63
2024-02-10,SKU005,LA,894.51
2024-02-10,SKU005,CHI,767.10
2024-02-11,SKU001,NYC,976.59
2024-02-11,SKU001,LA,720.91
2024-02-11,SKU001,CHI,591.64
2024-02-11,SKU002,NYC,589.18
2024-02-11,SKU002,LA,470.29
2024-02-11,SKU002,CHI,404.54
2024-02-11,SKU003,NYC,1011.90
2024-02-11,SKU003,LA,919.98
2024-02-11,SKU003,CHI,940.84
2024-02-11,SKU004,NYC,746.25
2024-02-11,SKU004,LA,535.77
2024-02-11,SKU004,CHI,478.26
2024-02-11,SKU005,NYC,1108.12
2024-02-11,SKU005,LA,859.18
2024-02-11,SKU005,CHI,788.34
2024-02-12,SKU001,NYC,524.51
2024-02-12,SKU001,LA,534.17
2024-02-12,SKU001,CHI,369.75
2024-02-12,SKU002,NYC,353.96
2024-02-12,SKU002,LA,318.30
2024-02-12,SKU002,CHI,249.21
2024-02-12,SKU003,NYC,838.21
2024-02-12,SKU003,LA,695.06
2024-02-12,SKU003,CHI,471.96
2024-02-12,SKU004,NYC,477.55
2024-02-12,SKU004,LA,415.47
2024-02-12,SKU004,CHI,308.38
2024-02-12,SKU005,NYC,831.68
2024-02-12,SKU005,LA,589.54
2024-02-12,SKU005,CHI,556.62
2024-02-13,SKU001,NYC,571.47
2024-02-13,SKU001,LA,525.77
2024-02-13,SKU001,CHI,385.82
2024-02-13,SKU002,NYC,401.02
2024-02-13,SKU002,LA,263.90
2024-02-13,SKU002,CHI,220.77
2024-02-13,SKU003,NYC,782.29
2024-02-13,SKU003,LA,577.60
2024-02-13,SKU003,CHI,455.06
2024-02-13,SKU004,NYC,334.56
2024-02-13,SKU004,LA,330.76
2024-02-13,SKU004,CHI,303.59
2024-02-13,SKU005,NYC,661.35
2024-02-13,SKU005,LA,663.40
2024-02-13,SKU005,CHI,408.97
2024-02-14,SKU001,NYC,941.03
2024-02-14,SKU001,LA,735.39
2024-02-14,SKU001,CHI,398.45
2024-02-14,SKU002,NYC,424.92
2024-02-14,SKU002,LA,443.92
2024-02-14,SKU002,CHI,293.91
2024-02-14,SKU003,NYC,1005.56
2024-02-14,SKU003,LA,934.61
2024-02-14,SKU003,CHI,581.05
2024-02-14,SKU004,NYC,659.49
2024-02-14,SKU004,LA,512.22
2024-02-14,SKU004,CHI,354.07
2024-02-14,SKU005,NYC,1186.25
2024-02-14,SKU005,LA,931.18
2024-02-14,SKU005,CHI,654.28
2024-02-15,SKU001,NYC,729.39
2024-02-15,SKU001,LA,514.80
2024-02-15,SKU001,CHI,364.27
2024-02-15,SKU002,NYC,436.87
2024-02-15,SKU002,LA,374.29
2024-02-15,SKU002,CHI,293.90
2024-02-15,SKU003,NYC,904.20
2024-02-15,SKU003,LA,764.35
2024-02-15,SKU003,CHI,595.47
2024-02-15,SKU004,NYC,528.62
2024-02-15,SKU004,LA,478.62
2024-02-15,SKU004,CHI,345.37
2024-02-15,SKU005,NYC,942.35
2024-02-15,SKU005,LA,703.52
2024-02-15,SKU005,CHI,540.22
2024-02-16,SKU001,NYC,564.81
2024-02-16,SKU001,LA,570.39
2024-02-16,SKU001,CHI,446.43
2024-02-16,SKU002,NYC,386.33
2024-02-16,SKU002,LA,323.34
2024-02-16,SKU002,CHI,344.20
2024-02-16,SKU003,NYC,941.07
2024-02-16,SKU003,LA,722.85
2024-02-16,SKU003,CHI,609.93
2024-02-16,SKU004,NYC,483.56
2024-02-16,SKU004,LA,436.16
2024-02-16,SKU004,CHI,352.85
2024-02-16,SKU005,NYC,741.57
2024-02-16,SKU005,LA,646.81
2024-02-16,SKU005,CHI,598.32
2024-02-17,SKU001,NYC,861.60
2024-02-17,SKU001,LA,888.19
2024-02-17,SKU001,CHI,638.21
2024-02-17,SKU002,NYC,642.38
2024-02-17,SKU002,LA,587.78
2024-02-17,SKU002,CHI,450.57
2024-02-17,SKU003,NYC,1461.18
2024-02-17,SKU003,LA,1045.70
2024-02-17,SKU003,CHI,932.98
2024-02-17,SKU004,NYC,822.26
2024-02-17,SKU004,LA,626.17
2024-02-17,SKU004,CHI,497.78
2024-02-17,SKU005,NYC,1363.75
2024-02-17,SKU005,LA,1184.13
2024-02-17,SKU005,CHI,816.10
2024-02-18,SKU001,NYC,892.68
2024-02-18,SKU001,LA,649.82
2024-02-18,SKU001,CHI,479.46
2024-02-18,SKU002,NYC,605.94
2024-02-18,SKU002,LA,474.79
2024-02-18,SKU002,CHI,344.88
2024-02-18,SKU003,NYC,1058.83
2024-02-18,SKU003,LA,1007.66
2024-02-18,SKU003,CHI,801.31
2024-02-18,SKU004,NYC,732.45
2024-02-18,SKU004,LA,567.60
2024-02-18,SKU004,CHI,428.20
2024-02-18,SKU005,NYC,1247.31
2024-02-18,SKU005,LA,1130.89
2024-02-18,SKU005,CHI,749.62
2024-02-19,SKU001,NYC,526.73
2024-02-19,SKU001,LA,463.16
2024-02-19,SKU001,CHI,351.04
2024-02-19,SKU002,NYC,322.81
2024-02-19,SKU002,LA,314.23
2024-02-19,SKU002,CHI,249.02
2024-02-19,SKU003,NYC,696.23
2024-02-19,SKU003,LA,702.53
2024-02-19,SKU003,CHI,646.09
2024-02-19,SKU004,NYC,448.93
2024-02-19,SKU004,LA,330.87
2024-02-19,SKU004,CHI,290.36
2024-02-19,SKU005,NYC,774.92
2024-02-19,SKU005,LA,608.61
2024-02-19,SKU005,CHI,494.21
2024-02-20,SKU001,NYC,571.18
2024-02-20,SKU001,LA,416.66
2024-02-20,SKU001,CHI,390.08
2024-02-20,SKU002,NYC,345.14
2024-02-20,SKU002,LA,365.93
2024-02-20,SKU002,CHI,232.43
2024-02-20,SKU003,NYC,625.25
2024-02-20,SKU003,LA,683.05
2024-02-20,SKU003,CHI,442.87
2024-02-20,SKU004,NYC,601.28
2024-02-20,SKU004,LA,407.17
2024-02-20,SKU004,CHI,310.90
2024-02-20,SKU005,NYC,672.62
2024-02-20,SKU005,LA,658.12
2024-02-20,SKU005,CHI,528.60
2024-02-21,SKU001,NYC,537.61
2024-02-21,SKU001,LA,434.70
2024-02-21,SKU001,CHI,341.33
2024-02-21,SKU002,NYC,388.86
2024-02-21,SKU002,LA,327.32
2024-02-21,SKU002,CHI,235.48
2024-02-21,SKU003,NYC,742.17
2024-02-21,SKU003,LA,685.85
2024-02-21,SKU003,CHI,569.83
2024-02-21,SKU004,NYC,434.43
2024-02-21,SKU004,LA,348.24
2024-02-21,SKU004,CHI,307.55
2024-02-21,SKU005,NYC,594.85
2024-02-21,SKU005,LA,580.57
2024-02-21,SKU005,CHI,449.51
2024-02-22,SKU001,NYC,613.38
2024-02-22,SKU001,LA,554.32
2024-02-22,SKU001,CHI,477.94
2024-02-22,SKU002,NYC,525.23
2024-02-22,SKU002,LA,420.78
2024-02-22,SKU002,CHI,279.69
2024-02-22,SKU003,NYC,909.39
2024-02-22,SKU003,LA,696.93
2024-02-22,SKU003,CHI,613.06
2024-02-22,SKU004,NYC,491.06
2024-02-22,SKU004,LA,449.23
2024-02-22,SKU004,CHI,372.46
2024-02-22,SKU005,NYC,819.41
2024-02-22,SKU005,LA,811.90
2024-02-22,SKU005,CHI,611.92
2024-02-23,SKU001,NYC,616.33
2024-02-23,SKU001,LA,495.89
2024-02-23,SKU001,CHI,496.80
2024-02-23,SKU002,NYC,388.94
2024-02-23,SKU002,LA,427.24
2024-02-23,SKU002,CHI,346.26
2024-02-23,SKU003,NYC,923.89
2024-02-23,SKU003,LA,757.47
2024-02-23,SKU003,CHI,580.97
2024-02-23,SKU004,NYC,457.13
2024-02-23,SKU004,LA,461.51
2024-02-23,SKU004,CHI,317.84
2024-02-23,SKU005,NYC,850.28
2024-02-23,SKU005,LA,867.07
2024-02-23,SKU005,CHI,583.59
2024-02-24,SKU001,NYC,1041.84
2024-02-24,SKU001,LA,808.14
2024-02-24,SKU001,CHI,603.96
2024-02-24,SKU002,NYC,602.97
2024-02-24,SKU002,LA,559.61
2024-02-24,SKU002,CHI,366.68
2024-02-24,SKU003,NYC,1087.29
2024-02-24,SKU003,LA,944.33
2024-02-24,SKU003,CHI,678.12
2024-02-24,SKU004,NYC,599.17
2024-02-24,SKU004,LA,523.14
2024-02-24,SKU004,CHI,482.62
2024-02-24,SKU005,NYC,1159.73
2024-02-24,SKU005,LA,898.85
2024-02-24,SKU005,CHI,702.09
2024-02-25,SKU001,NYC,764.96
2024-02-25,SKU001,LA,609.34
2024-02-25,SKU001,CHI,496.37
2024-02-25,SKU002,NYC,467.45
2024-02-25,SKU002,LA,477.06
2024-02-25,SKU002,CHI,387.77
2024-02-25,SKU003,NYC,1082.72
2024-02-25,SKU003,LA,962.39
2024-02-25,SKU003,CHI,801.66
2024-02-25,SKU004,NYC,696.83
2024-02-25,SKU004,LA,530.50
2024-02-25,SKU004,CHI,452.34
2024-02-25,SKU005,NYC,1132.69
2024-02-25,SKU005,LA,764.87
2024-02-25,SKU005,CHI,826.49
2024-02-26,SKU001,NYC,571.94
2024-02-26,SKU001,LA,470.96
2024-02-26,SKU001,CHI,382.04
2024-02-26,SKU002,NYC,413.57
2024-02-26,SKU002,LA,264.86
2024-02-26,SKU002,CHI,300.81
2024-02-26,SKU003,NYC,700.64
2024-02-26,SKU003,LA,555.25
2024-02-26,SKU003,CHI,405.50
2024-02-26,SKU004,NYC,384.37
2024-02-26,SKU004,LA,355.75
2024-02-26,SKU004,CHI,268.62
2024-02-26,SKU005,NYC,628.43
2024-02-26,SKU005,LA,643.49
2024-02-26,SKU005,CHI,382.70
2024-02-27,SKU001,NYC,479.13
2024-02-27,SKU001,LA,544.98
2024-02-27,SKU001,CHI,376.27
2024-02-27,SKU002,NYC,354.64
2024-02-27,SKU002,LA,308.94
2024-02-27,SKU002,CHI,247.06
2024-02-27,SKU003,NYC,786.87
2024-02-27,SKU003,LA,628.73
2024-02-27,SKU003,CHI,505.06
2024-02-27,SKU004,NYC,430.91
2024-02-27,SKU004,LA,333.10
2024-02-27,SKU004,CHI,266.41
2024-02-27,SKU005,NYC,803.91
2024-02-27,SKU005,LA,544.98
2024-02-27,SKU005,CHI,484.27
2024-02-28,SKU001,NYC,469.03
2024-02-28,SKU001,LA,388.14
2024-02-28,SKU001,CHI,323.51
2024-02-28,SKU002,NYC,343.34
2024-02-28,SKU002,LA,310.75
2024-02-28,SKU002,CHI,274.03
2024-02-28,SKU003,NYC,704.13
2024-02-28,SKU003,LA,607.59
2024-02-28,SKU003,CHI,477.65
2024-02-28,SKU004,NYC,493.35
2024-02-28,SKU004,LA,380.28
2024-02-28,SKU004,CHI,269.80
2024-02-28,SKU005,NYC,760.19
2024-02-28,SKU005,LA,568.99
2024-02-28,SKU005,CHI,497.51
2024-02-29,SKU001,NYC,561.72
2024-02-29,SKU001,LA,451.11
2024-02-29,SKU001,CHI,401.20
2024-02-29,SKU002,NYC,404.98
2024-02-29,SKU002,LA,325.26
2024-02-29,SKU002,CHI,272.60
2024-02-29,SKU003,NYC,863.27
2024-02-29,SKU003,LA,653.79
2024-02-29,SKU003,CHI,640.03
2024-02-29,SKU004,NYC,520.06
2024-02-29,SKU004,LA,407.77
2024-02-29,SKU004,CHI,335.21
2024-02-29,SKU005,NYC,932.85
2024-02-29,SKU005,LA,768.55
2024-02-29,SKU005,CHI,606.12
2024-03-01,SKU001,NYC,591.43
2024-03-01,SKU001,LA,624.92
2024-03-01,SKU001,CHI,402.67
2024-03-01,SKU002,NYC,464.86
2024-03-01,SKU002,LA,366.67
2024-03-01,SKU002,CHI,280.52
2024-03-01,SKU003,NYC,932.51
2024-03-01,SKU003,LA,656.56
2024-03-01,SKU003,CHI,466.21
2024-03-01,SKU004,NYC,563.54
2024-03-01,SKU004,LA,437.95
2024-03-01,SKU004,CHI,328.52
2024-03-01,SKU005,NYC,869.65
2024-03-01,SKU005,LA,656.45
2024-03-01,SKU005,CHI,648.89
2024-03-02,SKU001,NYC,826.63
2024-03-02,SKU001,LA,621.52
2024-03-02,SKU001,CHI,600.18
2024-03-02,SKU002,NYC,609.95
2024-03-02,SKU002,LA,529.70
2024-03-02,SKU002,CHI,300.11
2024-03-02,SKU003,NYC,1087.38
2024-03-02,SKU003,LA,888.50
2024-03-02,SKU003,CHI,786.92
2024-03-02,SKU004,NYC,712.80
2024-03-02,SKU004,LA,510.77
2024-03-02,SKU004,CHI,411.90
2024-03-02,SKU005,NYC,1120.68
2024-03-02,SKU005,LA,969.29
2024-03-02,SKU005,CHI,812.09
2024-03-03,SKU001,NYC,694.85
2024-03-03,SKU001,LA,586.90
2024-03-03,SKU001,CHI,540.00
2024-03-03,SKU002,NYC,513.76
2024-03-03,SKU002,LA,512.46
2024-03-03,SKU002,CHI,345.67
2024-03-03,SKU003,NYC,1171.34
2024-03-03,SKU003,LA,870.57
2024-03-03,SKU003,CHI,918.39
2024-03-03,SKU004,NYC,596.58
2024-03-03,SKU004,LA,497.21
2024-03-03,SKU004,CHI,511.35
2024-03-03,SKU005,NYC,1306.85
2024-03-03,SKU005,LA,867.77
2024-03-03,SKU005,CHI,682.72
2024-03-04,SKU001,NYC,533.08
2024-03-04,SKU001,LA,440.57
2024-03-04,SKU001,CHI,351.23
2024-03-04,SKU002,NYC,354.63
2024-03-04,SKU002,LA,333.52
2024-03-04,SKU002,CHI,216.44
2024-03-04,SKU003,NYC,878.37
2024-03-04,SKU003,LA,489.05
2024-03-04,SKU003,CHI,404.16
2024-03-04,SKU004,NYC,453.90
2024-03-04,SKU004,LA,358.10
2024-03-04,SKU004,CHI,307.94
2024-03-04,SKU005,NYC,807.38
2024-03-04,SKU005,LA,596.83
2024-03-04,SKU005,CHI,384.83
2024-03-05,SKU001,NYC,562.65
2024-03-05,SKU001,LA,427.88
2024-03-05,SKU001,CHI,361.65
2024-03-05,SKU002,NYC,303.97
2024-03-05,SKU002,LA,279.72
2024-03-05,SKU002,CHI,245.52
2024-03-05,SKU003,NYC,737.32
2024-03-05,SKU003,LA,582.89
2024-03-05,SKU003,CHI,519.98
2024-03-05,SKU004,NYC,405.03
2024-03-05,SKU004,LA,357.62
2024-03-05,SKU004,CHI,266.25
2024-03-05,SKU005,NYC,690.94
2024-03-05,SKU005,LA,444.63
2024-03-05,SKU005,CHI,497.23
2024-03-06,SKU001,NYC,569.51
2024-03-06,SKU001,LA,401.47
2024-03-06,SKU001,CHI,296.78
2024-03-06,SKU002,NYC,369.77
2024-03-06,SKU002,LA,294.51
2024-03-06,SKU002,CHI,230.72
2024-03-06,SKU003,NYC,751.66
2024-03-06,SKU003,LA,553.63
2024-03-06,SKU003,CHI,441.20
2024-03-06,SKU004,NYC,392.47
2024-03-06,SKU004,LA,318.05
2024-03-06,SKU004,CHI,305.92
2024-03-06,SKU005,NYC,780.73
2024-03-06,SKU005,LA,561.39
2024-03-06,SKU005,CHI,471.24
2024-03-07,SKU001,NYC,746.79
2024-03-07,SKU001,LA,496.25
2024-03-07,SKU001,CHI,391.12
2024-03-07,SKU002,NYC,440.35
2024-03-07,SKU002,LA,377.56
2024-03-07,SKU002,CHI,273.11
2024-03-07,SKU003,NYC,876.49
2024-03-07,SKU003,LA,681.96
2024-03-07,SKU003,CHI,489.96
2024-03-07,SKU004,NYC,494.86
2024-03-07,SKU004,LA,445.12
2024-03-07,SKU004,CHI,286.48
2024-03-07,SKU005,NYC,857.73
2024-03-07,SKU005,LA,572.36
2024-03-07,SKU005,CHI,550.47
2024-03-08,SKU001,NYC,638.93
2024-03-08,SKU001,LA,578.21
2024-03-08,SKU001,CHI,406.37
2024-03-08,SKU002,NYC,379.38
2024-03-08,SKU002,LA,323.61
2024-03-08,SKU002,CHI,301.67
2024-03-08,SKU003,NYC,750.17
2024-03-08,SKU003,LA,794.37
2024-03-08,SKU003,CHI,437.52
2024-03-08,SKU004,NYC,419.32
2024-03-08,SKU004,LA,426.57
2024-03-08,SKU004,CHI,336.88
2024-03-08,SKU005,NYC,766.92
2024-03-08,SKU005,LA,671.58
2024-03-08,SKU005,CHI,501.21
2024-03-09,SKU001,NYC,789.89
2024-03-09,SKU001,LA,737.54
2024-03-09,SKU001,CHI,439.46
2024-03-09,SKU002,NYC,581.23
2024-03-09,SKU002,LA,461.91
2024-03-09,SKU002,CHI,353.26
2024-03-09,SKU003,NYC,1248.04
2024-03-09,SKU003,LA,1005.29
2024-03-09,SKU003,CHI,730.05
2024-03-09,SKU004,NYC,693.40
2024-03-09,SKU004,LA,453.03
2024-03-09,SKU004,CHI,380.75
2024-03-09,SKU005,NYC,1203.82
2024-03-09,SKU005,LA,974.57
2024-03-09,SKU005,CHI,681.69
2024-03-10,SKU001,NYC,690.09
2024-03-10,SKU001,LA,689.69
2024-03-10,SKU001,CHI,481.65
2024-03-10,SKU002,NYC,410.21
2024-03-10,SKU002,LA,429.78
2024-03-10,SKU002,CHI,317.91
2024-03-10,SKU003,NYC,1184.00
2024-03-10,SKU003,LA,768.72
2024-03-10,SKU003,CHI,654.24
2024-03-10,SKU004,NYC,695.96
2024-03-10,SKU004,LA,496.09
2024-03-10,SKU004,CHI,464.06
2024-03-10,SKU005,NYC,1173.90
2024-03-10,SKU005,LA,793.80
2024-03-10,SKU005,CHI,782.86
2024-03-11,SKU001,NYC,557.14
2024-03-11,SKU001,LA,402.04
2024-03-11,SKU001,CHI,297.62
2024-03-11,SKU002,NYC,380.47
2024-03-11,SKU002,LA,258.56
2024-03-11,SKU002,CHI,263.32
2024-03-11,SKU003,NYC,761.85
2024-03-11,SKU003,LA,527.29
2024-03-11,SKU003,CHI,360.40
2024-03-11,SKU004,NYC,389.01
2024-03-11,SKU004,LA,353.77
2024-03-11,SKU004,CHI,233.60
2024-03-11,SKU005,NYC,703.76
2024-03-11,SKU005,LA,488.02
2024-03-11,SKU005,CHI,515.84
2024-03-12,SKU001,NYC,521.48
2024-03-12,SKU001,LA,527.39
2024-03-12,SKU001,CHI,353.02
2024-03-12,SKU002,NYC,406.71
2024-03-12,SKU002,LA,323.98
2024-03-12,SKU002,CHI,241.04
2024-03-12,SKU003,NYC,596.03
2024-03-12,SKU003,LA,612.71
2024-03-12,SKU003,CHI,440.08
2024-03-12,SKU004,NYC,416.29
2024-03-12,SKU004,LA,306.23
2024-03-12,SKU004,CHI,287.24
2024-03-12,SKU005,NYC,674.94
2024-03-12,SKU005,LA,552.75
2024-03-12,SKU005,CHI,460.40
2024-03-13,SKU001,NYC,358.02
2024-03-13,SKU001,LA,457.76
2024-03-13,SKU001,CHI,334.21
2024-03-13,SKU002,NYC,402.95
2024-03-13,SKU002,LA,297.64
2024-03-13,SKU002,CHI,266.13
2024-03-13,SKU003,NYC,641.87
2024-03-13,SKU003,LA,569.06
2024-03-13,SKU003,CHI,432.09
2024-03-13,SKU004,NYC,420.76
2024-03-13,SKU004,LA,358.41
2024-03-13,SKU004,CHI,219.10
2024-03-13,SKU005,NYC,718.92
2024-03-13,SKU005,LA,527.27
2024-03-13,SKU005,CHI,398.44
2024-03-14,SKU001,NYC,530.78
2024-03-14,SKU001,LA,515.17
2024-03-14,SKU001,CHI,372.94
2024-03-14,SKU002,NYC,409.87
2024-03-14,SKU002,LA,320.63
2024-03-14,SKU002,CHI,260.68
2024-03-14,SKU003,NYC,705.82
2024-03-14,SKU003,LA,653.52
2024-03-14,SKU003,CHI,606.80
2024-03-14,SKU004,NYC,485.69
2024-03-14,SKU004,LA,425.05
2024-03-14,SKU004,CHI,307.34
2024-03-14,SKU005,NYC,922.36
2024-03-14,SKU005,LA,593.72
2024-03-14,SKU005,CHI,609.58
2024-03-15,SKU001,NYC,672.59
2024-03-15,SKU001,LA,444.19
2024-03-15,SKU001,CHI,429.57
2024-03-15,SKU002,NYC,390.48
2024-03-15,SKU002,LA,366.43
2024-03-15,SKU002,CHI,288.93
2024-03-15,SKU003,NYC,924.68
2024-03-15,SKU003,LA,624.30
2024-03-15,SKU003,CHI,460.17
2024-03-15,SKU004,NYC,436.73
2024-03-15,SKU004,LA,350.17
2024-03-15,SKU004,CHI,303.07
2024-03-15,SKU005,NYC,776.95
2024-03-15,SKU005,LA,620.70
2024-03-15,SKU005,CHI,590.03
2024-03-16,SKU001,NYC,824.43
2024-03-16,SKU001,LA,687.12
2024-03-16,SKU001,CHI,475.91
2024-03-16,SKU002,NYC,510.15
2024-03-16,SKU002,LA,498.97
2024-03-16,SKU002,CHI,310.77
2024-03-16,SKU003,NYC,1037.22
2024-03-16,SKU003,LA,918.86
2024-03-16,SKU003,CHI,690.34
2024-03-16,SKU004,NYC,709.44
2024-03-16,SKU004,LA,477.31
2024-03-16,SKU004,CHI,427.45
2024-03-16,SKU005,NYC,973.19
2024-03-16,SKU005,LA,825.34
2024-03-16,SKU005,CHI,673.86
2024-03-17,SKU001,NYC,848.06
2024-03-17,SKU001,LA,637.53
2024-03-17,SKU001,CHI,572.42
2024-03-17,SKU002,NYC,531.28
2024-03-17,SKU002,LA,412.04
2024-03-17,SKU002,CHI,319.38
2024-03-17,SKU003,NYC,855.18
2024-03-17,SKU003,LA,884.66
2024-03-17,SKU003,CHI,755.59
2024-03-17,SKU004,NYC,595.63
2024-03-17,SKU004,LA,511.23
2024-03-17,SKU004,CHI,457.40
2024-03-17,SKU005,NYC,1028.30
2024-03-17,SKU005,LA,867.24
2024-03-17,SKU005,CHI,683.79
2024-03-18,SKU001,NYC,508.51
2024-03-18,SKU001,LA,354.92
2024-03-18,SKU001,CHI,291.13
2024-03-18,SKU002,NYC,298.74
2024-03-18,SKU002,LA,297.42
2024-03-18,SKU002,CHI,202.50
2024-03-18,SKU003,NYC,657.38
2024-03-18,SKU003,LA,615.85
2024-03-18,SKU003,CHI,408.53
2024-03-18,SKU004,NYC,333.78
2024-03-18,SKU004,LA,276.78
2024-03-18,SKU004,CHI,303.39
2024-03-18,SKU005,NYC,652.95
2024-03-18,SKU005,LA,513.88
2024-03-18,SKU005,CHI,323.52
2024-03-19,SKU001,NYC,508.99
2024-03-19,SKU001,LA,382.97
2024-03-19,SKU001,CHI,282.13
2024-03-19,SKU002,NYC,385.92
2024-03-19,SKU002,LA,300.68
2024-03-19,SKU002,CHI,214.97
2024-03-19,SKU003,NYC,576.56
2024-03-19,SKU003,LA,682.20
2024-03-19,SKU003,CHI,515.94
2024-03-19,SKU004,NYC,446.89
2024-03-19,SKU004,LA,348.64
2024-03-19,SKU004,CHI,257.76
2024-03-19,SKU005,NYC,630.83
2024-03-19,SKU005,LA,547.01
2024-03-19,SKU005,CHI,520.21
2024-03-20,SKU001,NYC,483.81
2024-03-20,SKU001,LA,365.01
2024-03-20,SKU001,CHI,327.65
2024-03-20,SKU002,NYC,308.92
2024-03-20,SKU002,LA,323.26
2024-03-20,SKU002,CHI,193.50
2024-03-20,SKU003,NYC,614.94
2024-03-20,SKU003,LA,551.03
2024-03-20,SKU003,CHI,390.05
2024-03-20,SKU004,NYC,281.54
2024-03-20,SKU004,LA,291.70
2024-03-20,SKU004,CHI,225.36
2024-03-20,SKU005,NYC,680.76
2024-03-20,SKU005,LA,624.08
2024-03-20,SKU005,CHI,461.47
2024-03-21,SKU001,NYC,516.88
2024-03-21,SKU001,LA,483.29
2024-03-21,SKU001,CHI,408.53
2024-03-21,SKU002,NYC,382.39
2024-03-21,SKU002,LA,285.82
2024-03-21,SKU002,CHI,247.32
2024-03-21,SKU003,NYC,866.89
2024-03-21,SKU003,LA,686.67
2024-03-21,SKU003,CHI,552.21
2024-03-21,SKU004,NYC,434.90
2024-03-21,SKU004,LA,372.47
2024-03-21,SKU004,CHI,292.46
2024-03-21,SKU005,NYC,756.13
2024-03-21,SKU005,LA,564.07
2024-03-21,SKU005,CHI,596.04
2024-03-22,SKU001,NYC,546.17
2024-03-22,SKU001,LA,467.66
2024-03-22,SKU001,CHI,340.76
2024-03-22,SKU002,NYC,361.33
2024-03-22,SKU002,LA,248.94
2024-03-22,SKU002,CHI,276.35
2024-03-22,SKU003,NYC,789.78
2024-03-22,SKU003,LA,583.51
2024-03-22,SKU003,CHI,549.23
2024-03-22,SKU004,NYC,433.45
2024-03-22,SKU004,LA,346.56
2024-03-22,SKU004,CHI,245.55
2024-03-22,SKU005,NYC,705.47
2024-03-22,SKU005,LA,677.70
2024-03-22,SKU005,CHI,505.51
2024-03-23,SKU001,NYC,636.72
2024-03-23,SKU001,LA,598.57
2024-03-23,SKU001,CHI,495.10
2024-03-23,SKU002,NYC,507.12
2024-03-23,SKU002,LA,367.17
2024-03-23,SKU002,CHI,300.95
2024-03-23,SKU003,NYC,995.91
2024-03-23,SKU003,LA,890.80
2024-03-23,SKU003,CHI,779.38
2024-03-23,SKU004,NYC,573.47
2024-03-23,SKU004,LA,409.88
2024-03-23,SKU004,CHI,378.20
2024-03-23,SKU005,NYC,991.94
2024-03-23,SKU005,LA,770.84
2024-03-23,SKU005,CHI,576.46
2024-03-24,SKU001,NYC,668.27
2024-03-24,SKU001,LA,635.88
2024-03-24,SKU001,CHI,523.53
2024-03-24,SKU002,NYC,465.07
2024-03-24,SKU002,LA,377.05
2024-03-24,SKU002,CHI,343.57
2024-03-24,SKU003,NYC,1054.46
2024-03-24,SKU003,LA,958.74
2024-03-24,SKU003,CHI,653.23
2024-03-24,SKU004,NYC,637.07
2024-03-24,SKU004,LA,470.16
2024-03-24,SKU004,CHI,338.11
2024-03-24,SKU005,NYC,1080.50
2024-03-24,SKU005,LA,879.17
2024-03-24,SKU005,CHI,710.64
2024-03-25,SKU001,NYC,520.97
2024-03-25,SKU001,LA,424.42
2024-03-25,SKU001,CHI,304.84
2024-03-25,SKU002,NYC,260.77
2024-03-25,SKU002,LA,253.71
2024-03-25,SKU002,CHI,216.84
2024-03-25,SKU003,NYC,627.95
2024-03-25,SKU003,LA,578.87
2024-03-25,SKU003,CHI,507.28
2024-03-25,SKU004,NYC,374.25
2024-03-25,SKU004,LA,287.73
2024-03-25,SKU004,CHI,288.39
2024-03-25,SKU005,NYC,635.61
2024-03-25,SKU005,LA,538.88
2024-03-25,SKU005,CHI,336.11
2024-03-26,SKU001,NYC,397.11
2024-03-26,SKU001,LA,437.44
2024-03-26,SKU001,CHI,332.31
2024-03-26,SKU002,NYC,364.64
2024-03-26,SKU002,LA,330.39
2024-03-26,SKU002,CHI,213.82
2024-03-26,SKU003,NYC,662.89
2024-03-26,SKU003,LA,543.57
2024-03-26,SKU003,CHI,449.65
2024-03-26,SKU004,NYC,417.63
2024-03-26,SKU004,LA,291.79
2024-03-26,SKU004,CHI,291.46
2024-03-26,SKU005,NYC,521.27
2024-03-26,SKU005,LA,566.56
2024-03-26,SKU005,CHI,486.19
2024-03-27,SKU001,NYC,493.47
2024-03-27,SKU001,LA,425.08
2024-03-27,SKU001,CHI,283.13
2024-03-27,SKU002,NYC,376.41
2024-03-27,SKU002,LA,299.67
2024-03-27,SKU002,CHI,199.75
2024-03-27,SKU003,NYC,536.68
2024-03-27,SKU003,LA,498.98
2024-03-27,SKU003,CHI,416.27
2024-03-27,SKU004,NYC,301.31
2024-03-27,SKU004,LA,320.95
2024-03-27,SKU004,CHI,263.27
2024-03-27,SKU005,NYC,650.00
2024-03-27,SKU005,LA,524.00
2024-03-27,SKU005,CHI,480.56
2024-03-28,SKU001,NYC,578.49
2024-03-28,SKU001,LA,575.46
2024-03-28,SKU001,CHI,351.24
2024-03-28,SKU002,NYC,389.11
2024-03-28,SKU002,LA,289.23
2024-03-28,SKU002,CHI,245.75
2024-03-28,SKU003,NYC,843.99
2024-03-28,SKU003,LA,678.57
2024-03-28,SKU003,CHI,572.98
2024-03-28,SKU004,NYC,481.94
2024-03-28,SKU004,LA,341.51
2024-03-28,SKU004,CHI,212.99
2024-03-28,SKU005,NYC,596.54
2024-03-28,SKU005,LA,757.80
2024-03-28,SKU005,CHI,445.41
2024-03-29,SKU001,NYC,622.73
2024-03-29,SKU001,LA,440.55
2024-03-29,SKU001,CHI,341.70
2024-03-29,SKU002,NYC,402.33
2024-03-29,SKU002,LA,342.97
2024-03-29,SKU002,CHI,271.94
2024-03-29,SKU003,NYC,732.55
2024-03-29,SKU003,LA,694.90
2024-03-29,SKU003,CHI,520.51
2024-03-29,SKU004,NYC,518.81
2024-03-29,SKU004,LA,379.18
2024-03-29,SKU004,CHI,319.64
2024-03-29,SKU005,NYC,645.29
2024-03-29,SKU005,LA,733.83
2024-03-29,SKU005,CHI,580.72
2024-03-30,SKU001,NYC,661.03
2024-03-30,SKU001,LA,682.98
2024-03-30,SKU001,CHI,441.88
2024-03-30,SKU002,NYC,498.41
2024-03-30,SKU002,LA,389.85
2024-03-30,SKU002,CHI,276.91
2024-03-30,SKU003,NYC,980.14
2024-03-30,SKU003,LA,788.36
2024-03-30,SKU003,CHI,739.26
2024-03-30,SKU004,NYC,504.85
2024-03-30,SKU004,LA,446.11
2024-03-30,SKU004,CHI,340.65
2024-03-30,SKU005,NYC,1047.08
2024-03-30,SKU005,LA,831.34
2024-03-30,SKU005,CHI,702.05
2024-03-31,SKU001,NYC,675.38
2024-03-31,SKU001,LA,613.43
2024-03-31,SKU001,CHI,528.05
2024-03-31,SKU002,NYC,466.97
2024-03-31,SKU002,LA,388.38
2024-03-31,SKU002,CHI,328.31
2024-03-31,SKU003,NYC,1040.36
2024-03-31,SKU003,LA,834.31
2024-03-31,SKU003,CHI,578.54
2024-03-31,SKU004,NYC,535.50
2024-03-31,SKU004,LA,419.99
2024-03-31,SKU004,CHI,486.62
2024-03-31,SKU005,NYC,989.26
2024-03-31,SKU005,LA,669.15
2024-03-31,SKU005,CHI,620.19
2024-04-01,SKU001,NYC,414.67
2024-04-01,SKU001,LA,482.48
2024-04-01,SKU001,CHI,332.39
2024-04-01,SKU002,NYC,300.66
2024-04-01,SKU002,LA,295.58
2024-04-01,SKU002,CHI,231.58
2024-04-01,SKU003,NYC,599.81
2024-04-01,SKU003,LA,483.44
2024-04-01,SKU003,CHI,376.75
2024-04-01,SKU004,NYC,356.35
2024-04-01,SKU004,LA,304.22
2024-04-01,SKU004,CHI,239.84
2024-04-01,SKU005,NYC,668.55
2024-04-01,SKU005,LA,541.87
2024-04-01,SKU005,CHI,416.98
2024-04-02,SKU001,NYC,510.52
2024-04-02,SKU001,LA,318.83
2024-04-02,SKU001,CHI,308.71
2024-04-02,SKU002,NYC,275.86
2024-04-02,SKU002,LA,272.65
2024-04-02,SKU002,CHI,227.49
2024-04-02,SKU003,NYC,600.07
2024-04-02,SKU003,LA,425.03
2024-04-02,SKU003,CHI,515.29
2024-04-02,SKU004,NYC,417.90
2024-04-02,SKU004,LA,342.44
2024-04-02,SKU004,CHI,219.82
2024-04-02,SKU005,NYC,665.45
2024-04-02,SKU005,LA,538.51
2024-04-02,SKU005,CHI,434.38
2024-04-03,SKU001,NYC,529.23
2024-04-03,SKU001,LA,474.77
2024-04-03,SKU001,CHI,316.95
2024-04-03,SKU002,NYC,325.69
2024-04-03,SKU002,LA,298.87
2024-04-03,SKU002,CHI,210.24
2024-04-03,SKU003,NYC,638.93
2024-04-03,SKU003,LA,540.74
2024-04-03,SKU003,CHI,506.15
2024-04-03,SKU004,NYC,415.64
2024-04-03,SKU004,LA,227.17
2024-04-03,SKU004,CHI,288.15
2024-04-03,SKU005,NYC,615.40
2024-04-03,SKU005,LA,451.94
2024-04-03,SKU005,CHI,473.89
2024-04-04,SKU001,NYC,573.79
2024-04-04,SKU001,LA,461.01
2024-04-04,SKU001,CHI,364.54
2024-04-04,SKU002,NYC,420.61
2024-04-04,SKU002,LA,328.76
2024-04-04,SKU002,CHI,226.85
2024-04-04,SKU003,NYC,616.23
2024-04-04,SKU003,LA,572.89
2024-04-04,SKU003,CHI,477.41
2024-04-04,SKU004,NYC,406.07
2024-04-04,SKU004,LA,397.55
2024-04-04,SKU004,CHI,252.35
2024-04-04,SKU005,NYC,716.24
2024-04-04,SKU005,LA,702.56
2024-04-04,SKU005,CHI,444.52
2024-04-05,SKU001,NYC,570.77
2024-04-05,SKU001,LA,435.01
2024-04-05,SKU001,CHI,438.26
2024-04-05,SKU002,NYC,381.79
2024-04-05,SKU002,LA,271.72
2024-04-05,SKU002,CHI,215.49
2024-04-05,SKU003,NYC,686.81
2024-04-05,SKU003,LA,547.62
2024-04-05,SKU003,CHI,546.12
2024-04-05,SKU004,NYC,365.29
2024-04-05,SKU004,LA,370.37
2024-04-05,SKU004,CHI,289.99
2024-04-05,SKU005,NYC,831.47
2024-04-05,SKU005,LA,705.70
2024-04-05,SKU005,CHI,555.51
2024-04-06,SKU001,NYC,657.63
2024-04-06,SKU001,LA,587.86
2024-04-06,SKU001,CHI,415.70
2024-04-06,SKU002,NYC,571.95
2024-04-06,SKU002,LA,390.84
2024-04-06,SKU002,CHI,362.13
2024-04-06,SKU003,NYC,1057.64
2024-04-06,SKU003,LA,773.22
2024-04-06,SKU003,CHI,594.55
2024-04-06,SKU004,NYC,539.59
2024-04-06,SKU004,LA,438.27
2024-04-06,SKU004,CHI,359.01
2024-04-06,SKU005,NYC,1072.38
2024-04-06,SKU005,LA,886.37
2024-04-06,SKU005,CHI,744.26
2024-04-07,SKU001,NYC,585.15
2024-04-07,SKU001,LA,518.26
2024-04-07,SKU001,CHI,447.67
2024-04-07,SKU002,NYC,577.76
2024-04-07,SKU002,LA,483.89
2024-04-07,SKU002,CHI,298.46
2024-04-07,SKU003,NYC,974.01
2024-04-07,SKU003,LA,824.53
2024-04-07,SKU003,CHI,763.98
2024-04-07,SKU004,NYC,584.47
2024-04-07,SKU004,LA,526.99
2024-04-07,SKU004,CHI,374.31
2024-04-07,SKU005,NYC,874.43
2024-04-07,SKU005,LA,720.37
2024-04-07,SKU005,CHI,582.08
2024-04-08,SKU001,NYC,493.49
2024-04-08,SKU001,LA,419.30
2024-04-08,SKU001,CHI,371.81
2024-04-08,SKU002,NYC,324.06
2024-04-08,SKU002,LA,256.64
2024-04-08,SKU002,CHI,190.80
2024-04-08,SKU003,NYC,641.83
2024-04-08,SKU003,LA,567.98
2024-04-08,SKU003,CHI,326.20
2024-04-08,SKU004,NYC,319.93
2024-04-08,SKU004,LA,257.40
2024-04-08,SKU004,CHI,286.43
2024-04-08,SKU005,NYC,662.21
2024-04-08,SKU005,LA,487.75
2024-04-08,SKU005,CHI,425.97
2024-04-09,SKU001,NYC,515.30
2024-04-09,SKU001,LA,360.82
2024-04-09,SKU001,CHI,313.16
2024-04-09,SKU002,NYC,301.69
2024-04-09,SKU002,LA,262.69
2024-04-09,SKU002,CHI,208.42
2024-04-09,SKU003,NYC,663.30
2024-04-09,SKU003,LA,490.76
2024-04-09,SKU003,CHI,379.55
2024-04-09,SKU004,NYC,364.03
2024-04-09,SKU004,LA,287.51
2024-04-09,SKU004,CHI,237.26
2024-04-09,SKU005,NYC,684.32
2024-04-09,SKU005,LA,481.52
2024-04-09,SKU005,CHI,398.49
2024-04-10,SKU001,NYC,466.35
2024-04-10,SKU001,LA,373.23
2024-04-10,SKU001,CHI,288.56
2024-04-10,SKU002,NYC,274.68
2024-04-10,SKU002,LA,218.43
2024-04-10,SKU002,CHI,196.16
2024-04-10,SKU003,NYC,692.84
2024-04-10,SKU003,LA,624.89
2024-04-10,SKU003,CHI,399.49
2024-04-10,SKU004,NYC,367.49
2024-04-10,SKU004,LA,311.39
2024-04-10,SKU004,CHI,245.88
2024-04-10,SKU005,NYC,549.78
2024-04-10,SKU005,LA,550.10
2024-04-10,SKU005,CHI,431.72
2024-04-11,SKU001,NYC,445.38
2024-04-11,SKU001,LA,463.53
2024-04-11,SKU001,CHI,369.63
2024-04-11,SKU002,NYC,323.55
2024-04-11,SKU002,LA,268.51
2024-04-11,SKU002,CHI,267.45
2024-04-11,SKU003,NYC,777.21
2024-04-11,SKU003,LA,729.48
2024-04-11,SKU003,CHI,425.75
2024-04-11,SKU004,NYC,393.01
2024-04-11,SKU004,LA,322.58
2024-04-11,SKU004,CHI,253.32
2024-04-11,SKU005,NYC,659.54
2024-04-11,SKU005,LA,591.69
2024-04-11,SKU005,CHI,402.36
2024-04-12,SKU001,NYC,489.64
2024-04-12,SKU001,LA,412.47
2024-04-12,SKU001,CHI,389.53
2024-04-12,SKU002,NYC,350.76
2024-04-12,SKU002,LA,309.61
2024-04-12,SKU002,CHI,229.21
2024-04-12,SKU003,NYC,659.97
2024-04-12,SKU003,LA,592.72
2024-04-12,SKU003,CHI,527.07
2024-04-12,SKU004,NYC,458.12
2024-04-12,SKU004,LA,384.35
2024-04-12,SKU004,CHI,338.49
2024-04-12,SKU005,NYC,854.90
2024-04-12,SKU005,LA,589.72
2024-04-12,SKU005,CHI,465.74
2024-04-13,SKU001,NYC,691.84
2024-04-13,SKU001,LA,578.73
2024-04-13,SKU001,CHI,430.52
2024-04-13,SKU002,NYC,388.01
2024-04-13,SKU002,LA,396.51
2024-04-13,SKU002,CHI,284.07
2024-04-13,SKU003,NYC,923.60
2024-04-13,SKU003,LA,661.46
2024-04-13,SKU003,CHI,696.58
2024-04-13,SKU004,NYC,456.52
2024-04-13,SKU004,LA,528.89
2024-04-13,SKU004,CHI,322.92
2024-04-13,SKU005,NYC,962.63
2024-04-13,SKU005,LA,755.80
2024-04-13,SKU005,CHI,545.63
2024-04-14,SKU001,NYC,629.33
2024-04-14,SKU001,LA,600.20
2024-04-14,SKU001,CHI,431.44
2024-04-14,SKU002,NYC,496.75
2024-04-14,SKU002,LA,375.61
2024-04-14,SKU002,CHI,283.58
2024-04-14,SKU003,NYC,949.69
2024-04-14,SKU003,LA,830.68
2024-04-14,SKU003,CHI,668.09
2024-04-14,SKU004,NYC,632.37
2024-04-14,SKU004,LA,409.25
2024-04-14,SKU004,CHI,312.52
2024-04-14,SKU005,NYC,1006.91
2024-04-14,SKU005,LA,705.09
2024-04-14,SKU005,CHI,614.53
2024-04-15,SKU001,NYC,396.78
2024-04-15,SKU001,LA,352.46
2024-04-15,SKU001,CHI,278.53
2024-04-15,SKU002,NYC,305.81
2024-04-15,SKU002,LA,256.56
2024-04-15,SKU002,CHI,188.25
2024-04-15,SKU003,NYC,568.07
2024-04-15,SKU003,LA,552.19
2024-04-15,SKU003,CHI,345.90
2024-04-15,SKU004,NYC,337.66
2024-04-15,SKU004,LA,281.50
2024-04-15,SKU004,CHI,236.39
2024-04-15,SKU005,NYC,668.73
2024-04-15,SKU005,LA,522.81
2024-04-15,SKU005,CHI,429.19
2024-04-16,SKU001,NYC,412.45
2024-04-16,SKU001,LA,364.16
2024-04-16,SKU001,CHI,251.08
2024-04-16,SKU002,NYC,311.53
2024-04-16,SKU002,LA,218.77
2024-04-16,SKU002,CHI,216.24
2024-04-16,SKU003,NYC,593.03
2024-04-16,SKU003,LA,589.37
2024-04-16,SKU003,CHI,383.41
2024-04-16,SKU004,NYC,336.39
2024-04-16,SKU004,LA,245.96
2024-04-16,SKU004,CHI,252.59
2024-04-16,SKU005,NYC,612.25
2024-04-16,SKU005,LA,541.96
2024-04-16,SKU005,CHI,317.10
2024-04-17,SKU001,NYC,455.51
2024-04-17,SKU001,LA,422.81
2024-04-17,SKU001,CHI,341.58
2024-04-17,SKU002,NYC,266.68
2024-04-17,SKU002,LA,297.45
2024-04-17,SKU002,CHI,171.88
2024-04-17,SKU003,NYC,541.24
2024-04-17,SKU003,LA,558.24
2024-04-17,SKU003,CHI,360.90
2024-04-17,SKU004,NYC,346.04
2024-04-17,SKU004,LA,273.81
2024-04-17,SKU004,CHI,273.89
2024-04-17,SKU005,NYC,596.66
2024-04-17,SKU005,LA,582.90
2024-04-17,SKU005,CHI,418.57
2024-04-18,SKU001,NYC,470.59
2024-04-18,SKU001,LA,512.84
2024-04-18,SKU001,CHI,347.98
2024-04-18,SKU002,NYC,363.70
2024-04-18,SKU002,LA,300.06
2024-04-18,SKU002,CHI,272.78
2024-04-18,SKU003,NYC,607.96
2024-04-18,SKU003,LA,689.21
2024-04-18,SKU003,CHI,395.97
2024-04-18,SKU004,NYC,363.75
2024-04-18,SKU004,LA,283.03
2024-04-18,SKU004,CHI,274.16
2024-04-18,SKU005,NYC,683.80
2024-04-18,SKU005,LA,602.27
2024-04-18,SKU005,CHI,369.41
2024-04-19,SKU001,NYC,469.66
2024-04-19,SKU001,LA,451.60
2024-04-19,SKU001,CHI,369.72
2024-04-19,SKU002,NYC,296.74
2024-04-19,SKU002,LA,278.18
2024-04-19,SKU002,CHI,244.77
2024-04-19,SKU003,NYC,781.44
2024-04-19,SKU003,LA,423.29
2024-04-19,SKU003,CHI,496.50
2024-04-19,SKU004,NYC,367.95
2024-04-19,SKU004,LA,266.16
2024-04-19,SKU004,CHI,305.45
2024-04-19,SKU005,NYC,673.81
2024-04-19,SKU005,LA,611.85
2024-04-19,SKU005,CHI,499.04
2024-04-20,SKU001,NYC,782.72
2024-04-20,SKU001,LA,615.89
2024-04-20,SKU001,CHI,483.52
2024-04-20,SKU002,NYC,559.51
2024-04-20,SKU002,LA,441.42
2024-04-20,SKU002,CHI,355.93
2024-04-20,SKU003,NYC,1003.72
2024-04-20,SKU003,LA,745.75
2024-04-20,SKU003,CHI,806.05
2024-04-20,SKU004,NYC,576.70
2024-04-20,SKU004,LA,553.74
2024-04-20,SKU004,CHI,485.64
2024-04-20,SKU005,NYC,1303.32
2024-04-20,SKU005,LA,837.99
2024-04-20,SKU005,CHI,568.43
2024-04-21,SKU001,NYC,603.45
2024-04-21,SKU001,LA,663.78
2024-04-21,SKU001,CHI,432.58
2024-04-21,SKU002,NYC,464.46
2024-04-21,SKU002,LA,377.35
2024-04-21,SKU002,CHI,286.07
2024-04-21,SKU003,NYC,997.64
2024-04-21,SKU003,LA,900.15
2024-04-21,SKU003,CHI,761.52
2024-04-21,SKU004,NYC,534.97
2024-04-21,SKU004,LA,367.79
2024-04-21,SKU004,CHI,372.98
2024-04-21,SKU005,NYC,870.16
2024-04-21,SKU005,LA,697.35
2024-04-21,SKU005,CHI,452.34
2024-04-22,SKU001,NYC,480.01
2024-04-22,SKU001,LA,382.10
2024-04-22,SKU001,CHI,287.85
2024-04-22,SKU002,NYC,283.44
2024-04-22,SKU002,LA,259.67
2024-04-22,SKU002,CHI,179.60
2024-04-22,SKU003,NYC,649.72
2024-04-22,SKU003,LA,578.74
2024-04-22,SKU003,CHI,406.98
2024-04-22,SKU004,NYC,361.09
2024-04-22,SKU004,LA,217.98
2024-04-22,SKU004,CHI,217.39
2024-04-22,SKU005,NYC,453.39
2024-04-22,SKU005,LA,489.32
2024-04-22,SKU005,CHI,412.98
2024-04-23,SKU001,NYC,437.87
2024-04-23,SKU001,LA,342.88
2024-04-23,SKU001,CHI,314.33
2024-04-23,SKU002,NYC,279.68
2024-04-23,SKU002,LA,242.16
2024-04-23,SKU002,CHI,191.47
2024-04-23,SKU003,NYC,491.21
2024-04-23,SKU003,LA,473.07
2024-04-23,SKU003,CHI,398.21
2024-04-23,SKU004,NYC,317.52
2024-04-23,SKU004,LA,273.91
2024-04-23,SKU004,CHI,253.75
2024-04-23,SKU005,NYC,565.80
2024-04-23,SKU005,LA,479.75
2024-04-23,SKU005,CHI,376.99
2024-04-24,SKU001,NYC,358.47
2024-04-24,SKU001,LA,407.49
2024-04-24,SKU001,CHI,278.43
2024-04-24,SKU002,NYC,291.38
2024-04-24,SKU002,LA,221.04
2024-04-24,SKU002,CHI,164.73
2024-04-24,SKU003,NYC,534.36
2024-04-24,SKU003,LA,566.59
2024-04-24,SKU003,CHI,434.16
2024-04-24,SKU004,NYC,286.58
2024-04-24,SKU004,LA,256.27
2024-04-24,SKU004,CHI,233.16
2024-04-24,SKU005,NYC,660.39
2024-04-24,SKU005,LA,452.08
2024-04-24,SKU005,CHI,341.10
2024-04-25,SKU001,NYC,480.61
2024-04-25,SKU001,LA,406.46
2024-04-25,SKU001,CHI,406.09
2024-04-25,SKU002,NYC,347.56
2024-04-25,SKU002,LA,273.62
2024-04-25,SKU002,CHI,213.66
2024-04-25,SKU003,NYC,637.77
2024-04-25,SKU003,LA,546.83
2024-04-25,SKU003,CHI,458.77
2024-04-25,SKU004,NYC,416.49
2024-04-25,SKU004,LA,270.47
2024-04-25,SKU004,CHI,268.11
2024-04-25,SKU005,NYC,690.07
2024-04-25,SKU005,LA,538.58
2024-04-25,SKU005,CHI,467.59
2024-04-26,SKU001,NYC,524.84
2024-04-26,SKU001,LA,346.21
2024-04-26,SKU001,CHI,334.62
2024-04-26,SKU002,NYC,330.43
2024-04-26,SKU002,LA,328.58
2024-04-26,SKU002,CHI,226.04
2024-04-26,SKU003,NYC,752.74
2024-04-26,SKU003,LA,515.02
2024-04-26,SKU003,CHI,494.01
2024-04-26,SKU004,NYC,433.95
2024-04-26,SKU004,LA,348.72
2024-04-26,SKU004,CHI,238.26
2024-04-26,SKU005,NYC,753.62
2024-04-26,SKU005,LA,489.11
2024-04-26,SKU005,CHI,465.37
2024-04-27,SKU001,NYC,664.43
2024-04-27,SKU001,LA,526.62
2024-04-27,SKU001,CHI,401.97
2024-04-27,SKU002,NYC,432.02
2024-04-27,SKU002,LA,345.56
2024-04-27,SKU002,CHI,347.76
2024-04-27,SKU003,NYC,1009.64
2024-04-27,SKU003,LA,873.32
2024-04-27,SKU003,CHI,596.10
2024-04-27,SKU004,NYC,504.96
2024-04-27,SKU004,LA,432.73
2024-04-27,SKU004,CHI,361.39
2024-04-27,SKU005,NYC,905.87
2024-04-27,SKU005,LA,643.46
2024-04-27,SKU005,CHI,567.46
2024-04-28,SKU001,NYC,703.76
2024-04-28,SKU001,LA,685.11
2024-04-28,SKU001,CHI,406.19
2024-04-28,SKU002,NYC,413.81
2024-04-28,SKU002,LA,346.25
2024-04-28,SKU002,CHI,329.12
2024-04-28,SKU003,NYC,907.94
2024-04-28,SKU003,LA,719.51
2024-04-28,SKU003,CHI,594.03
2024-04-28,SKU004,NYC,506.50
2024-04-28,SKU004,LA,430.22
2024-04-28,SKU004,CHI,354.03
2024-04-28,SKU005,NYC,933.16
2024-04-28,SKU005,LA,792.75
2024-04-28,SKU005,CHI,665.78
2024-04-29,SKU001,NYC,406.99
2024-04-29,SKU001,LA,344.34
2024-04-29,SKU001,CHI,268.12
2024-04-29,SKU002,NYC,290.16
2024-04-29,SKU002,LA,252.87
2024-04-29,SKU002,CHI,198.22
2024-04-29,SKU003,NYC,576.18
2024-04-29,SKU003,LA,439.02
2024-04-29,SKU003,CHI,346.50
2024-04-29,SKU004,NYC,295.36
2024-04-29,SKU004,LA,252.85
2024-04-29,SKU004,CHI,212.63
2024-04-29,SKU005,NYC,622.44
2024-04-29,SKU005,LA,504.92
2024-04-29,SKU005,CHI,321.50
2024-04-30,SKU001,NYC,356.89
2024-04-30,SKU001,LA,337.45
2024-04-30,SKU001,CHI,298.41
2024-04-30,SKU002,NYC,275.36
2024-04-30,SKU002,LA,233.23
2024-04-30,SKU002,CHI,179.59
2024-04-30,SKU003,NYC,624.68
2024-04-30,SKU003,LA,496.81
2024-04-30,SKU003,CHI,378.18
2024-04-30,SKU004,NYC,280.33
2024-04-30,SKU004,LA,275.67
2024-04-30,SKU004,CHI,208.82
2024-04-30,SKU005,NYC,570.52
2024-04-30,SKU005,LA,394.63
2024-04-30,SKU005,CHI,436.71
2024-05-01,SKU001,NYC,420.20
2024-05-01,SKU001,LA,385.03
2024-05-01,SKU001,CHI,296.09
2024-05-01,SKU002,NYC,301.40
2024-05-01,SKU002,LA,221.11
2024-05-01,SKU002,CHI,173.98
2024-05-01,SKU003,NYC,495.38
2024-05-01,SKU003,LA,512.34
2024-05-01,SKU003,CHI,394.55
2024-05-01,SKU004,NYC,343.08
2024-05-01,SKU004,LA,245.10
2024-05-01,SKU004,CHI,214.87
2024-05-01,SKU005,NYC,496.45
2024-05-01,SKU005,LA,387.79
2024-05-01,SKU005,CHI,373.80
2024-05-02,SKU001,NYC,415.80
2024-05-02,SKU001,LA,545.36
2024-05-02,SKU001,CHI,340.18
2024-05-02,SKU002,NYC,366.98
2024-05-02,SKU002,LA,296.62
2024-05-02,SKU002,CHI,223.09
2024-05-02,SKU003,NYC,599.68
2024-05-02,SKU003,LA,574.24
2024-05-02,SKU003,CHI,525.46
2024-05-02,SKU004,NYC,345.90
2024-05-02,SKU004,LA,351.41
2024-05-02,SKU004,CHI,248.38
2024-05-02,SKU005,NYC,715.31
2024-05-02,SKU005,LA,512.09
2024-05-02,SKU005,CHI,483.95
2024-05-03,SKU001,NYC,547.77
2024-05-03,SKU001,LA,396.17
2024-05-03,SKU001,CHI,326.71
2024-05-03,SKU002,NYC,343.59
2024-05-03,SKU002,LA,289.35
2024-05-03,SKU002,CHI,247.56
2024-05-03,SKU003,NYC,664.34
2024-05-03,SKU003,LA,551.14
2024-05-03,SKU003,CHI,451.38
2024-05-03,SKU004,NYC,392.89
2024-05-03,SKU004,LA,270.58
2024-05-03,SKU004,CHI,268.16
2024-05-03,SKU005,NYC,732.74
2024-05-03,SKU005,LA,555.71
2024-05-03,SKU005,CHI,454.54
2024-05-04,SKU001,NYC,600.37
2024-05-04,SKU001,LA,542.27
2024-05-04,SKU001,CHI,414.18
2024-05-04,SKU002,NYC,429.09
2024-05-04,SKU002,LA,328.01
2024-05-04,SKU002,CHI,296.01
2024-05-04,SKU003,NYC,973.99
2024-05-04,SKU003,LA,698.47
2024-05-04,SKU003,CHI,588.41
2024-05-04,SKU004,NYC,546.46
2024-05-04,SKU004,LA,401.51
2024-05-04,SKU004,CHI,292.58
2024-05-04,SKU005,NYC,896.18
2024-05-04,SKU005,LA,693.77
2024-05-04,SKU005,CHI,585.36
2024-05-05,SKU001,NYC,621.77
2024-05-05,SKU001,LA,540.52
2024-05-05,SKU001,CHI,413.62
2024-05-05,SKU002,NYC,398.87
2024-05-05,SKU002,LA,385.79
2024-05-05,SKU002,CHI,275.06
2024-05-05,SKU003,NYC,927.23
2024-05-05,SKU003,LA,843.48
2024-05-05,SKU003,CHI,540.88
2024-05-05,SKU004,NYC,481.86
2024-05-05,SKU004,LA,410.54
2024-05-05,SKU004,CHI,318.97
2024-05-05,SKU005,NYC,892.56
2024-05-05,SKU005,LA,632.04
2024-05-05,SKU005,CHI,501.48
2024-05-06,SKU001,NYC,389.20
2024-05-06,SKU001,LA,347.44
2024-05-06,SKU001,CHI,287.18
2024-05-06,SKU002,NYC,289.95
2024-05-06,SKU002,LA,221.60
2024-05-06,SKU002,CHI,149.81
2024-05-06,SKU003,NYC,599.85
2024-05-06,SKU003,LA,436.15
2024-05-06,SKU003,CHI,389.51
2024-05-06,SKU004,NYC,316.31
2024-05-06,SKU004,LA,239.31
2024-05-06,SKU004,CHI,219.49
2024-05-06,SKU005,NYC,563.84
2024-05-06,SKU005,LA,499.09
2024-05-06,SKU005,CHI,375.40
2024-05-07,SKU001,NYC,488.61
2024-05-07,SKU001,LA,310.00
2024-05-07,SKU001,CHI,326.79
2024-05-07,SKU002,NYC,320.12
2024-05-07,SKU002,LA,220.51
2024-05-07,SKU002,CHI,159.45
2024-05-07,SKU003,NYC,537.44
2024-05-07,SKU003,LA,453.68
2024-05-07,SKU003,CHI,396.48
2024-05-07,SKU004,NYC,336.88
2024-05-07,SKU004,LA,281.17
2024-05-07,SKU004,CHI,173.71
2024-05-07,SKU005,NYC,441.40
2024-05-07,SKU005,LA,466.27
2024-05-07,SKU005,CHI,415.23
2024-05-08,SKU001,NYC,411.44
2024-05-08,SKU001,LA,400.09
2024-05-08,SKU001,CHI,239.86
2024-05-08,SKU002,NYC,274.17
2024-05-08,SKU002,LA,253.55
2024-05-08,SKU002,CHI,183.95
2024-05-08,SKU003,NYC,637.73
2024-05-08,SKU003,LA,511.21
2024-05-08,SKU003,CHI,362.81
2024-05-08,SKU004,NYC,307.19
2024-05-08,SKU004,LA,227.85
2024-05-08,SKU004,CHI,212.51
2024-05-08,SKU005,NYC,655.10
2024-05-08,SKU005,LA,383.90
2024-05-08,SKU005,CHI,361.42
2024-05-09,SKU001,NYC,527.04
2024-05-09,SKU001,LA,408.17
2024-05-09,SKU001,CHI,261.64
2024-05-09,SKU002,NYC,316.04
2024-05-09,SKU002,LA,280.36
2024-05-09,SKU002,CHI,216.91
2024-05-09,SKU003,NYC,638.87
2024-05-09,SKU003,LA,549.67
2024-05-09,SKU003,CHI,500.47
2024-05-09,SKU004,NYC,338.65
2024-05-09,SKU004,LA,360.16
2024-05-09,SKU004,CHI,233.48
2024-05-09,SKU005,NYC,646.93
2024-05-09,SKU005,LA,529.11
2024-05-09,SKU005,CHI,465.91
2024-05-10,SKU001,NYC,538.21
2024-05-10,SKU001,LA,389.96
2024-05-10,SKU001,CHI,258.56
2024-05-10,SKU002,NYC,304.55
2024-05-10,SKU002,LA,224.39
2024-05-10,SKU002,CHI,169.67
2024-05-10,SKU003,NYC,628.49
2024-05-10,SKU003,LA,530.45
2024-05-10,SKU003,CHI,429.68
2024-05-10,SKU004,NYC,309.79
2024-05-10,SKU004,LA,326.85
2024-05-10,SKU004,CHI,288.04
2024-05-10,SKU005,NYC,618.16
2024-05-10,SKU005,LA,626.81
2024-05-10,SKU005,CHI,357.51
2024-05-11,SKU001,NYC,667.03
2024-05-11,SKU001,LA,551.58
2024-05-11,SKU001,CHI,411.67
2024-05-11,SKU002,NYC,417.84
2024-05-11,SKU002,LA,349.52
2024-05-11,SKU002,CHI,247.74
2024-05-11,SKU003,NYC,732.42
2024-05-11,SKU003,LA,777.92
2024-05-11,SKU003,CHI,596.64
2024-05-11,SKU004,NYC,502.06
2024-05-11,SKU004,LA,387.22
2024-05-11,SKU004,CHI,290.87
2024-05-11,SKU005,NYC,755.89
2024-05-11,SKU005,LA,595.57
2024-05-11,SKU005,CHI,502.14
2024-05-12,SKU001,NYC,650.60
2024-05-12,SKU001,LA,535.93
2024-05-12,SKU001,CHI,397.92
2024-05-12,SKU002,NYC,474.32
2024-05-12,SKU002,LA,322.84
2024-05-12,SKU002,CHI,278.63
2024-05-12,SKU003,NYC,993.88
2024-05-12,SKU003,LA,833.78
2024-05-12,SKU003,CHI,645.84
2024-05-12,SKU004,NYC,545.24
2024-05-12,SKU004,LA,362.00
2024-05-12,SKU004,CHI,308.59
2024-05-12,SKU005,NYC,776.08
2024-05-12,SKU005,LA,791.85
2024-05-12,SKU005,CHI,478.59
2024-05-13,SKU001,NYC,381.88
2024-05-13,SKU001,LA,312.50
2024-05-13,SKU001,CHI,244.96
2024-05-13,SKU002,NYC,244.27
2024-05-13,SKU002,LA,260.84
2024-05-13,SKU002,CHI,192.79
2024-05-13,SKU003,NYC,562.24
2024-05-13,SKU003,LA,405.75
2024-05-13,SKU003,CHI,349.22
2024-05-13,SKU004,NYC,319.30
2024-05-13,SKU004,LA,253.65
2024-05-13,SKU004,CHI,205.38
2024-05-13,SKU005,NYC,512.35
2024-05-13,SKU005,LA,465.96
2024-05-13,SKU005,CHI,365.61
2024-05-14,SKU001,NYC,426.27
2024-05-14,SKU001,LA,364.71
2024-05-14,SKU001,CHI,283.53
2024-05-14,SKU002,NYC,259.92
2024-05-14,SKU002,LA,224.33
2024-05-14,SKU002,CHI,130.39
2024-05-14,SKU003,NYC,521.14
2024-05-14,SKU003,LA,499.49
2024-05-14,SKU003,CHI,367.59
2024-05-14,SKU004,NYC,274.39
2024-05-14,SKU004,LA,228.49
2024-05-14,SKU004,CHI,199.98
2024-05-14,SKU005,NYC,505.06
2024-05-14,SKU005,LA,414.16
2024-05-14,SKU005,CHI,396.98
2024-05-15,SKU001,NYC,458.21
2024-05-15,SKU001,LA,345.13
2024-05-15,SKU001,CHI,238.19
2024-05-15,SKU002,NYC,310.29
2024-05-15,SKU002,LA,254.35
2024-05-15,SKU002,CHI,176.69
2024-05-15,SKU003,NYC,590.14
2024-05-15,SKU003,LA,422.07
2024-05-15,SKU003,CHI,329.46
2024-05-15,SKU004,NYC,366.06
2024-05-15,SKU004,LA,274.15
2024-05-15,SKU004,CHI,207.39
2024-05-15,SKU005,NYC,553.37
2024-05-15,SKU005,LA,454.42
2024-05-15,SKU005,CHI,384.08
2024-05-16,SKU001,NYC,520.06
2024-05-16,SKU001,LA,452.56
2024-05-16,SKU001,CHI,283.20
2024-05-16,SKU002,NYC,312.43
2024-05-16,SKU002,LA,261.89
2024-05-16,SKU002,CHI,177.34
2024-05-16,SKU003,NYC,753.96
2024-05-16,SKU003,LA,548.48
2024-05-16,SKU003,CHI,366.03
2024-05-16,SKU004,NYC,365.98
2024-05-16,SKU004,LA,290.30
2024-05-16,SKU004,CHI,213.29
2024-05-16,SKU005,NYC,712.65
2024-05-16,SKU005,LA,543.41
2024-05-16,SKU005,CHI,434.95
2024-05-17,SKU001,NYC,524.17
2024-05-17,SKU001,LA,447.50
2024-05-17,SKU001,CHI,312.01
2024-05-17,SKU002,NYC,285.68
2024-05-17,SKU002,LA,247.55
2024-05-17,SKU002,CHI,217.81
2024-05-17,SKU003,NYC,620.40
2024-05-17,SKU003,LA,551.50
2024-05-17,SKU003,CHI,480.60
2024-05-17,SKU004,NYC,413.93
2024-05-17,SKU004,LA,276.65
2024-05-17,SKU004,CHI,235.54
2024-05-17,SKU005,NYC,708.29
2024-05-17,SKU005,LA,493.76
2024-05-17,SKU005,CHI,418.03
2024-05-18,SKU001,NYC,627.39
2024-05-18,SKU001,LA,567.80
2024-05-18,SKU001,CHI,383.69
2024-05-18,SKU002,NYC,435.23
2024-05-18,SKU002,LA,335.74
2024-05-18,SKU002,CHI,283.02
2024-05-18,SKU003,NYC,829.86
2024-05-18,SKU003,LA,711.65
2024-05-18,SKU003,CHI,491.89
2024-05-18,SKU004,NYC,428.62
2024-05-18,SKU004,LA,351.73
2024-05-18,SKU004,CHI,310.88
2024-05-18,SKU005,NYC,826.07
2024-05-18,SKU005,LA,698.70
2024-05-18,SKU005,CHI,574.59
2024-05-19,SKU001,NYC,507.95
2024-05-19,SKU001,LA,524.61
2024-05-19,SKU001,CHI,381.80
2024-05-19,SKU002,NYC,342.74
2024-05-19,SKU002,LA,312.22
2024-05-19,SKU002,CHI,288.85
2024-05-19,SKU003,NYC,724.25
2024-05-19,SKU003,LA,790.54
2024-05-19,SKU003,CHI,487.99
2024-05-19,SKU004,NYC,458.65
2024-05-19,SKU004,LA,400.60
2024-05-19,SKU004,CHI,284.09
2024-05-19,SKU005,NYC,739.74
2024-05-19,SKU005,LA,717.70
2024-05-19,SKU005,CHI,515.68
2024-05-20,SKU001,NYC,358.52
2024-05-20,SKU001,LA,324.89
2024-05-20,SKU001,CHI,264.94
2024-05-20,SKU002,NYC,279.27
2024-05-20,SKU002,LA,206.20
2024-05-20,SKU002,CHI,193.18
2024-05-20,SKU003,NYC,526.76
2024-05-20,SKU003,LA,381.60
2024-05-20,SKU003,CHI,327.23
2024-05-20,SKU004,NYC,313.68
2024-05-20,SKU004,LA,256.16
2024-05-20,SKU004,CHI,157.93
2024-05-20,SKU005,NYC,460.52
2024-05-20,SKU005,LA,450.43
2024-05-20,SKU005,CHI,369.08
2024-05-21,SKU001,NYC,335.61
2024-05-21,SKU001,LA,338.25
2024-05-21,SKU001,CHI,256.90
2024-05-21,SKU002,NYC,262.90
2024-05-21,SKU002,LA,219.00
2024-05-21,SKU002,CHI,180.44
2024-05-21,SKU003,NYC,545.23
2024-05-21,SKU003,LA,487.61
2024-05-21,SKU003,CHI,363.27
2024-05-21,SKU004,NYC,338.11
2024-05-21,SKU004,LA,254.18
2024-05-21,SKU004,CHI,196.44
2024-05-21,SKU005,NYC,396.48
2024-05-21,SKU005,LA,476.80
2024-05-21,SKU005,CHI,373.13
2024-05-22,SKU001,NYC,327.24
2024-05-22,SKU001,LA,256.76
2024-05-22,SKU001,CHI,259.05
2024-05-22,SKU002,NYC,236.59
2024-05-22,SKU002,LA,212.25
2024-05-22,SKU002,CHI,199.53
2024-05-22,SKU003,NYC,536.49
2024-05-22,SKU003,LA,462.10
2024-05-22,SKU003,CHI,375.01
2024-05-22,SKU004,NYC,315.86
2024-05-22,SKU004,LA,196.90
2024-05-22,SKU004,CHI,215.47
2024-05-22,SKU005,NYC,646.29
2024-05-22,SKU005,LA,430.98
2024-05-22,SKU005,CHI,389.54
2024-05-23,SKU001,NYC,503.23
2024-05-23,SKU001,LA,446.84
2024-05-23,SKU001,CHI,289.68
2024-05-23,SKU002,NYC,359.46
2024-05-23,SKU002,LA,215.58
2024-05-23,SKU002,CHI,209.51
2024-05-23,SKU003,NYC,662.50
2024-05-23,SKU003,LA,519.88
2024-05-23,SKU003,CHI,377.19
2024-05-23,SKU004,NYC,398.88
2024-05-23,SKU004,LA,267.69
2024-05-23,SKU004,CHI,237.44
2024-05-23,SKU005,NYC,634.91
2024-05-23,SKU005,LA,500.87
2024-05-23,SKU005,CHI,408.71
2024-05-24,SKU001,NYC,446.17
2024-05-24,SKU001,LA,356.50
2024-05-24,SKU001,CHI,281.30
2024-05-24,SKU002,NYC,324.71
2024-05-24,SKU002,LA,282.13
2024-05-24,SKU002,CHI,209.56
2024-05-24,SKU003,NYC,595.29
2024-05-24,SKU003,LA,535.08
2024-05-24,SKU003,CHI,512.30
2024-05-24,SKU004,NYC,362.86
2024-05-24,SKU004,LA,255.45
2024-05-24,SKU004,CHI,187.57
2024-05-24,SKU005,NYC,690.30
2024-05-24,SKU005,LA,460.18
2024-05-24,SKU005,CHI,408.36
2024-05-25,SKU001,NYC,554.53
2024-05-25,SKU001,LA,486.77
2024-05-25,SKU001,CHI,454.51
2024-05-25,SKU002,NYC,423.06
2024-05-25,SKU002,LA,326.80
2024-05-25,SKU002,CHI,247.46
2024-05-25,SKU003,NYC,683.00
2024-05-25,SKU003,LA,705.83
2024-05-25,SKU003,CHI,547.77
2024-05-25,SKU004,NYC,378.43
2024-05-25,SKU004,LA,356.06
2024-05-25,SKU004,CHI,263.58
2024-05-25,SKU005,NYC,760.07
2024-05-25,SKU005,LA,698.99
2024-05-25,SKU005,CHI,454.79
2024-05-26,SKU001,NYC,590.38
2024-05-26,SKU001,LA,453.35
2024-05-26,SKU001,CHI,427.23
2024-05-26,SKU002,NYC,417.37
2024-05-26,SKU002,LA,348.95
2024-05-26,SKU002,CHI,234.88
2024-05-26,SKU003,NYC,697.20
2024-05-26,SKU003,LA,789.42
2024-05-26,SKU003,CHI,537.09
2024-05-26,SKU004,NYC,404.73
2024-05-26,SKU004,LA,361.12
2024-05-26,SKU004,CHI,347.48
2024-05-26,SKU005,NYC,715.83
2024-05-26,SKU005,LA,718.88
2024-05-26,SKU005,CHI,429.50
2024-05-27,SKU001,NYC,466.65
2024-05-27,SKU001,LA,324.36
2024-05-27,SKU001,CHI,243.41
2024-05-27,SKU002,NYC,233.91
2024-05-27,SKU002,LA,176.01
2024-05-27,SKU002,CHI,164.92
2024-05-27,SKU003,NYC,486.88
2024-05-27,SKU003,LA,464.99
2024-05-27,SKU003,CHI,353.59
2024-05-27,SKU004,NYC,301.00
2024-05-27,SKU004,LA,264.77
2024-05-27,SKU004,CHI,226.64
2024-05-27,SKU005,NYC,490.59
2024-05-27,SKU005,LA,385.65
2024-05-27,SKU005,CHI,363.29
2024-05-28,SKU001,NYC,351.85
2024-05-28,SKU001,LA,260.64
2024-05-28,SKU001,CHI,225.56
2024-05-28,SKU002,NYC,307.14
2024-05-28,SKU002,LA,227.76
2024-05-28,SKU002,CHI,171.55
2024-05-28,SKU003,NYC,493.81
2024-05-28,SKU003,LA,498.80
2024-05-28,SKU003,CHI,354.42
2024-05-28,SKU004,NYC,242.14
2024-05-28,SKU004,LA,188.99
2024-05-28,SKU004,CHI,175.91
2024-05-28,SKU005,NYC,549.98
2024-05-28,SKU005,LA,358.24
2024-05-28,SKU005,CHI,297.76
2024-05-29,SKU001,NYC,429.19
2024-05-29,SKU001,LA,393.18
2024-05-29,SKU001,CHI,203.65
2024-05-29,SKU002,NYC,228.39
2024-05-29,SKU002,LA,208.30
2024-05-29,SKU002,CHI,160.58
2024-05-29,SKU003,NYC,515.57
2024-05-29,SKU003,LA,344.19
2024-05-29,SKU003,CHI,329.67
2024-05-29,SKU004,NYC,297.39
2024-05-29,SKU004,LA,212.37
2024-05-29,SKU004,CHI,205.67
2024-05-29,SKU005,NYC,464.61
2024-05-29,SKU005,LA,398.41
2024-05-29,SKU005,CHI,408.16
2024-05-30,SKU001,NYC,378.55
2024-05-30,SKU001,LA,440.97
2024-05-30,SKU001,CHI,246.75
2024-05-30,SKU002,NYC,295.54
2024-05-30,SKU002,LA,257.60
2024-05-30,SKU002,CHI,220.92
2024-05-30,SKU003,NYC,539.98
2024-05-30,SKU003,LA,570.79
2024-05-30,SKU003,CHI,465.44
2024-05-30,SKU004,NYC,384.08
2024-05-30,SKU004,LA,240.60
2024-05-30,SKU004,CHI,248.00
2024-05-30,SKU005,NYC,646.68
2024-05-30,SKU005,LA,492.44
2024-05-30,SKU005,CHI,483.03
2024-05-31,SKU001,NYC,452.77
2024-05-31,SKU001,LA,359.05
2024-05-31,SKU001,CHI,301.24
2024-05-31,SKU002,NYC,310.49
2024-05-31,SKU002,LA,260.42
2024-05-31,SKU002,CHI,216.48
2024-05-31,SKU003,NYC,612.54
2024-05-31,SKU003,LA,441.35
2024-05-31,SKU003,CHI,461.38
2024-05-31,SKU004,NYC,336.97
2024-05-31,SKU004,LA,290.13
2024-05-31,SKU004,CHI,236.88
2024-05-31,SKU005,NYC,602.23
2024-05-31,SKU005,LA,537.65
2024-05-31,SKU005,CHI,413.74
2024-06-01,SKU001,NYC,627.43
2024-06-01,SKU001,LA,567.45
2024-06-01,SKU001,CHI,418.64
2024-06-01,SKU002,NYC,406.78
2024-06-01,SKU002,LA,360.85
2024-06-01,SKU002,CHI,254.16
2024-06-01,SKU003,NYC,762.37
2024-06-01,SKU003,LA,732.16
2024-06-01,SKU003,CHI,527.95
2024-06-01,SKU004,NYC,420.79
2024-06-01,SKU004,LA,361.31
2024-06-01,SKU004,CHI,318.44
2024-06-01,SKU005,NYC,702.12
2024-06-01,SKU005,LA,703.61
2024-06-01,SKU005,CHI,459.24
2024-06-02,SKU001,NYC,597.77
2024-06-02,SKU001,LA,543.92
2024-06-02,SKU001,CHI,403.05
2024-06-02,SKU002,NYC,427.11
2024-06-02,SKU002,LA,333.38
2024-06-02,SKU002,CHI,302.13
2024-06-02,SKU003,NYC,837.69
2024-06-02,SKU003,LA,720.56
2024-06-02,SKU003,CHI,501.29
2024-06-02,SKU004,NYC,436.69
2024-06-02,SKU004,LA,376.49
2024-06-02,SKU004,CHI,288.60
2024-06-02,SKU005,NYC,694.54
2024-06-02,SKU005,LA,559.39
2024-06-02,SKU005,CHI,645.64
2024-06-03,SKU001,NYC,374.29
2024-06-03,SKU001,LA,319.87
2024-06-03,SKU001,CHI,284.21
2024-06-03,SKU002,NYC,264.01
2024-06-03,SKU002,LA,234.22
2024-06-03,SKU002,CHI,160.40
2024-06-03,SKU003,NYC,509.93
2024-06-03,SKU003,LA,437.68
2024-06-03,SKU003,CHI,345.10
2024-06-03,SKU004,NYC,251.66
2024-06-03,SKU004,LA,272.81
2024-06-03,SKU004,CHI,188.63
2024-06-03,SKU005,NYC,520.67
2024-06-03,SKU005,LA,401.82
2024-06-03,SKU005,CHI,356.40
2024-06-04,SKU001,NYC,381.93
2024-06-04,SKU001,LA,298.82
2024-06-04,SKU001,CHI,296.45
2024-06-04,SKU002,NYC,267.57
2024-06-04,SKU002,LA,202.02
2024-06-04,SKU002,CHI,168.99
2024-06-04,SKU003,NYC,534.82
2024-06-04,SKU003,LA,503.28
2024-06-04,SKU003,CHI,404.75
2024-06-04,SKU004,NYC,311.49
2024-06-04,SKU004,LA,191.30
2024-06-04,SKU004,CHI,176.65
2024-06-04,SKU005,NYC,541.55
2024-06-04,SKU005,LA,368.51
2024-06-04,SKU005,CHI,359.31
2024-06-05,SKU001,NYC,316.17
2024-06-05,SKU001,LA,365.75
2024-06-05,SKU001,CHI,250.50
2024-06-05,SKU002,NYC,249.72
2024-06-05,SKU002,LA,185.26
2024-06-05,SKU002,CHI,157.36
2024-06-05,SKU003,NYC,416.16
2024-06-05,SKU003,LA,447.29
2024-06-05,SKU003,CHI,347.90
2024-06-05,SKU004,NYC,314.86
2024-06-05,SKU004,LA,242.57
2024-06-05,SKU004,CHI,215.76
2024-06-05,SKU005,NYC,543.47
2024-06-05,SKU005,LA,449.47
2024-06-05,SKU005,CHI,358.85
2024-06-06,SKU001,NYC,424.25
2024-06-06,SKU001,LA,370.86
2024-06-06,SKU001,CHI,300.16
2024-06-06,SKU002,NYC,310.20
2024-06-06,SKU002,LA,206.21
2024-06-06,SKU002,CHI,229.58
2024-06-06,SKU003,NYC,563.46
2024-06-06,SKU003,LA,551.38
2024-06-06,SKU003,CHI,422.88
2024-06-06,SKU004,NYC,321.58
2024-06-06,SKU004,LA,329.02
2024-06-06,SKU004,CHI,242.85
2024-06-06,SKU005,NYC,575.28
2024-06-06,SKU005,LA,435.27
2024-06-06,SKU005,CHI,429.35
2024-06-07,SKU001,NYC,467.22
2024-06-07,SKU001,LA,365.48
2024-06-07,SKU001,CHI,331.26
2024-06-07,SKU002,NYC,339.15
2024-06-07,SKU002,LA,281.49
2024-06-07,SKU002,CHI,192.30
2024-06-07,SKU003,NYC,568.08
2024-06-07,SKU003,LA,538.16
2024-06-07,SKU003,CHI,412.80
2024-06-07,SKU004,NYC,343.02
2024-06-07,SKU004,LA,247.20
2024-06-07,SKU004,CHI,227.53
2024-06-07,SKU005,NYC,592.20
2024-06-07,SKU005,LA,491.39
2024-06-07,SKU005,CHI,375.08
2024-06-08,SKU001,NYC,591.89
2024-06-08,SKU001,LA,439.03
2024-06-08,SKU001,CHI,375.04
2024-06-08,SKU002,NYC,419.36
2024-06-08,SKU002,LA,336.25
2024-06-08,SKU002,CHI,284.17
2024-06-08,SKU003,NYC,785.64
2024-06-08,SKU003,LA,551.61
2024-06-08,SKU003,CHI,610.24
2024-06-08,SKU004,NYC,531.68
2024-06-08,SKU004,LA,335.89
2024-06-08,SKU004,CHI,316.00
2024-06-08,SKU005,NYC,827.10
2024-06-08,SKU005,LA,573.67
2024-06-08,SKU005,CHI,496.17
2024-06-09,SKU001,NYC,398.56
2024-06-09,SKU001,LA,540.94
2024-06-09,SKU001,CHI,367.97
2024-06-09,SKU002,NYC,412.98
2024-06-09,SKU002,LA,378.54
2024-06-09,SKU002,CHI,279.54
2024-06-09,SKU003,NYC,842.47
2024-06-09,SKU003,LA,738.62
2024-06-09,SKU003,CHI,503.17
2024-06-09,SKU004,NYC,442.10
2024-06-09,SKU004,LA,390.66
2024-06-09,SKU004,CHI,315.74
2024-06-09,SKU005,NYC,790.78
2024-06-09,SKU005,LA,652.49
2024-06-09,SKU005,CHI,616.31
2024-06-10,SKU001,NYC,406.38
2024-06-10,SKU001,LA,353.79
2024-06-10,SKU001,CHI,278.94
2024-06-10,SKU002,NYC,252.73
2024-06-10,SKU002,LA,211.59
2024-06-10,SKU002,CHI,177.20
2024-06-10,SKU003,NYC,509.55
2024-06-10,SKU003,LA,517.88
2024-06-10,SKU003,CHI,319.32
2024-06-10,SKU004,NYC,302.92
2024-06-10,SKU004,LA,232.20
2024-06-10,SKU004,CHI,175.59
2024-06-10,SKU005,NYC,528.69
2024-06-10,SKU005,LA,467.61
2024-06-10,SKU005,CHI,366.21
2024-06-11,SKU001,NYC,349.69
2024-06-11,SKU001,LA,288.45
2024-06-11,SKU001,CHI,259.12
2024-06-11,SKU002,NYC,242.04
2024-06-11,SKU002,LA,230.75
2024-06-11,SKU002,CHI,184.96
2024-06-11,SKU003,NYC,541.87
2024-06-11,SKU003,LA,428.24
2024-06-11,SKU003,CHI,248.81
2024-06-11,SKU004,NYC,289.39
2024-06-11,SKU004,LA,230.25
2024-06-11,SKU004,CHI,191.82
2024-06-11,SKU005,NYC,521.44
2024-06-11,SKU005,LA,349.96
2024-06-11,SKU005,CHI,330.23
2024-06-12,SKU001,NYC,402.33
2024-06-12,SKU001,LA,317.05
2024-06-12,SKU001,CHI,263.24
2024-06-12,SKU002,NYC,208.53
2024-06-12,SKU002,LA,230.84
2024-06-12,SKU002,CHI,171.14
2024-06-12,SKU003,NYC,516.78
2024-06-12,SKU003,LA,392.74
2024-06-12,SKU003,CHI,280.88
2024-06-12,SKU004,NYC,265.35
2024-06-12,SKU004,LA,268.64
2024-06-12,SKU004,CHI,219.83
2024-06-12,SKU005,NYC,455.32
2024-06-12,SKU005,LA,474.45
2024-06-12,SKU005,CHI,380.55
2024-06-13,SKU001,NYC,472.50
2024-06-13,SKU001,LA,298.17
2024-06-13,SKU001,CHI,268.71
2024-06-13,SKU002,NYC,260.56
2024-06-13,SKU002,LA,269.16
2024-06-13,SKU002,CHI,223.05
2024-06-13,SKU003,NYC,597.38
2024-06-13,SKU003,LA,605.60
2024-06-13,SKU003,CHI,405.51
2024-06-13,SKU004,NYC,352.61
2024-06-13,SKU004,LA,302.05
2024-06-13,SKU004,CHI,236.65
2024-06-13,SKU005,NYC,637.76
2024-06-13,SKU005,LA,491.29
2024-06-13,SKU005,CHI,382.74
2024-06-14,SKU001,NYC,415.42
2024-06-14,SKU001,LA,341.32
2024-06-14,SKU001,CHI,320.04
2024-06-14,SKU002,NYC,324.09
2024-06-14,SKU002,LA,198.15
2024-06-14,SKU002,CHI,192.25
2024-06-14,SKU003,NYC,695.36
2024-06-14,SKU003,LA,498.09
2024-06-14,SKU003,CHI,446.59
2024-06-14,SKU004,NYC,388.63
2024-06-14,SKU004,LA,279.78
2024-06-14,SKU004,CHI,197.13
2024-06-14,SKU005,NYC,692.50
2024-06-14,SKU005,LA,479.80
2024-06-14,SKU005,CHI,349.35
2024-06-15,SKU001,NYC,752.35
2024-06-15,SKU001,LA,524.07
2024-06-15,SKU001,CHI,416.47
2024-06-15,SKU002,NYC,399.75
2024-06-15,SKU002,LA,358.55
2024-06-15,SKU002,CHI,302.20
2024-06-15,SKU003,NYC,845.97
2024-06-15,SKU003,LA,780.47
2024-06-15,SKU003,CHI,533.50
2024-06-15,SKU004,NYC,513.98
2024-06-15,SKU004,LA,434.52
2024-06-15,SKU004,CHI,375.38
2024-06-15,SKU005,NYC,904.20
2024-06-15,SKU005,LA,824.23
2024-06-15,SKU005,CHI,556.87
2024-06-16,SKU001,NYC,579.56
2024-06-16,SKU001,LA,574.59
2024-06-16,SKU001,CHI,341.88
2024-06-16,SKU002,NYC,357.88
2024-06-16,SKU002,LA,313.68
2024-06-16,SKU002,CHI,243.78
2024-06-16,SKU003,NYC,951.92
2024-06-16,SKU003,LA,605.85
2024-06-16,SKU003,CHI,533.78
2024-06-16,SKU004,NYC,449.71
2024-06-16,SKU004,LA,417.79
2024-06-16,SKU004,CHI,274.61
2024-06-16,SKU005,NYC,680.95
2024-06-16,SKU005,LA,690.88
2024-06-16,SKU005,CHI,511.83
2024-06-17,SKU001,NYC,385.89
2024-06-17,SKU001,LA,291.85
2024-06-17,SKU001,CHI,245.32
2024-06-17,SKU002,NYC,233.39
2024-06-17,SKU002,LA,195.04
2024-06-17,SKU002,CHI,166.51
2024-06-17,SKU003,NYC,550.61
2024-06-17,SKU003,LA,385.85
2024-06-17,SKU003,CHI,379.46
2024-06-17,SKU004,NYC,339.11
2024-06-17,SKU004,LA,272.51
2024-06-17,SKU004,CHI,178.08
2024-06-17,SKU005,NYC,545.62
2024-06-17,SKU005,LA,507.31
2024-06-17,SKU005,CHI,357.60
2024-06-18,SKU001,NYC,360.84
2024-06-18,SKU001,LA,296.00
2024-06-18,SKU001,CHI,230.86
2024-06-18,SKU002,NYC,256.68
2024-06-18,SKU002,LA,237.76
2024-06-18,SKU002,CHI,167.71
2024-06-18,SKU003,NYC,598.25
2024-06-18,SKU003,LA,417.61
2024-06-18,SKU003,CHI,348.79
2024-06-18,SKU004,NYC,279.16
2024-06-18,SKU004,LA,235.82
2024-06-18,SKU004,CHI,233.45
2024-06-18,SKU005,NYC,500.83
2024-06-18,SKU005,LA,437.45
2024-06-18,SKU005,CHI,346.88
2024-06-19,SKU001,NYC,415.73
2024-06-19,SKU001,LA,387.53
2024-06-19,SKU001,CHI,280.13
2024-06-19,SKU002,NYC,243.66
2024-06-19,SKU002,LA,241.54
2024-06-19,SKU002,CHI,169.38
2024-06-19,SKU003,NYC,518.86
2024-06-19,SKU003,LA,498.49
2024-06-19,SKU003,CHI,357.26
2024-06-19,SKU004,NYC,306.26
2024-06-19,SKU004,LA,184.67
2024-06-19,SKU004,CHI,222.68
2024-06-19,SKU005,NYC,472.20
2024-06-19,SKU005,LA,406.47
2024-06-19,SKU005,CHI,334.17
2024-06-20,SKU001,NYC,464.95
2024-06-20,SKU001,LA,390.02
2024-06-20,SKU001,CHI,325.89
2024-06-20,SKU002,NYC,304.60
2024-06-20,SKU002,LA,243.19
2024-06-20,SKU002,CHI,210.22
2024-06-20,SKU003,NYC,583.36
2024-06-20,SKU003,LA,481.25
2024-06-20,SKU003,CHI,406.53
2024-06-20,SKU004,NYC,366.64
2024-06-20,SKU004,LA,226.52
2024-06-20,SKU004,CHI,227.08
2024-06-20,SKU005,NYC,575.39
2024-06-20,SKU005,LA,562.72
2024-06-20,SKU005,CHI,375.75
2024-06-21,SKU001,NYC,491.33
2024-06-21,SKU001,LA,377.54
2024-06-21,SKU001,CHI,283.16
2024-06-21,SKU002,NYC,284.52
2024-06-21,SKU002,LA,234.91
2024-06-21,SKU002,CHI,207.31
2024-06-21,SKU003,NYC,565.33
2024-06-21,SKU003,LA,475.13
2024-06-21,SKU003,CHI,411.24
2024-06-21,SKU004,NYC,394.20
2024-06-21,SKU004,LA,300.74
2024-06-21,SKU004,CHI,222.10
2024-06-21,SKU005,NYC,563.74
2024-06-21,SKU005,LA,497.15
2024-06-21,SKU005,CHI,423.51
2024-06-22,SKU001,NYC,690.44
2024-06-22,SKU001,LA,503.48
2024-06-22,SKU001,CHI,367.36
2024-06-22,SKU002,NYC,319.82
2024-06-22,SKU002,LA,272.80
2024-06-22,SKU002,CHI,297.76
2024-06-22,SKU003,NYC,885.98
2024-06-22,SKU003,LA,731.23
2024-06-22,SKU003,CHI,536.62
2024-06-22,SKU004,NYC,435.09
2024-06-22,SKU004,LA,381.00
2024-06-22,SKU004,CHI,315.73
2024-06-22,SKU005,NYC,752.88
2024-06-22,SKU005,LA,627.47
2024-06-22,SKU005,CHI,541.10
2024-06-23,SKU001,NYC,605.96
2024-06-23,SKU001,LA,519.62
2024-06-23,SKU001,CHI,413.79
2024-06-23,SKU002,NYC,410.99
2024-06-23,SKU002,LA,311.90
2024-06-23,SKU002,CHI,294.09
2024-06-23,SKU003,NYC,749.22
2024-06-23,SKU003,LA,639.36
2024-06-23,SKU003,CHI,548.66
2024-06-23,SKU004,NYC,476.28
2024-06-23,SKU004,LA,432.08
2024-06-23,SKU004,CHI,327.55
2024-06-23,SKU005,NYC,677.74
2024-06-23,SKU005,LA,705.74
2024-06-23,SKU005,CHI,478.52
2024-06-24,SKU001,NYC,419.37
2024-06-24,SKU001,LA,290.95
2024-06-24,SKU001,CHI,277.95
2024-06-24,SKU002,NYC,249.92
2024-06-24,SKU002,LA,258.17
2024-06-24,SKU002,CHI,141.21
2024-06-24,SKU003,NYC,538.19
2024-06-24,SKU003,LA,405.58
2024-06-24,SKU003,CHI,350.75
2024-06-24,SKU004,NYC,257.12
2024-06-24,SKU004,LA,248.86
2024-06-24,SKU004,CHI,213.22
2024-06-24,SKU005,NYC,463.24
2024-06-24,SKU005,LA,389.23
2024-06-24,SKU005,CHI,388.42
2024-06-25,SKU001,NYC,336.61
2024-06-25,SKU001,LA,291.08
2024-06-25,SKU001,CHI,223.94
2024-06-25,SKU002,NYC,288.99
2024-06-25,SKU002,LA,219.51
2024-06-25,SKU002,CHI,186.01
2024-06-25,SKU003,NYC,500.47
2024-06-25,SKU003,LA,463.79
2024-06-25,SKU003,CHI,349.40
2024-06-25,SKU004,NYC,319.66
2024-06-25,SKU004,LA,226.29
2024-06-25,SKU004,CHI,185.91
2024-06-25,SKU005,NYC,646.25
2024-06-25,SKU005,LA,452.93
2024-06-25,SKU005,CHI,351.92
2024-06-26,SKU001,NYC,444.65
2024-06-26,SKU001,LA,265.92
2024-06-26,SKU001,CHI,270.37
2024-06-26,SKU002,NYC,239.62
2024-06-26,SKU002,LA,227.54
2024-06-26,SKU002,CHI,157.22
2024-06-26,SKU003,NYC,576.89
2024-06-26,SKU003,LA,429.77
2024-06-26,SKU003,CHI,279.38
2024-06-26,SKU004,NYC,318.51
2024-06-26,SKU004,LA,259.43
2024-06-26,SKU004,CHI,201.95
2024-06-26,SKU005,NYC,575.45
2024-06-26,SKU005,LA,488.04
2024-06-26,SKU005,CHI,349.72
2024-06-27,SKU001,NYC,497.32
2024-06-27,SKU001,LA,442.76
2024-06-27,SKU001,CHI,277.43
2024-06-27,SKU002,NYC,271.26
2024-06-27,SKU002,LA,271.15
2024-06-27,SKU002,CHI,166.08
2024-06-27,SKU003,NYC,689.42
2024-06-27,SKU003,LA,518.42
2024-06-27,SKU003,CHI,421.19
2024-06-27,SKU004,NYC,337.08
2024-06-27,SKU004,LA,304.79
2024-06-27,SKU004,CHI,229.68
2024-06-27,SKU005,NYC,612.76
2024-06-27,SKU005,LA,500.63
2024-06-27,SKU005,CHI,497.09
2024-06-28,SKU001,NYC,504.79
2024-06-28,SKU001,LA,348.52
2024-06-28,SKU001,CHI,310.30
2024-06-28,SKU002,NYC,319.65
2024-06-28,SKU002,LA,237.57
2024-06-28,SKU002,CHI,215.41
2024-06-28,SKU003,NYC,608.03
2024-06-28,SKU003,LA,501.74
2024-06-28,SKU003,CHI,467.87
2024-06-28,SKU004,NYC,354.63
2024-06-28,SKU004,LA,306.90
2024-06-28,SKU004,CHI,267.72
2024-06-28,SKU005,NYC,649.64
2024-06-28,SKU005,LA,544.50
2024-06-28,SKU005,CHI,313.45
2024-06-29,SKU001,NYC,626.12
2024-06-29,SKU001,LA,482.11
2024-06-29,SKU001,CHI,304.60
2024-06-29,SKU002,NYC,368.01
2024-06-29,SKU002,LA,349.18
2024-06-29,SKU002,CHI,252.14
2024-06-29,SKU003,NYC,840.88
2024-06-29,SKU003,LA,642.51
2024-06-29,SKU003,CHI,543.00
2024-06-29,SKU004,NYC,442.74
2024-06-29,SKU004,LA,439.57
2024-06-29,SKU004,CHI,339.91
2024-06-29,SKU005,NYC,826.18
2024-06-29,SKU005,LA,704.72
2024-06-29,SKU005,CHI,450.15
2024-06-30,SKU001,NYC,616.18
2024-06-30,SKU001,LA,489.23
2024-06-30,SKU001,CHI,372.77
2024-06-30,SKU002,NYC,423.84
2024-06-30,SKU002,LA,320.34
2024-06-30,SKU002,CHI,316.42
2024-06-30,SKU003,NYC,832.05
2024-06-30,SKU003,LA,694.40
2024-06-30,SKU003,CHI,483.26
2024-06-30,SKU004,NYC,514.26
2024-06-30,SKU004,LA,389.39
2024-06-30,SKU004,CHI,322.27
2024-06-30,SKU005,NYC,824.97
2024-06-30,SKU005,LA,712.26
2024-06-30,SKU005,CHI,549.22
2024-07-01,SKU001,NYC,440.37
2024-07-01,SKU001,LA,371.14
2024-07-01,SKU001,CHI,275.96
2024-07-01,SKU002,NYC,230.57
2024-07-01,SKU002,LA,213.58
2024-07-01,SKU002,CHI,186.03
2024-07-01,SKU003,NYC,551.04
2024-07-01,SKU003,LA,468.70
2024-07-01,SKU003,CHI,360.08
2024-07-01,SKU004,NYC,344.50
2024-07-01,SKU004,LA,251.44
2024-07-01,SKU004,CHI,193.46
2024-07-01,SKU005,NYC,529.22
2024-07-01,SKU005,LA,443.14
2024-07-01,SKU005,CHI,292.25
2024-07-02,SKU001,NYC,406.07
2024-07-02,SKU001,LA,309.93
2024-07-02,SKU001,CHI,236.02
2024-07-02,SKU002,NYC,234.76
2024-07-02,SKU002,LA,211.28
2024-07-02,SKU002,CHI,129.71
2024-07-02,SKU003,NYC,518.67
2024-07-02,SKU003,LA,489.72
2024-07-02,SKU003,CHI,348.48
2024-07-02,SKU004,NYC,264.08
2024-07-02,SKU004,LA,226.99
2024-07-02,SKU004,CHI,201.17
2024-07-02,SKU005,NYC,442.91
2024-07-02,SKU005,LA,398.19
2024-07-02,SKU005,CHI,349.10
2024-07-03,SKU001,NYC,343.99
2024-07-03,SKU001,LA,324.13
2024-07-03,SKU001,CHI,265.88
2024-07-03,SKU002,NYC,244.15
2024-07-03,SKU002,LA,200.54
2024-07-03,SKU002,CHI,164.15
2024-07-03,SKU003,NYC,519.38
2024-07-03,SKU003,LA,509.86
2024-07-03,SKU003,CHI,331.10
2024-07-03,SKU004,NYC,317.92
2024-07-03,SKU004,LA,236.77
2024-07-03,SKU004,CHI,214.21
2024-07-03,SKU005,NYC,535.86
2024-07-03,SKU005,LA,451.60
2024-07-03,SKU005,CHI,308.65
2024-07-04,SKU001,NYC,631.12
2024-07-04,SKU001,LA,557.96
2024-07-04,SKU001,CHI,462.03
2024-07-04,SKU002,NYC,416.56
2024-07-04,SKU002,LA,279.55
2024-07-04,SKU002,CHI,253.15
2024-07-04,SKU003,NYC,773.28
2024-07-04,SKU003,LA,692.08
2024-07-04,SKU003,CHI,563.36
2024-07-04,SKU004,NYC,470.83
2024-07-04,SKU004,LA,427.51
2024-07-04,SKU004,CHI,274.59
2024-07-04,SKU005,NYC,824.40
2024-07-04,SKU005,LA,543.20
2024-07-04,SKU005,CHI,568.97
2024-07-05,SKU001,NYC,414.16
2024-07-05,SKU001,LA,392.98
2024-07-05,SKU001,CHI,377.87
2024-07-05,SKU002,NYC,331.96
2024-07-05,SKU002,LA,303.23
2024-07-05,SKU002,CHI,177.45
2024-07-05,SKU003,NYC,633.95
2024-07-05,SKU003,LA,550.16
2024-07-05,SKU003,CHI,385.44
2024-07-05,SKU004,NYC,365.12
2024-07-05,SKU004,LA,279.76
2024-07-05,SKU004,CHI,217.42
2024-07-05,SKU005,NYC,581.75
2024-07-05,SKU005,LA,496.42
2024-07-05,SKU005,CHI,372.22
2024-07-06,SKU001,NYC,594.86
2024-07-06,SKU001,LA,592.44
2024-07-06,SKU001,CHI,367.67
2024-07-06,SKU002,NYC,364.46
2024-07-06,SKU002,LA,338.68
2024-07-06,SKU002,CHI,288.76
2024-07-06,SKU003,NYC,1010.46
2024-07-06,SKU003,LA,803.85
2024-07-06,SKU003,CHI,705.32
2024-07-06,SKU004,NYC,510.33
2024-07-06,SKU004,LA,436.62
2024-07-06,SKU004,CHI,309.61
2024-07-06,SKU005,NYC,839.05
2024-07-06,SKU005,LA,700.25
2024-07-06,SKU005,CHI,612.35
2024-07-07,SKU001,NYC,662.16
2024-07-07,SKU001,LA,509.12
2024-07-07,SKU001,CHI,414.50
2024-07-07,SKU002,NYC,359.90
2024-07-07,SKU002,LA,315.64
2024-07-07,SKU002,CHI,253.14
2024-07-07,SKU003,NYC,931.68
2024-07-07,SKU003,LA,723.05
2024-07-07,SKU003,CHI,600.08
2024-07-07,SKU004,NYC,501.84
2024-07-07,SKU004,LA,323.11
2024-07-07,SKU004,CHI,315.32
2024-07-07,SKU005,NYC,962.36
2024-07-07,SKU005,LA,712.66
2024-07-07,SKU005,CHI,539.17
2024-07-08,SKU001,NYC,343.88
2024-07-08,SKU001,LA,407.36
2024-07-08,SKU001,CHI,291.26
2024-07-08,SKU002,NYC,287.31
2024-07-08,SKU002,LA,211.11
2024-07-08,SKU002,CHI,165.81
2024-07-08,SKU003,NYC,498.05
2024-07-08,SKU003,LA,450.48
2024-07-08,SKU003,CHI,336.95
2024-07-08,SKU004,NYC,348.50
2024-07-08,SKU004,LA,299.06
2024-07-08,SKU004,CHI,220.68
2024-07-08,SKU005,NYC,568.90
2024-07-08,SKU005,LA,439.26
2024-07-08,SKU005,CHI,366.18
2024-07-09,SKU001,NYC,363.45
2024-07-09,SKU001,LA,406.70
2024-07-09,SKU001,CHI,275.31
2024-07-09,SKU002,NYC,296.78
2024-07-09,SKU002,LA,184.62
2024-07-09,SKU002,CHI,192.67
2024-07-09,SKU003,NYC,589.51
2024-07-09,SKU003,LA,504.84
2024-07-09,SKU003,CHI,363.66
2024-07-09,SKU004,NYC,374.93
2024-07-09,SKU004,LA,265.04
2024-07-09,SKU004,CHI,204.49
2024-07-09,SKU005,NYC,567.90
2024-07-09,SKU005,LA,423.42
2024-07-09,SKU005,CHI,347.44
2024-07-10,SKU001,NYC,398.08
2024-07-10,SKU001,LA,239.10
2024-07-10,SKU001,CHI,279.07
2024-07-10,SKU002,NYC,292.76
2024-07-10,SKU002,LA,209.28
2024-07-10,SKU002,CHI,194.00
2024-07-10,SKU003,NYC,580.40
2024-07-10,SKU003,LA,510.44
2024-07-10,SKU003,CHI,337.25
2024-07-10,SKU004,NYC,366.94
2024-07-10,SKU004,LA,249.81
2024-07-10,SKU004,CHI,220.22
2024-07-10,SKU005,NYC,531.08
2024-07-10,SKU005,LA,363.68
2024-07-10,SKU005,CHI,334.44
2024-07-11,SKU001,NYC,484.24
2024-07-11,SKU001,LA,357.69
2024-07-11,SKU001,CHI,292.41
2024-07-11,SKU002,NYC,279.93
2024-07-11,SKU002,LA,236.25
2024-07-11,SKU002,CHI,174.13
2024-07-11,SKU003,NYC,566.81
2024-07-11,SKU003,LA,497.82
2024-07-11,SKU003,CHI,459.36
2024-07-11,SKU004,NYC,303.64
2024-07-11,SKU004,LA,303.90
2024-07-11,SKU004,CHI,286.21
2024-07-11,SKU005,NYC,593.55
2024-07-11,SKU005,LA,550.71
2024-07-11,SKU005,CHI,460.38
2024-07-12,SKU001,NYC,454.47
2024-07-12,SKU001,LA,509.58
2024-07-12,SKU001,CHI,296.31
2024-07-12,SKU002,NYC,353.58
2024-07-12,SKU002,LA,272.54
2024-07-12,SKU002,CHI,214.31
2024-07-12,SKU003,NYC,604.24
2024-07-12,SKU003,LA,574.31
2024-07-12,SKU003,CHI,385.20
2024-07-12,SKU004,NYC,378.02
2024-07-12,SKU004,LA,285.43
2024-07-12,SKU004,CHI,268.55
2024-07-12,SKU005,NYC,622.69
2024-07-12,SKU005,LA,549.09
2024-07-12,SKU005,CHI,444.14
2024-07-13,SKU001,NYC,555.55
2024-07-13,SKU001,LA,496.98
2024-07-13,SKU001,CHI,405.74
2024-07-13,SKU002,NYC,366.45
2024-07-13,SKU002,LA,334.02
2024-07-13,SKU002,CHI,282.49
2024-07-13,SKU003,NYC,900.98
2024-07-13,SKU003,LA,777.57
2024-07-13,SKU003,CHI,585.62
2024-07-13,SKU004,NYC,466.53
2024-07-13,SKU004,LA,362.72
2024-07-13,SKU004,CHI,377.15
2024-07-13,SKU005,NYC,696.02
2024-07-13,SKU005,LA,748.35
2024-07-13,SKU005,CHI,594.15
2024-07-14,SKU001,NYC,670.66
2024-07-14,SKU001,LA,629.41
2024-07-14,SKU001,CHI,427.37
2024-07-14,SKU002,NYC,432.42
2024-07-14,SKU002,LA,358.84
2024-07-14,SKU002,CHI,296.59
2024-07-14,SKU003,NYC,784.37
2024-07-14,SKU003,LA,802.03
2024-07-14,SKU003,CHI,548.84
2024-07-14,SKU004,NYC,398.91
2024-07-14,SKU004,LA,439.52
2024-07-14,SKU004,CHI,307.15
2024-07-14,SKU005,NYC,952.53
2024-07-14,SKU005,LA,721.14
2024-07-14,SKU005,CHI,588.48
2024-07-15,SKU001,NYC,384.12
2024-07-15,SKU001,LA,364.14
2024-07-15,SKU001,CHI,277.86
2024-07-15,SKU002,NYC,274.61
2024-07-15,SKU002,LA,225.06
2024-07-15,SKU002,CHI,177.13
2024-07-15,SKU003,NYC,496.24
2024-07-15,SKU003,LA,452.46
2024-07-15,SKU003,CHI,455.49
2024-07-15,SKU004,NYC,357.15
2024-07-15,SKU004,LA,273.30
2024-07-15,SKU004,CHI,179.85
2024-07-15,SKU005,NYC,554.70
2024-07-15,SKU005,LA,459.13
2024-07-15,SKU005,CHI,376.07
2024-07-16,SKU001,NYC,423.04
2024-07-16,SKU001,LA,368.34
2024-07-16,SKU001,CHI,266.46
2024-07-16,SKU002,NYC,250.03
2024-07-16,SKU002,LA,186.20
2024-07-16,SKU002,CHI,165.31
2024-07-16,SKU003,NYC,618.25
2024-07-16,SKU003,LA,563.27
2024-07-16,SKU003,CHI,393.96
2024-07-16,SKU004,NYC,308.58
2024-07-16,SKU004,LA,267.13
2024-07-16,SKU004,CHI,154.65
2024-07-16,SKU005,NYC,471.04
2024-07-16,SKU005,LA,396.44
2024-07-16,SKU005,CHI,323.62
2024-07-17,SKU001,NYC,413.72
2024-07-17,SKU001,LA,356.71
2024-07-17,SKU001,CHI,203.67
2024-07-17,SKU002,NYC,325.18
2024-07-17,SKU002,LA,249.27
2024-07-17,SKU002,CHI,195.66
2024-07-17,SKU003,NYC,511.51
2024-07-17,SKU003,LA,431.13
2024-07-17,SKU003,CHI,390.43
2024-07-17,SKU004,NYC,291.47
2024-07-17,SKU004,LA,294.29
2024-07-17,SKU004,CHI,220.55
2024-07-17,SKU005,NYC,549.92
2024-07-17,SKU005,LA,528.71
2024-07-17,SKU005,CHI,364.80
2024-07-18,SKU001,NYC,457.56
2024-07-18,SKU001,LA,350.57
2024-07-18,SKU001,CHI,288.45
2024-07-18,SKU002,NYC,380.84
2024-07-18,SKU002,LA,276.75
2024-07-18,SKU002,CHI,196.36
2024-07-18,SKU003,NYC,576.46
2024-07-18,SKU003,LA,573.14
2024-07-18,SKU003,CHI,404.26
2024-07-18,SKU004,NYC,339.56
2024-07-18,SKU004,LA,307.23
2024-07-18,SKU004,CHI,240.06
2024-07-18,SKU005,NYC,591.36
2024-07-18,SKU005,LA,559.95
2024-07-18,SKU005,CHI,406.81
2024-07-19,SKU001,NYC,520.70
2024-07-19,SKU001,LA,396.37
2024-07-19,SKU001,CHI,308.77
2024-07-19,SKU002,NYC,341.78
2024-07-19,SKU002,LA,276.46
2024-07-19,SKU002,CHI,223.78
2024-07-19,SKU003,NYC,744.87
2024-07-19,SKU003,LA,591.19
2024-07-19,SKU003,CHI,460.30
2024-07-19,SKU004,NYC,383.58
2024-07-19,SKU004,LA,292.98
2024-07-19,SKU004,CHI,252.20
2024-07-19,SKU005,NYC,758.49
2024-07-19,SKU005,LA,589.76
2024-07-19,SKU005,CHI,416.34
2024-07-20,SKU001,NYC,549.58
2024-07-20,SKU001,LA,510.50
2024-07-20,SKU001,CHI,373.39
2024-07-20,SKU002,NYC,461.49
2024-07-20,SKU002,LA,383.51
2024-07-20,SKU002,CHI,311.95
2024-07-20,SKU003,NYC,831.16
2024-07-20,SKU003,LA,579.62
2024-07-20,SKU003,CHI,508.58
2024-07-20,SKU004,NYC,498.48
2024-07-20,SKU004,LA,448.25
2024-07-20,SKU004,CHI,341.60
2024-07-20,SKU005,NYC,868.45
2024-07-20,SKU005,LA,724.41
2024-07-20,SKU005,CHI,591.66
2024-07-21,SKU001,NYC,748.51
2024-07-21,SKU001,LA,543.34
2024-07-21,SKU001,CHI,418.24
2024-07-21,SKU002,NYC,446.76
2024-07-21,SKU002,LA,298.56
2024-07-21,SKU002,CHI,280.47
2024-07-21,SKU003,NYC,763.51
2024-07-21,SKU003,LA,796.38
2024-07-21,SKU003,CHI,568.30
2024-07-21,SKU004,NYC,509.68
2024-07-21,SKU004,LA,356.23
2024-07-21,SKU004,CHI,399.19
2024-07-21,SKU005,NYC,794.97
2024-07-21,SKU005,LA,746.84
2024-07-21,SKU005,CHI,638.08
2024-07-22,SKU001,NYC,385.07
2024-07-22,SKU001,LA,342.08
2024-07-22,SKU001,CHI,271.51
2024-07-22,SKU002,NYC,289.63
2024-07-22,SKU002,LA,173.76
2024-07-22,SKU002,CHI,165.33
2024-07-22,SKU003,NYC,606.50
2024-07-22,SKU003,LA,504.54
2024-07-22,SKU003,CHI,380.48
2024-07-22,SKU004,NYC,336.83
2024-07-22,SKU004,LA,252.87
2024-07-22,SKU004,CHI,170.37
2024-07-22,SKU005,NYC,479.02
2024-07-22,SKU005,LA,533.81
2024-07-22,SKU005,CHI,343.68
2024-07-23,SKU001,NYC,351.82
2024-07-23,SKU001,LA,373.84
2024-07-23,SKU001,CHI,246.27
2024-07-23,SKU002,NYC,244.41
2024-07-23,SKU002,LA,237.29
2024-07-23,SKU002,CHI,167.38
2024-07-23,SKU003,NYC,641.29
2024-07-23,SKU003,LA,480.32
2024-07-23,SKU003,CHI,403.86
2024-07-23,SKU004,NYC,286.59
2024-07-23,SKU004,LA,272.75
2024-07-23,SKU004,CHI,232.18
2024-07-23,SKU005,NYC,517.07
2024-07-23,SKU005,LA,407.96
2024-07-23,SKU005,CHI,331.74
2024-07-24,SKU001,NYC,413.53
2024-07-24,SKU001,LA,430.52
2024-07-24,SKU001,CHI,220.48
2024-07-24,SKU002,NYC,248.44
2024-07-24,SKU002,LA,210.58
2024-07-24,SKU002,CHI,143.47
2024-07-24,SKU003,NYC,633.60
2024-07-24,SKU003,LA,497.68
2024-07-24,SKU003,CHI,344.65
2024-07-24,SKU004,NYC,313.69
2024-07-24,SKU004,LA,234.82
2024-07-24,SKU004,CHI,179.40
2024-07-24,SKU005,NYC,546.54
2024-07-24,SKU005,LA,515.71
2024-07-24,SKU005,CHI,389.17
2024-07-25,SKU001,NYC,432.75
2024-07-25,SKU001,LA,440.10
2024-07-25,SKU001,CHI,336.47
2024-07-25,SKU002,NYC,291.80
2024-07-25,SKU002,LA,318.39
2024-07-25,SKU002,CHI,183.66
2024-07-25,SKU003,NYC,762.16
2024-07-25,SKU003,LA,528.33
2024-07-25,SKU003,CHI,459.39
2024-07-25,SKU004,NYC,412.44
2024-07-25,SKU004,LA,287.29
2024-07-25,SKU004,CHI,238.15
2024-07-25,SKU005,NYC,642.46
2024-07-25,SKU005,LA,638.13
2024-07-25,SKU005,CHI,479.99
2024-07-26,SKU001,NYC,500.72
2024-07-26,SKU001,LA,436.05
2024-07-26,SKU001,CHI,313.91
2024-07-26,SKU002,NYC,325.05
2024-07-26,SKU002,LA,307.69
2024-07-26,SKU002,CHI,271.60
2024-07-26,SKU003,NYC,727.23
2024-07-26,SKU003,LA,516.09
2024-07-26,SKU003,CHI,470.86
2024-07-26,SKU004,NYC,294.04
2024-07-26,SKU004,LA,351.69
2024-07-26,SKU004,CHI,260.62
2024-07-26,SKU005,NYC,624.46
2024-07-26,SKU005,LA,590.87
2024-07-26,SKU005,CHI,398.32
2024-07-27,SKU001,NYC,576.66
2024-07-27,SKU001,LA,566.85
2024-07-27,SKU001,CHI,501.07
2024-07-27,SKU002,NYC,406.89
2024-07-27,SKU002,LA,338.26
2024-07-27,SKU002,CHI,267.35
2024-07-27,SKU003,NYC,870.29
2024-07-27,SKU003,LA,730.53
2024-07-27,SKU003,CHI,636.98
2024-07-27,SKU004,NYC,494.90
2024-07-27,SKU004,LA,396.37
2024-07-27,SKU004,CHI,308.37
2024-07-27,SKU005,NYC,930.06
2024-07-27,SKU005,LA,770.69
2024-07-27,SKU005,CHI,663.17
2024-07-28,SKU001,NYC,639.35
2024-07-28,SKU001,LA,505.47
2024-07-28,SKU001,CHI,477.46
2024-07-28,SKU002,NYC,451.16
2024-07-28,SKU002,LA,411.13
2024-07-28,SKU002,CHI,323.71
2024-07-28,SKU003,NYC,959.49
2024-07-28,SKU003,LA,762.23
2024-07-28,SKU003,CHI,594.20
2024-07-28,SKU004,NYC,556.16
2024-07-28,SKU004,LA,466.46
2024-07-28,SKU004,CHI,330.33
2024-07-28,SKU005,NYC,1015.06
2024-07-28,SKU005,LA,701.91
2024-07-28,SKU005,CHI,536.44
2024-07-29,SKU001,NYC,447.15
2024-07-29,SKU001,LA,339.55
2024-07-29,SKU001,CHI,288.85
2024-07-29,SKU002,NYC,293.94
2024-07-29,SKU002,LA,254.24
2024-07-29,SKU002,CHI,181.88
2024-07-29,SKU003,NYC,517.45
2024-07-29,SKU003,LA,474.69
2024-07-29,SKU003,CHI,494.51
2024-07-29,SKU004,NYC,366.76
2024-07-29,SKU004,LA,310.50
2024-07-29,SKU004,CHI,187.90
2024-07-29,SKU005,NYC,624.54
2024-07-29,SKU005,LA,485.34
2024-07-29,SKU005,CHI,400.03
2024-07-30,SKU001,NYC,350.74
2024-07-30,SKU001,LA,440.53
2024-07-30,SKU001,CHI,258.28
2024-07-30,SKU002,NYC,307.66
2024-07-30,SKU002,LA,253.70
2024-07-30,SKU002,CHI,212.73
2024-07-30,SKU003,NYC,661.32
2024-07-30,SKU003,LA,503.21
2024-07-30,SKU003,CHI,351.05
2024-07-30,SKU004,NYC,364.23
2024-07-30,SKU004,LA,302.47
2024-07-30,SKU004,CHI,217.75
2024-07-30,SKU005,NYC,607.99
2024-07-30,SKU005,LA,497.70
2024-07-30,SKU005,CHI,354.08
2024-07-31,SKU001,NYC,405.84
2024-07-31,SKU001,LA,370.69
2024-07-31,SKU001,CHI,327.66
2024-07-31,SKU002,NYC,269.72
2024-07-31,SKU002,LA,265.77
2024-07-31,SKU002,CHI,176.13
2024-07-31,SKU003,NYC,693.62
2024-07-31,SKU003,LA,479.00
2024-07-31,SKU003,CHI,419.64
2024-07-31,SKU004,NYC,329.42
2024-07-31,SKU004,LA,257.03
2024-07-31,SKU004,CHI,242.67
2024-07-31,SKU005,NYC,572.28
2024-07-31,SKU005,LA,458.98
2024-07-31,SKU005,CHI,456.75
2024-08-01,SKU001,NYC,499.65
2024-08-01,SKU001,LA,397.52
2024-08-01,SKU001,CHI,360.91
2024-08-01,SKU002,NYC,293.52
2024-08-01,SKU002,LA,311.12
2024-08-01,SKU002,CHI,246.11
2024-08-01,SKU003,NYC,752.98
2024-08-01,SKU003,LA,600.31
2024-08-01,SKU003,CHI,438.08
2024-08-01,SKU004,NYC,410.72
2024-08-01,SKU004,LA,368.35
2024-08-01,SKU004,CHI,266.55
2024-08-01,SKU005,NYC,579.34
2024-08-01,SKU005,LA,743.78
2024-08-01,SKU005,CHI,521.51
2024-08-02,SKU001,NYC,517.33
2024-08-02,SKU001,LA,483.22
2024-08-02,SKU001,CHI,371.37
2024-08-02,SKU002,NYC,317.88
2024-08-02,SKU002,LA,285.68
2024-08-02,SKU002,CHI,203.49
2024-08-02,SKU003,NYC,675.70
2024-08-02,SKU003,LA,556.99
2024-08-02,SKU003,CHI,519.89
2024-08-02,SKU004,NYC,403.15
2024-08-02,SKU004,LA,357.21
2024-08-02,SKU004,CHI,261.86
2024-08-02,SKU005,NYC,858.04
2024-08-02,SKU005,LA,569.72
2024-08-02,SKU005,CHI,435.57
2024-08-03,SKU001,NYC,606.23
2024-08-03,SKU001,LA,627.26
2024-08-03,SKU001,CHI,341.55
2024-08-03,SKU002,NYC,453.93
2024-08-03,SKU002,LA,356.37
2024-08-03,SKU002,CHI,316.42
2024-08-03,SKU003,NYC,817.44
2024-08-03,SKU003,LA,731.81
2024-08-03,SKU003,CHI,602.25
2024-08-03,SKU004,NYC,550.97
2024-08-03,SKU004,LA,463.90
2024-08-03,SKU004,CHI,395.98
2024-08-03,SKU005,NYC,905.64
2024-08-03,SKU005,LA,700.41
2024-08-03,SKU005,CHI,677.60
2024-08-04,SKU001,NYC,787.78
2024-08-04,SKU001,LA,574.85
2024-08-04,SKU001,CHI,427.17
2024-08-04,SKU002,NYC,478.80
2024-08-04,SKU002,LA,383.32
2024-08-04,SKU002,CHI,273.68
2024-08-04,SKU003,NYC,944.33
2024-08-04,SKU003,LA,750.51
2024-08-04,SKU003,CHI,567.15
2024-08-04,SKU004,NYC,639.86
2024-08-04,SKU004,LA,449.81
2024-08-04,SKU004,CHI,362.65
2024-08-04,SKU005,NYC,875.07
2024-08-04,SKU005,LA,791.24
2024-08-04,SKU005,CHI,575.29
2024-08-05,SKU001,NYC,474.21
2024-08-05,SKU001,LA,403.47
2024-08-05,SKU001,CHI,306.95
2024-08-05,SKU002,NYC,313.72
2024-08-05,SKU002,LA,252.34
2024-08-05,SKU002,CHI,193.00
2024-08-05,SKU003,NYC,619.73
2024-08-05,SKU003,LA,550.91
2024-08-05,SKU003,CHI,400.65
2024-08-05,SKU004,NYC,321.25
2024-08-05,SKU004,LA,226.08
2024-08-05,SKU004,CHI,252.74
2024-08-05,SKU005,NYC,565.88
2024-08-05,SKU005,LA,528.22
2024-08-05,SKU005,CHI,369.48
2024-08-06,SKU001,NYC,466.56
2024-08-06,SKU001,LA,381.26
2024-08-06,SKU001,CHI,261.39
2024-08-06,SKU002,NYC,345.72
2024-08-06,SKU002,LA,250.86
2024-08-06,SKU002,CHI,207.44
2024-08-06,SKU003,NYC,623.88
2024-08-06,SKU003,LA,473.35
2024-08-06,SKU003,CHI,393.79
2024-08-06,SKU004,NYC,403.06
2024-08-06,SKU004,LA,248.91
2024-08-06,SKU004,CHI,217.19
2024-08-06,SKU005,NYC,672.53
2024-08-06,SKU005,LA,431.30
2024-08-06,SKU005,CHI,351.56
2024-08-07,SKU001,NYC,422.68
2024-08-07,SKU001,LA,355.55
2024-08-07,SKU001,CHI,270.50
2024-08-07,SKU002,NYC,270.64
2024-08-07,SKU002,LA,238.36
2024-08-07,SKU002,CHI,221.93
2024-08-07,SKU003,NYC,550.30
2024-08-07,SKU003,LA,621.48
2024-08-07,SKU003,CHI,431.78
2024-08-07,SKU004,NYC,296.69
2024-08-07,SKU004,LA,303.65
2024-08-07,SKU004,CHI,226.05
2024-08-07,SKU005,NYC,625.23
2024-08-07,SKU005,LA,616.44
2024-08-07,SKU005,CHI,444.94
2024-08-08,SKU001,NYC,499.18
2024-08-08,SKU001,LA,422.64
2024-08-08,SKU001,CHI,308.17
2024-08-08,SKU002,NYC,353.10
2024-08-08,SKU002,LA,266.29
2024-08-08,SKU002,CHI,253.82
2024-08-08,SKU003,NYC,715.70
2024-08-08,SKU003,LA,684.03
2024-08-08,SKU003,CHI,403.33
2024-08-08,SKU004,NYC,375.43
2024-08-08,SKU004,LA,352.93
2024-08-08,SKU004,CHI,276.20
2024-08-08,SKU005,NYC,660.51
2024-08-08,SKU005,LA,534.33
2024-08-08,SKU005,CHI,522.29
2024-08-09,SKU001,NYC,467.76
2024-08-09,SKU001,LA,465.89
2024-08-09,SKU001,CHI,350.97
2024-08-09,SKU002,NYC,343.51
2024-08-09,SKU002,LA,273.76
2024-08-09,SKU002,CHI,277.50
2024-08-09,SKU003,NYC,689.23
2024-08-09,SKU003,LA,423.44
2024-08-09,SKU003,CHI,476.25
2024-08-09,SKU004,NYC,453.20
2024-08-09,SKU004,LA,338.08
2024-08-09,SKU004,CHI,262.38
2024-08-09,SKU005,NYC,845.83
2024-08-09,SKU005,LA,605.70
2024-08-09,SKU005,CHI,449.00
2024-08-10,SKU001,NYC,659.67
2024-08-10,SKU001,LA,562.89
2024-08-10,SKU001,CHI,471.36
2024-08-10,SKU002,NYC,521.40
2024-08-10,SKU002,LA,396.31
2024-08-10,SKU002,CHI,338.70
2024-08-10,SKU003,NYC,896.49
2024-08-10,SKU003,LA,859.02
2024-08-10,SKU003,CHI,516.43
2024-08-10,SKU004,NYC,465.03
2024-08-10,SKU004,LA,431.91
2024-08-10,SKU004,CHI,377.65
2024-08-10,SKU005,NYC,969.48
2024-08-10,SKU005,LA,751.17
2024-08-10,SKU005,CHI,546.92
2024-08-11,SKU001,NYC,733.30
2024-08-11,SKU001,LA,413.71
2024-08-11,SKU001,CHI,458.95
2024-08-11,SKU002,NYC,433.20
2024-08-11,SKU002,LA,395.51
2024-08-11,SKU002,CHI,304.99
2024-08-11,SKU003,NYC,1005.03
2024-08-11,SKU003,LA,841.50
2024-08-11,SKU003,CHI,720.15
2024-08-11,SKU004,NYC,587.68
2024-08-11,SKU004,LA,486.80
2024-08-11,SKU004,CHI,360.19
2024-08-11,SKU005,NYC,964.04
2024-08-11,SKU005,LA,916.73
2024-08-11,SKU005,CHI,628.15
2024-08-12,SKU001,NYC,442.39
2024-08-12,SKU001,LA,318.77
2024-08-12,SKU001,CHI,314.41
2024-08-12,SKU002,NYC,316.45
2024-08-12,SKU002,LA,282.38
2024-08-12,SKU002,CHI,193.92
2024-08-12,SKU003,NYC,569.73
2024-08-12,SKU003,LA,455.04
2024-08-12,SKU003,CHI,421.62
2024-08-12,SKU004,NYC,343.09
2024-08-12,SKU004,LA,305.57
2024-08-12,SKU004,CHI,241.93
2024-08-12,SKU005,NYC,681.60
2024-08-12,SKU005,LA,582.26
2024-08-12,SKU005,CHI,432.00
2024-08-13,SKU001,NYC,363.61
2024-08-13,SKU001,LA,359.48
2024-08-13,SKU001,CHI,329.35
2024-08-13,SKU002,NYC,277.63
2024-08-13,SKU002,LA,219.79
2024-08-13,SKU002,CHI,188.80
2024-08-13,SKU003,NYC,645.14
2024-08-13,SKU003,LA,501.70
2024-08-13,SKU003,CHI,398.81
2024-08-13,SKU004,NYC,307.12
2024-08-13,SKU004,LA,338.41
2024-08-13,SKU004,CHI,254.77
2024-08-13,SKU005,NYC,551.86
2024-08-13,SKU005,LA,392.90
2024-08-13,SKU005,CHI,421.97
2024-08-14,SKU001,NYC,422.68
2024-08-14,SKU001,LA,389.97
2024-08-14,SKU001,CHI,286.86
2024-08-14,SKU002,NYC,310.89
2024-08-14,SKU002,LA,262.41
2024-08-14,SKU002,CHI,164.82
2024-08-14,SKU003,NYC,632.64
2024-08-14,SKU003,LA,463.53
2024-08-14,SKU003,CHI,428.14
2024-08-14,SKU004,NYC,367.69
2024-08-14,SKU004,LA,287.29
2024-08-14,SKU004,CHI,252.87
2024-08-14,SKU005,NYC,673.84
2024-08-14,SKU005,LA,602.14
2024-08-14,SKU005,CHI,347.77
2024-08-15,SKU001,NYC,552.75
2024-08-15,SKU001,LA,493.12
2024-08-15,SKU001,CHI,374.06
2024-08-15,SKU002,NYC,350.50
2024-08-15,SKU002,LA,319.21
2024-08-15,SKU002,CHI,253.76
2024-08-15,SKU003,NYC,891.34
2024-08-15,SKU003,LA,709.63
2024-08-15,SKU003,CHI,390.54
2024-08-15,SKU004,NYC,409.49
2024-08-15,SKU004,LA,385.42
2024-08-15,SKU004,CHI,263.18
2024-08-15,SKU005,NYC,755.61
2024-08-15,SKU005,LA,634.36
2024-08-15,SKU005,CHI,423.99
2024-08-16,SKU001,NYC,421.48
2024-08-16,SKU001,LA,537.65
2024-08-16,SKU001,CHI,311.15
2024-08-16,SKU002,NYC,344.09
2024-08-16,SKU002,LA,315.07
2024-08-16,SKU002,CHI,255.37
2024-08-16,SKU003,NYC,712.77
2024-08-16,SKU003,LA,661.96
2024-08-16,SKU003,CHI,582.86
2024-08-16,SKU004,NYC,465.62
2024-08-16,SKU004,LA,317.94
2024-08-16,SKU004,CHI,275.72
2024-08-16,SKU005,NYC,722.20
2024-08-16,SKU005,LA,632.96
2024-08-16,SKU005,CHI,518.96
2024-08-17,SKU001,NYC,696.54
2024-08-17,SKU001,LA,623.94
2024-08-17,SKU001,CHI,449.02
2024-08-17,SKU002,NYC,475.26
2024-08-17,SKU002,LA,491.16
2024-08-17,SKU002,CHI,370.15
2024-08-17,SKU003,NYC,902.16
2024-08-17,SKU003,LA,652.99
2024-08-17,SKU003,CHI,588.22
2024-08-17,SKU004,NYC,612.59
2024-08-17,SKU004,LA,424.10
2024-08-17,SKU004,CHI,366.32
2024-08-17,SKU005,NYC,971.28
2024-08-17,SKU005,LA,880.09
2024-08-17,SKU005,CHI,633.43
2024-08-18,SKU001,NYC,675.54
2024-08-18,SKU001,LA,521.02
2024-08-18,SKU001,CHI,470.27
2024-08-18,SKU002,NYC,472.21
2024-08-18,SKU002,LA,400.97
2024-08-18,SKU002,CHI,329.69
2024-08-18,SKU003,NYC,929.66
2024-08-18,SKU003,LA,954.47
2024-08-18,SKU003,CHI,657.70
2024-08-18,SKU004,NYC,646.58
2024-08-18,SKU004,LA,401.30
2024-08-18,SKU004,CHI,338.59
2024-08-18,SKU005,NYC,857.32
2024-08-18,SKU005,LA,632.98
2024-08-18,SKU005,CHI,595.39
2024-08-19,SKU001,NYC,448.33
2024-08-19,SKU001,LA,348.54
2024-08-19,SKU001,CHI,340.28
2024-08-19,SKU002,NYC,332.19
2024-08-19,SKU002,LA,244.51
2024-08-19,SKU002,CHI,219.50
2024-08-19,SKU003,NYC,601.57
2024-08-19,SKU003,LA,544.65
2024-08-19,SKU003,CHI,379.45
2024-08-19,SKU004,NYC,321.61
2024-08-19,SKU004,LA,301.18
2024-08-19,SKU004,CHI,205.94
2024-08-19,SKU005,NYC,604.67
2024-08-19,SKU005,LA,625.94
2024-08-19,SKU005,CHI,483.16
2024-08-20,SKU001,NYC,479.04
2024-08-20,SKU001,LA,467.77
2024-08-20,SKU001,CHI,321.01
2024-08-20,SKU002,NYC,343.37
2024-08-20,SKU002,LA,270.47
2024-08-20,SKU002,CHI,208.09
2024-08-20,SKU003,NYC,577.46
2024-08-20,SKU003,LA,408.93
2024-08-20,SKU003,CHI,412.97
2024-08-20,SKU004,NYC,368.53
2024-08-20,SKU004,LA,299.65
2024-08-20,SKU004,CHI,224.12
2024-08-20,SKU005,NYC,686.27
2024-08-20,SKU005,LA,561.59
2024-08-20,SKU005,CHI,468.77
2024-08-21,SKU001,NYC,446.61
2024-08-21,SKU001,LA,448.11
2024-08-21,SKU001,CHI,311.10
2024-08-21,SKU002,NYC,365.06
2024-08-21,SKU002,LA,226.31
2024-08-21,SKU002,CHI,248.81
2024-08-21,SKU003,NYC,737.94
2024-08-21,SKU003,LA,527.82
2024-08-21,SKU003,CHI,424.53
2024-08-21,SKU004,NYC,363.13
2024-08-21,SKU004,LA,343.57
2024-08-21,SKU004,CHI,240.86
2024-08-21,SKU005,NYC,495.70
2024-08-21,SKU005,LA,544.04
2024-08-21,SKU005,CHI,481.62
2024-08-22,SKU001,NYC,550.35
2024-08-22,SKU001,LA,490.98
2024-08-22,SKU001,CHI,373.45
2024-08-22,SKU002,NYC,311.27
2024-08-22,SKU002,LA,341.38
2024-08-22,SKU002,CHI,234.61
2024-08-22,SKU003,NYC,913.07
2024-08-22,SKU003,LA,640.31
2024-08-22,SKU003,CHI,534.77
2024-08-22,SKU004,NYC,416.57
2024-08-22,SKU004,LA,332.00
2024-08-22,SKU004,CHI,285.77
2024-08-22,SKU005,NYC,766.23
2024-08-22,SKU005,LA,638.90
2024-08-22,SKU005,CHI,471.95
2024-08-23,SKU001,NYC,435.60
2024-08-23,SKU001,LA,466.89
2024-08-23,SKU001,CHI,325.04
2024-08-23,SKU002,NYC,404.31
2024-08-23,SKU002,LA,354.53
2024-08-23,SKU002,CHI,280.78
2024-08-23,SKU003,NYC,766.69
2024-08-23,SKU003,LA,628.05
2024-08-23,SKU003,CHI,489.83
2024-08-23,SKU004,NYC,445.29
2024-08-23,SKU004,LA,335.94
2024-08-23,SKU004,CHI,305.00
2024-08-23,SKU005,NYC,784.68
2024-08-23,SKU005,LA,662.47
2024-08-23,SKU005,CHI,483.89
2024-08-24,SKU001,NYC,722.76
2024-08-24,SKU001,LA,629.11
2024-08-24,SKU001,CHI,422.47
2024-08-24,SKU002,NYC,508.34
2024-08-24,SKU002,LA,470.05
2024-08-24,SKU002,CHI,335.09
2024-08-24,SKU003,NYC,1001.94
2024-08-24,SKU003,LA,768.12
2024-08-24,SKU003,CHI,683.23
2024-08-24,SKU004,NYC,468.31
2024-08-24,SKU004,LA,495.02
2024-08-24,SKU004,CHI,341.31
2024-08-24,SKU005,NYC,934.99
2024-08-24,SKU005,LA,692.55
2024-08-24,SKU005,CHI,707.10
2024-08-25,SKU001,NYC,793.76
2024-08-25,SKU001,LA,619.10
2024-08-25,SKU001,CHI,500.59
2024-08-25,SKU002,NYC,532.32
2024-08-25,SKU002,LA,477.97
2024-08-25,SKU002,CHI,314.35
2024-08-25,SKU003,NYC,1043.50
2024-08-25,SKU003,LA,870.60
2024-08-25,SKU003,CHI,704.12
2024-08-25,SKU004,NYC,514.26
2024-08-25,SKU004,LA,497.59
2024-08-25,SKU004,CHI,370.48
2024-08-25,SKU005,NYC,954.70
2024-08-25,SKU005,LA,813.76
2024-08-25,SKU005,CHI,571.13
2024-08-26,SKU001,NYC,526.25
2024-08-26,SKU001,LA,368.75
2024-08-26,SKU001,CHI,356.31
2024-08-26,SKU002,NYC,296.59
2024-08-26,SKU002,LA,302.65
2024-08-26,SKU002,CHI,207.71
2024-08-26,SKU003,NYC,636.55
2024-08-26,SKU003,LA,614.03
2024-08-26,SKU003,CHI,476.68
2024-08-26,SKU004,NYC,328.11
2024-08-26,SKU004,LA,298.56
2024-08-26,SKU004,CHI,233.44
2024-08-26,SKU005,NYC,626.74
2024-08-26,SKU005,LA,565.37
2024-08-26,SKU005,CHI,468.67
2024-08-27,SKU001,NYC,439.47
2024-08-27,SKU001,LA,381.58
2024-08-27,SKU001,CHI,363.35
2024-08-27,SKU002,NYC,375.02
2024-08-27,SKU002,LA,247.84
2024-08-27,SKU002,CHI,222.82
2024-08-27,SKU003,NYC,637.18
2024-08-27,SKU003,LA,535.60
2024-08-27,SKU003,CHI,524.70
2024-08-27,SKU004,NYC,357.96
2024-08-27,SKU004,LA,314.57
2024-08-27,SKU004,CHI,210.47
2024-08-27,SKU005,NYC,610.57
2024-08-27,SKU005,LA,570.47
2024-08-27,SKU005,CHI,456.61
2024-08-28,SKU001,NYC,481.94
2024-08-28,SKU001,LA,355.77
2024-08-28,SKU001,CHI,350.50
2024-08-28,SKU002,NYC,292.33
2024-08-28,SKU002,LA,239.80
2024-08-28,SKU002,CHI,235.87
2024-08-28,SKU003,NYC,649.69
2024-08-28,SKU003,LA,464.44
2024-08-28,SKU003,CHI,479.56
2024-08-28,SKU004,NYC,383.43
2024-08-28,SKU004,LA,352.96
2024-08-28,SKU004,CHI,218.92
2024-08-28,SKU005,NYC,673.75
2024-08-28,SKU005,LA,578.44
2024-08-28,SKU005,CHI,483.64
2024-08-29,SKU001,NYC,519.57
2024-08-29,SKU001,LA,533.00
2024-08-29,SKU001,CHI,405.20
2024-08-29,SKU002,NYC,424.64
2024-08-29,SKU002,LA,339.65
2024-08-29,SKU002,CHI,272.63
2024-08-29,SKU003,NYC,837.40
2024-08-29,SKU003,LA,549.31
2024-08-29,SKU003,CHI,504.80
2024-08-29,SKU004,NYC,493.80
2024-08-29,SKU004,LA,381.89
2024-08-29,SKU004,CHI,304.64
2024-08-29,SKU005,NYC,758.07
2024-08-29,SKU005,LA,688.22
2024-08-29,SKU005,CHI,450.60
2024-08-30,SKU001,NYC,606.17
2024-08-30,SKU001,LA,496.58
2024-08-30,SKU001,CHI,347.88
2024-08-30,SKU002,NYC,400.30
2024-08-30,SKU002,LA,312.88
2024-08-30,SKU002,CHI,249.47
2024-08-30,SKU003,NYC,812.53
2024-08-30,SKU003,LA,597.76
2024-08-30,SKU003,CHI,467.28
2024-08-30,SKU004,NYC,319.07
2024-08-30,SKU004,LA,366.90
2024-08-30,SKU004,CHI,304.14
2024-08-30,SKU005,NYC,818.08
2024-08-30,SKU005,LA,667.23
2024-08-30,SKU005,CHI,526.86
2024-08-31,SKU001,NYC,741.36
2024-08-31,SKU001,LA,635.51
2024-08-31,SKU001,CHI,492.19
2024-08-31,SKU002,NYC,466.89
2024-08-31,SKU002,LA,483.72
2024-08-31,SKU002,CHI,352.06
2024-08-31,SKU003,NYC,923.37
2024-08-31,SKU003,LA,928.04
2024-08-31,SKU003,CHI,725.44
2024-08-31,SKU004,NYC,608.45
2024-08-31,SKU004,LA,479.48
2024-08-31,SKU004,CHI,398.87
2024-08-31,SKU005,NYC,917.38
2024-08-31,SKU005,LA,764.46
2024-08-31,SKU005,CHI,784.83
2024-09-01,SKU001,NYC,758.52
2024-09-01,SKU001,LA,546.68
2024-09-01,SKU001,CHI,477.29
2024-09-01,SKU002,NYC,358.25
2024-09-01,SKU002,LA,398.00
2024-09-01,SKU002,CHI,384.38
2024-09-01,SKU003,NYC,1094.25
2024-09-01,SKU003,LA,782.44
2024-09-01,SKU003,CHI,691.77
2024-09-01,SKU004,NYC,633.10
2024-09-01,SKU004,LA,521.37
2024-09-01,SKU004,CHI,431.93
2024-09-01,SKU005,NYC,1143.15
2024-09-01,SKU005,LA,979.02
2024-09-01,SKU005,CHI,644.13
2024-09-02,SKU001,NYC,488.86
2024-09-02,SKU001,LA,345.49
2024-09-02,SKU001,CHI,324.80
2024-09-02,SKU002,NYC,369.26
2024-09-02,SKU002,LA,319.43
2024-09-02,SKU002,CHI,214.46
2024-09-02,SKU003,NYC,790.40
2024-09-02,SKU003,LA,634.86
2024-09-02,SKU003,CHI,476.11
2024-09-02,SKU004,NYC,424.77
2024-09-02,SKU004,LA,329.41
2024-09-02,SKU004,CHI,290.88
2024-09-02,SKU005,NYC,705.32
2024-09-02,SKU005,LA,619.74
2024-09-02,SKU005,CHI,460.63
2024-09-03,SKU001,NYC,502.83
2024-09-03,SKU001,LA,456.42
2024-09-03,SKU001,CHI,317.15
2024-09-03,SKU002,NYC,361.18
2024-09-03,SKU002,LA,244.73
2024-09-03,SKU002,CHI,220.32
2024-09-03,SKU003,NYC,625.21
2024-09-03,SKU003,LA,625.22
2024-09-03,SKU003,CHI,468.86
2024-09-03,SKU004,NYC,408.75
2024-09-03,SKU004,LA,319.55
2024-09-03,SKU004,CHI,276.30
2024-09-03,SKU005,NYC,649.15
2024-09-03,SKU005,LA,654.54
2024-09-03,SKU005,CHI,405.11
2024-09-04,SKU001,NYC,573.77
2024-09-04,SKU001,LA,428.96
2024-09-04,SKU001,CHI,304.22
2024-09-04,SKU002,NYC,387.62
2024-09-04,SKU002,LA,291.72
2024-09-04,SKU002,CHI,218.92
2024-09-04,SKU003,NYC,686.84
2024-09-04,SKU003,LA,601.79
2024-09-04,SKU003,CHI,515.34
2024-09-04,SKU004,NYC,419.43
2024-09-04,SKU004,LA,291.38
2024-09-04,SKU004,CHI,225.58
2024-09-04,SKU005,NYC,614.34
2024-09-04,SKU005,LA,661.78
2024-09-04,SKU005,CHI,471.68
2024-09-05,SKU001,NYC,503.66
2024-09-05,SKU001,LA,408.00
2024-09-05,SKU001,CHI,419.89
2024-09-05,SKU002,NYC,385.92
2024-09-05,SKU002,LA,355.29
2024-09-05,SKU002,CHI,273.25
2024-09-05,SKU003,NYC,872.18
2024-09-05,SKU003,LA,703.24
2024-09-05,SKU003,CHI,472.58
2024-09-05,SKU004,NYC,514.42
2024-09-05,SKU004,LA,417.60
2024-09-05,SKU004,CHI,333.83
2024-09-05,SKU005,NYC,816.28
2024-09-05,SKU005,LA,685.72
2024-09-05,SKU005,CHI,519.62
2024-09-06,SKU001,NYC,565.99
2024-09-06,SKU001,LA,518.48
2024-09-06,SKU001,CHI,379.72
2024-09-06,SKU002,NYC,443.93
2024-09-06,SKU002,LA,320.43
2024-09-06,SKU002,CHI,295.39
2024-09-06,SKU003,NYC,793.37
2024-09-06,SKU003,LA,611.14
2024-09-06,SKU003,CHI,622.76
2024-09-06,SKU004,NYC,445.21
2024-09-06,SKU004,LA,382.32
2024-09-06,SKU004,CHI,305.85
2024-09-06,SKU005,NYC,876.37
2024-09-06,SKU005,LA,788.24
2024-09-06,SKU005,CHI,586.55
2024-09-07,SKU001,NYC,734.42
2024-09-07,SKU001,LA,614.89
2024-09-07,SKU001,CHI,553.97
2024-09-07,SKU002,NYC,581.53
2024-09-07,SKU002,LA,400.73
2024-09-07,SKU002,CHI,298.60
2024-09-07,SKU003,NYC,1038.19
2024-09-07,SKU003,LA,939.20
2024-09-07,SKU003,CHI,731.38
2024-09-07,SKU004,NYC,666.07
2024-09-07,SKU004,LA,492.75
2024-09-07,SKU004,CHI,364.42
2024-09-07,SKU005,NYC,1062.13
2024-09-07,SKU005,LA,792.98
2024-09-07,SKU005,CHI,735.79
2024-09-08,SKU001,NYC,852.18
2024-09-08,SKU001,LA,660.00
2024-09-08,SKU001,CHI,502.80
2024-09-08,SKU002,NYC,592.58
2024-09-08,SKU002,LA,379.00
2024-09-08,SKU002,CHI,323.92
2024-09-08,SKU003,NYC,1398.21
2024-09-08,SKU003,LA,848.52
2024-09-08,SKU003,CHI,775.23
2024-09-08,SKU004,NYC,606.30
2024-09-08,SKU004,LA,420.05
2024-09-08,SKU004,CHI,412.00
2024-09-08,SKU005,NYC,1064.42
2024-09-08,SKU005,LA,853.17
2024-09-08,SKU005,CHI,755.38
2024-09-09,SKU001,NYC,495.43
2024-09-09,SKU001,LA,395.46
2024-09-09,SKU001,CHI,332.69
2024-09-09,SKU002,NYC,318.28
2024-09-09,SKU002,LA,348.25
2024-09-09,SKU002,CHI,216.87
2024-09-09,SKU003,NYC,751.05
2024-09-09,SKU003,LA,604.56
2024-09-09,SKU003,CHI,445.22
2024-09-09,SKU004,NYC,426.78
2024-09-09,SKU004,LA,326.73
2024-09-09,SKU004,CHI,287.09
2024-09-09,SKU005,NYC,598.44
2024-09-09,SKU005,LA,545.87
2024-09-09,SKU005,CHI,370.20
2024-09-10,SKU001,NYC,515.33
2024-09-10,SKU001,LA,442.29
2024-09-10,SKU001,CHI,290.56
2024-09-10,SKU002,NYC,316.32
2024-09-10,SKU002,LA,315.56
2024-09-10,SKU002,CHI,216.33
2024-09-10,SKU003,NYC,724.36
2024-09-10,SKU003,LA,657.73
2024-09-10,SKU003,CHI,478.28
2024-09-10,SKU004,NYC,444.26
2024-09-10,SKU004,LA,327.01
2024-09-10,SKU004,CHI,271.42
2024-09-10,SKU005,NYC,696.51
2024-09-10,SKU005,LA,592.75
2024-09-10,SKU005,CHI,466.94
2024-09-11,SKU001,NYC,514.74
2024-09-11,SKU001,LA,420.93
2024-09-11,SKU001,CHI,363.27
2024-09-11,SKU002,NYC,327.36
2024-09-11,SKU002,LA,307.07
2024-09-11,SKU002,CHI,223.96
2024-09-11,SKU003,NYC,734.67
2024-09-11,SKU003,LA,550.28
2024-09-11,SKU003,CHI,503.24
2024-09-11,SKU004,NYC,374.70
2024-09-11,SKU004,LA,314.11
2024-09-11,SKU004,CHI,306.66
2024-09-11,SKU005,NYC,682.09
2024-09-11,SKU005,LA,628.26
2024-09-11,SKU005,CHI,495.75
2024-09-12,SKU001,NYC,638.95
2024-09-12,SKU001,LA,571.58
2024-09-12,SKU001,CHI,442.31
2024-09-12,SKU002,NYC,346.39
2024-09-12,SKU002,LA,333.71
2024-09-12,SKU002,CHI,282.15
2024-09-12,SKU003,NYC,755.99
2024-09-12,SKU003,LA,680.03
2024-09-12,SKU003,CHI,550.30
2024-09-12,SKU004,NYC,419.36
2024-09-12,SKU004,LA,365.10
2024-09-12,SKU004,CHI,323.94
2024-09-12,SKU005,NYC,910.83
2024-09-12,SKU005,LA,659.89
2024-09-12,SKU005,CHI,597.79
2024-09-13,SKU001,NYC,639.21
2024-09-13,SKU001,LA,622.04
2024-09-13,SKU001,CHI,453.68
2024-09-13,SKU002,NYC,360.82
2024-09-13,SKU002,LA,418.48
2024-09-13,SKU002,CHI,258.73
2024-09-13,SKU003,NYC,786.96
2024-09-13,SKU003,LA,665.76
2024-09-13,SKU003,CHI,579.53
2024-09-13,SKU004,NYC,435.03
2024-09-13,SKU004,LA,363.91
2024-09-13,SKU004,CHI,341.03
2024-09-13,SKU005,NYC,770.78
2024-09-13,SKU005,LA,715.17
2024-09-13,SKU005,CHI,464.22
2024-09-14,SKU001,NYC,757.11
2024-09-14,SKU001,LA,682.30
2024-09-14,SKU001,CHI,534.72
2024-09-14,SKU002,NYC,579.56
2024-09-14,SKU002,LA,526.24
2024-09-14,SKU002,CHI,368.62
2024-09-14,SKU003,NYC,1129.84
2024-09-14,SKU003,LA,1070.08
2024-09-14,SKU003,CHI,834.88
2024-09-14,SKU004,NYC,648.58
2024-09-14,SKU004,LA,537.35
2024-09-14,SKU004,CHI,338.40
2024-09-14,SKU005,NYC,975.60
2024-09-14,SKU005,LA,938.01
2024-09-14,SKU005,CHI,820.59
2024-09-15,SKU001,NYC,688.63
2024-09-15,SKU001,LA,696.17
2024-09-15,SKU001,CHI,538.43
2024-09-15,SKU002,NYC,586.45
2024-09-15,SKU002,LA,474.55
2024-09-15,SKU002,CHI,359.14
2024-09-15,SKU003,NYC,1117.27
2024-09-15,SKU003,LA,849.67
2024-09-15,SKU003,CHI,862.70
2024-09-15,SKU004,NYC,628.33
2024-09-15,SKU004,LA,533.51
2024-09-15,SKU004,CHI,456.74
2024-09-15,SKU005,NYC,1143.18
2024-09-15,SKU005,LA,890.86
2024-09-15,SKU005,CHI,812.24
2024-09-16,SKU001,NYC,550.85
2024-09-16,SKU001,LA,465.95
2024-09-16,SKU001,CHI,364.15
2024-09-16,SKU002,NYC,295.84
2024-09-16,SKU002,LA,288.61
2024-09-16,SKU002,CHI,230.73
2024-09-16,SKU003,NYC,836.71
2024-09-16,SKU003,LA,631.36
2024-09-16,SKU003,CHI,546.99
2024-09-16,SKU004,NYC,333.90
2024-09-16,SKU004,LA,352.33
2024-09-16,SKU004,CHI,234.96
2024-09-16,SKU005,NYC,676.38
2024-09-16,SKU005,LA,585.81
2024-09-16,SKU005,CHI,510.49
2024-09-17,SKU001,NYC,515.32
2024-09-17,SKU001,LA,342.35
2024-09-17,SKU001,CHI,324.65
2024-09-17,SKU002,NYC,331.58
2024-09-17,SKU002,LA,327.56
2024-09-17,SKU002,CHI,250.29
2024-09-17,SKU003,NYC,710.09
2024-09-17,SKU003,LA,680.87
2024-09-17,SKU003,CHI,597.41
2024-09-17,SKU004,NYC,466.34
2024-09-17,SKU004,LA,321.78
2024-09-17,SKU004,CHI,224.48
2024-09-17,SKU005,NYC,719.91
2024-09-17,SKU005,LA,692.69
2024-09-17,SKU005,CHI,427.61
2024-09-18,SKU001,NYC,588.75
2024-09-18,SKU001,LA,480.01
2024-09-18,SKU001,CHI,315.14
2024-09-18,SKU002,NYC,365.36
2024-09-18,SKU002,LA,272.93
2024-09-18,SKU002,CHI,215.73
2024-09-18,SKU003,NYC,757.14
2024-09-18,SKU003,LA,525.90
2024-09-18,SKU003,CHI,537.44
2024-09-18,SKU004,NYC,476.72
2024-09-18,SKU004,LA,361.55
2024-09-18,SKU004,CHI,287.82
2024-09-18,SKU005,NYC,774.43
2024-09-18,SKU005,LA,625.72
2024-09-18,SKU005,CHI,489.45
2024-09-19,SKU001,NYC,678.03
2024-09-19,SKU001,LA,540.55
2024-09-19,SKU001,CHI,476.58
2024-09-19,SKU002,NYC,421.94
2024-09-19,SKU002,LA,364.46
2024-09-19,SKU002,CHI,310.39
2024-09-19,SKU003,NYC,919.42
2024-09-19,SKU003,LA,721.11
2024-09-19,SKU003,CHI,603.47
2024-09-19,SKU004,NYC,482.73
2024-09-19,SKU004,LA,434.84
2024-09-19,SKU004,CHI,357.12
2024-09-19,SKU005,NYC,821.94
2024-09-19,SKU005,LA,847.27
2024-09-19,SKU005,CHI,619.33
2024-09-20,SKU001,NYC,664.11
2024-09-20,SKU001,LA,556.27
2024-09-20,SKU001,CHI,516.55
2024-09-20,SKU002,NYC,378.49
2024-09-20,SKU002,LA,407.55
2024-09-20,SKU002,CHI,266.62
2024-09-20,SKU003,NYC,891.76
2024-09-20,SKU003,LA,668.53
2024-09-20,SKU003,CHI,566.59
2024-09-20,SKU004,NYC,523.15
2024-09-20,SKU004,LA,375.75
2024-09-20,SKU004,CHI,263.15
2024-09-20,SKU005,NYC,816.73
2024-09-20,SKU005,LA,586.61
2024-09-20,SKU005,CHI,475.07
2024-09-21,SKU001,NYC,1018.79
2024-09-21,SKU001,LA,756.98
2024-09-21,SKU001,CHI,684.26
2024-09-21,SKU002,NYC,645.14
2024-09-21,SKU002,LA,520.79
2024-09-21,SKU002,CHI,487.22
2024-09-21,SKU003,NYC,1475.64
2024-09-21,SKU003,LA,821.54
2024-09-21,SKU003,CHI,927.62
2024-09-21,SKU004,NYC,686.01
2024-09-21,SKU004,LA,638.06
2024-09-21,SKU004,CHI,602.40
2024-09-21,SKU005,NYC,1547.92
2024-09-21,SKU005,LA,1035.70
2024-09-21,SKU005,CHI,814.52
2024-09-22,SKU001,NYC,825.35
2024-09-22,SKU001,LA,724.49
2024-09-22,SKU001,CHI,638.87
2024-09-22,SKU002,NYC,538.62
2024-09-22,SKU002,LA,451.09
2024-09-22,SKU002,CHI,402.30
2024-09-22,SKU003,NYC,1242.40
2024-09-22,SKU003,LA,972.04
2024-09-22,SKU003,CHI,769.10
2024-09-22,SKU004,NYC,681.00
2024-09-22,SKU004,LA,481.67
2024-09-22,SKU004,CHI,488.33
2024-09-22,SKU005,NYC,1160.18
2024-09-22,SKU005,LA,1046.08
2024-09-22,SKU005,CHI,803.31
2024-09-23,SKU001,NYC,436.88
2024-09-23,SKU001,LA,411.91
2024-09-23,SKU001,CHI,359.26
2024-09-23,SKU002,NYC,328.60
2024-09-23,SKU002,LA,304.87
2024-09-23,SKU002,CHI,289.86
2024-09-23,SKU003,NYC,686.24
2024-09-23,SKU003,LA,692.73
2024-09-23,SKU003,CHI,404.06
2024-09-23,SKU004,NYC,380.22
2024-09-23,SKU004,LA,310.69
2024-09-23,SKU004,CHI,302.34
2024-09-23,SKU005,NYC,821.76
2024-09-23,SKU005,LA,518.34
2024-09-23,SKU005,CHI,457.82
2024-09-24,SKU001,NYC,467.72
2024-09-24,SKU001,LA,413.24
2024-09-24,SKU001,CHI,321.31
2024-09-24,SKU002,NYC,368.32
2024-09-24,SKU002,LA,261.86
2024-09-24,SKU002,CHI,249.84
2024-09-24,SKU003,NYC,623.43
2024-09-24,SKU003,LA,712.37
2024-09-24,SKU003,CHI,550.33
2024-09-24,SKU004,NYC,472.72
2024-09-24,SKU004,LA,405.07
2024-09-24,SKU004,CHI,249.08
2024-09-24,SKU005,NYC,717.84
2024-09-24,SKU005,LA,608.99
2024-09-24,SKU005,CHI,501.36
2024-09-25,SKU001,NYC,514.64
2024-09-25,SKU001,LA,448.95
2024-09-25,SKU001,CHI,382.39
2024-09-25,SKU002,NYC,294.54
2024-09-25,SKU002,LA,259.76
2024-09-25,SKU002,CHI,229.03
2024-09-25,SKU003,NYC,898.68
2024-09-25,SKU003,LA,523.19
2024-09-25,SKU003,CHI,538.40
2024-09-25,SKU004,NYC,415.87
2024-09-25,SKU004,LA,391.89
2024-09-25,SKU004,CHI,242.00
2024-09-25,SKU005,NYC,796.61
2024-09-25,SKU005,LA,755.60
2024-09-25,SKU005,CHI,524.90
2024-09-26,SKU001,NYC,589.77
2024-09-26,SKU001,LA,420.37
2024-09-26,SKU001,CHI,395.44
2024-09-26,SKU002,NYC,496.52
2024-09-26,SKU002,LA,382.95
2024-09-26,SKU002,CHI,329.58
2024-09-26,SKU003,NYC,937.34
2024-09-26,SKU003,LA,828.67
2024-09-26,SKU003,CHI,686.19
2024-09-26,SKU004,NYC,456.02
2024-09-26,SKU004,LA,434.04
2024-09-26,SKU004,CHI,375.51
2024-09-26,SKU005,NYC,832.20
2024-09-26,SKU005,LA,786.75
2024-09-26,SKU005,CHI,647.59
2024-09-27,SKU001,NYC,463.33
2024-09-27,SKU001,LA,483.92
2024-09-27,SKU001,CHI,449.33
2024-09-27,SKU002,NYC,500.49
2024-09-27,SKU002,LA,342.54
2024-09-27,SKU002,CHI,332.39
2024-09-27,SKU003,NYC,1036.82
2024-09-27,SKU003,LA,709.43
2024-09-27,SKU003,CHI,676.46
2024-09-27,SKU004,NYC,472.34
2024-09-27,SKU004,LA,394.26
2024-09-27,SKU004,CHI,303.01
2024-09-27,SKU005,NYC,1087.87
2024-09-27,SKU005,LA,781.39
2024-09-27,SKU005,CHI,611.65
2024-09-28,SKU001,NYC,870.55
2024-09-28,SKU001,LA,678.66
2024-09-28,SKU001,CHI,624.75
2024-09-28,SKU002,NYC,491.54
2024-09-28,SKU002,LA,363.59
2024-09-28,SKU002,CHI,424.28
2024-09-28,SKU003,NYC,1117.54
2024-09-28,SKU003,LA,983.52
2024-09-28,SKU003,CHI,812.97
2024-09-28,SKU004,NYC,703.81
2024-09-28,SKU004,LA,462.56
2024-09-28,SKU004,CHI,380.59
2024-09-28,SKU005,NYC,1313.50
2024-09-28,SKU005,LA,946.12
2024-09-28,SKU005,CHI,787.77
2024-09-29,SKU001,NYC,847.35
2024-09-29,SKU001,LA,695.98
2024-09-29,SKU001,CHI,506.83
2024-09-29,SKU002,NYC,554.56
2024-09-29,SKU002,LA,443.67
2024-09-29,SKU002,CHI,430.45
2024-09-29,SKU003,NYC,1288.07
2024-09-29,SKU003,LA,978.10
2024-09-29,SKU003,CHI,672.49
2024-09-29,SKU004,NYC,621.59
2024-09-29,SKU004,LA,641.78
2024-09-29,SKU004,CHI,493.59
2024-09-29,SKU005,NYC,1357.79
2024-09-29,SKU005,LA,889.36
2024-09-29,SKU005,CHI,828.45
2024-09-30,SKU001,NYC,523.59
2024-09-30,SKU001,LA,418.96
2024-09-30,SKU001,CHI,453.61
2024-09-30,SKU002,NYC,432.88
2024-09-30,SKU002,LA,358.13
2024-09-30,SKU002,CHI,257.45
2024-09-30,SKU003,NYC,717.44
2024-09-30,SKU003,LA,716.25
2024-09-30,SKU003,CHI,587.99
2024-09-30,SKU004,NYC,450.73
2024-09-30,SKU004,LA,294.92
2024-09-30,SKU004,CHI,283.65
2024-09-30,SKU005,NYC,960.06
2024-09-30,SKU005,LA,736.31
2024-09-30,SKU005,CHI,449.03
2024-10-01,SKU001,NYC,621.43
2024-10-01,SKU001,LA,545.37
2024-10-01,SKU001,CHI,438.22
2024-10-01,SKU002,NYC,381.64
2024-10-01,SKU002,LA,274.87
2024-10-01,SKU002,CHI,251.19
2024-10-01,SKU003,NYC,866.52
2024-10-01,SKU003,LA,630.38
2024-10-01,SKU003,CHI,560.02
2024-10-01,SKU004,NYC,440.01
2024-10-01,SKU004,LA,402.86
2024-10-01,SKU004,CHI,289.78
2024-10-01,SKU005,NYC,805.39
2024-10-01,SKU005,LA,689.12
2024-10-01,SKU005,CHI,555.89
2024-10-02,SKU001,NYC,648.97
2024-10-02,SKU001,LA,518.81
2024-10-02,SKU001,CHI,319.36
2024-10-02,SKU002,NYC,474.07
2024-10-02,SKU002,LA,331.37
2024-10-02,SKU002,CHI,249.15
2024-10-02,SKU003,NYC,822.94
2024-10-02,SKU003,LA,653.40
2024-10-02,SKU003,CHI,518.21
2024-10-02,SKU004,NYC,430.28
2024-10-02,SKU004,LA,357.95
2024-10-02,SKU004,CHI,293.97
2024-10-02,SKU005,NYC,772.63
2024-10-02,SKU005,LA,631.24
2024-10-02,SKU005,CHI,551.06
2024-10-03,SKU001,NYC,648.39
2024-10-03,SKU001,LA,538.82
2024-10-03,SKU001,CHI,410.21
2024-10-03,SKU002,NYC,428.16
2024-10-03,SKU002,LA,359.20
2024-10-03,SKU002,CHI,310.51
2024-10-03,SKU003,NYC,941.21
2024-10-03,SKU003,LA,735.93
2024-10-03,SKU003,CHI,630.91
2024-10-03,SKU004,NYC,531.73
2024-10-03,SKU004,LA,388.19
2024-10-03,SKU004,CHI,349.31
2024-10-03,SKU005,NYC,933.47
2024-10-03,SKU005,LA,833.03
2024-10-03,SKU005,CHI,614.40
2024-10-04,SKU001,NYC,609.47
2024-10-04,SKU001,LA,605.28
2024-10-04,SKU001,CHI,490.27
2024-10-04,SKU002,NYC,498.50
2024-10-04,SKU002,LA,335.76
2024-10-04,SKU002,CHI,279.98
2024-10-04,SKU003,NYC,903.86
2024-10-04,SKU003,LA,761.94
2024-10-04,SKU003,CHI,626.28
2024-10-04,SKU004,NYC,583.08
2024-10-04,SKU004,LA,386.60
2024-10-04,SKU004,CHI,386.01
2024-10-04,SKU005,NYC,758.00
2024-10-04,SKU005,LA,989.02
2024-10-04,SKU005,CHI,549.19
2024-10-05,SKU001,NYC,700.91
2024-10-05,SKU001,LA,673.19
2024-10-05,SKU001,CHI,687.64
2024-10-05,SKU002,NYC,634.98
2024-10-05,SKU002,LA,609.11
2024-10-05,SKU002,CHI,408.60
2024-10-05,SKU003,NYC,1200.82
2024-10-05,SKU003,LA,965.52
2024-10-05,SKU003,CHI,884.36
2024-10-05,SKU004,NYC,676.14
2024-10-05,SKU004,LA,546.86
2024-10-05,SKU004,CHI,462.03
2024-10-05,SKU005,NYC,1431.54
2024-10-05,SKU005,LA,1209.22
2024-10-05,SKU005,CHI,706.21
2024-10-06,SKU001,NYC,1055.04
2024-10-06,SKU001,LA,793.75
2024-10-06,SKU001,CHI,722.88
2024-10-06,SKU002,NYC,541.13
2024-10-06,SKU002,LA,528.62
2024-10-06,SKU002,CHI,436.80
2024-10-06,SKU003,NYC,1188.73
2024-10-06,SKU003,LA,1139.07
2024-10-06,SKU003,CHI,1100.29
2024-10-06,SKU004,NYC,773.93
2024-10-06,SKU004,LA,525.53
2024-10-06,SKU004,CHI,482.36
2024-10-06,SKU005,NYC,1279.40
2024-10-06,SKU005,LA,983.74
2024-10-06,SKU005,CHI,869.40
2024-10-07,SKU001,NYC,490.35
2024-10-07,SKU001,LA,532.27
2024-10-07,SKU001,CHI,425.31
2024-10-07,SKU002,NYC,386.58
2024-10-07,SKU002,LA,285.69
2024-10-07,SKU002,CHI,267.24
2024-10-07,SKU003,NYC,899.90
2024-10-07,SKU003,LA,674.40
2024-10-07,SKU003,CHI,569.17
2024-10-07,SKU004,NYC,497.00
2024-10-07,SKU004,LA,412.68
2024-10-07,SKU004,CHI,277.02
2024-10-07,SKU005,NYC,778.57
2024-10-07,SKU005,LA,766.27
2024-10-07,SKU005,CHI,539.70
2024-10-08,SKU001,NYC,554.03
2024-10-08,SKU001,LA,477.69
2024-10-08,SKU001,CHI,387.13
2024-10-08,SKU002,NYC,414.07
2024-10-08,SKU002,LA,306.55
2024-10-08,SKU002,CHI,308.21
2024-10-08,SKU003,NYC,865.05
2024-10-08,SKU003,LA,635.98
2024-10-08,SKU003,CHI,568.50
2024-10-08,SKU004,NYC,500.01
2024-10-08,SKU004,LA,391.05
2024-10-08,SKU004,CHI,278.41
2024-10-08,SKU005,NYC,679.45
2024-10-08,SKU005,LA,615.90
2024-10-08,SKU005,CHI,587.31
2024-10-09,SKU001,NYC,707.24
2024-10-09,SKU001,LA,446.23
2024-10-09,SKU001,CHI,391.91
2024-10-09,SKU002,NYC,347.81
2024-10-09,SKU002,LA,255.73
2024-10-09,SKU002,CHI,257.84
2024-10-09,SKU003,NYC,967.56
2024-10-09,SKU003,LA,749.37
2024-10-09,SKU003,CHI,479.21
2024-10-09,SKU004,NYC,383.29
2024-10-09,SKU004,LA,418.83
2024-10-09,SKU004,CHI,278.30
2024-10-09,SKU005,NYC,841.87
2024-10-09,SKU005,LA,658.45
2024-10-09,SKU005,CHI,572.49
2024-10-10,SKU001,NYC,778.41
2024-10-10,SKU001,LA,617.83
2024-10-10,SKU001,CHI,461.34
2024-10-10,SKU002,NYC,392.85
2024-10-10,SKU002,LA,369.86
2024-10-10,SKU002,CHI,260.10
2024-10-10,SKU003,NYC,986.59
2024-10-10,SKU003,LA,768.28
2024-10-10,SKU003,CHI,622.44
2024-10-10,SKU004,NYC,447.35
2024-10-10,SKU004,LA,485.22
2024-10-10,SKU004,CHI,389.62
2024-10-10,SKU005,NYC,887.63
2024-10-10,SKU005,LA,923.73
2024-10-10,SKU005,CHI,560.82
2024-10-11,SKU001,NYC,748.73
2024-10-11,SKU001,LA,664.26
2024-10-11,SKU001,CHI,463.16
2024-10-11,SKU002,NYC,477.66
2024-10-11,SKU002,LA,398.01
2024-10-11,SKU002,CHI,362.99
2024-10-11,SKU003,NYC,1002.35
2024-10-11,SKU003,LA,813.83
2024-10-11,SKU003,CHI,673.94
2024-10-11,SKU004,NYC,469.20
2024-10-11,SKU004,LA,440.25
2024-10-11,SKU004,CHI,322.19
2024-10-11,SKU005,NYC,844.67
2024-10-11,SKU005,LA,576.45
2024-10-11,SKU005,CHI,554.81
2024-10-12,SKU001,NYC,956.87
2024-10-12,SKU001,LA,615.86
2024-10-12,SKU001,CHI,693.39
2024-10-12,SKU002,NYC,615.36
2024-10-12,SKU002,LA,559.82
2024-10-12,SKU002,CHI,410.86
2024-10-12,SKU003,NYC,1210.67
2024-10-12,SKU003,LA,1094.76
2024-10-12,SKU003,CHI,775.80
2024-10-12,SKU004,NYC,791.52
2024-10-12,SKU004,LA,587.49
2024-10-12,SKU004,CHI,546.75
2024-10-12,SKU005,NYC,1399.64
2024-10-12,SKU005,LA,1126.73
2024-10-12,SKU005,CHI,959.23
2024-10-13,SKU001,NYC,894.08
2024-10-13,SKU001,LA,806.11
2024-10-13,SKU001,CHI,705.30
2024-10-13,SKU002,NYC,607.66
2024-10-13,SKU002,LA,505.43
2024-10-13,SKU002,CHI,402.19
2024-10-13,SKU003,NYC,1090.06
2024-10-13,SKU003,LA,1348.93
2024-10-13,SKU003,CHI,978.34
2024-10-13,SKU004,NYC,664.94
2024-10-13,SKU004,LA,560.89
2024-10-13,SKU004,CHI,486.06
2024-10-13,SKU005,NYC,1448.02
2024-10-13,SKU005,LA,1136.16
2024-10-13,SKU005,CHI,884.77
2024-10-14,SKU001,NYC,594.51
2024-10-14,SKU001,LA,462.50
2024-10-14,SKU001,CHI,386.98
2024-10-14,SKU002,NYC,366.24
2024-10-14,SKU002,LA,356.97
2024-10-14,SKU002,CHI,261.56
2024-10-14,SKU003,NYC,831.17
2024-10-14,SKU003,LA,601.77
2024-10-14,SKU003,CHI,510.78
2024-10-14,SKU004,NYC,457.90
2024-10-14,SKU004,LA,427.02
2024-10-14,SKU004,CHI,289.30
2024-10-14,SKU005,NYC,797.16
2024-10-14,SKU005,LA,688.78
2024-10-14,SKU005,CHI,557.79
2024-10-15,SKU001,NYC,675.47
2024-10-15,SKU001,LA,594.22
2024-10-15,SKU001,CHI,439.08
2024-10-15,SKU002,NYC,411.81
2024-10-15,SKU002,LA,380.87
2024-10-15,SKU002,CHI,276.62
2024-10-15,SKU003,NYC,831.85
2024-10-15,SKU003,LA,603.24
2024-10-15,SKU003,CHI,417.05
2024-10-15,SKU004,NYC,432.13
2024-10-15,SKU004,LA,339.27
2024-10-15,SKU004,CHI,282.68
2024-10-15,SKU005,NYC,774.34
2024-10-15,SKU005,LA,700.98
2024-10-15,SKU005,CHI,642.70
2024-10-16,SKU001,NYC,699.82
2024-10-16,SKU001,LA,463.47
2024-10-16,SKU001,CHI,461.72
2024-10-16,SKU002,NYC,347.92
2024-10-16,SKU002,LA,333.69
2024-10-16,SKU002,CHI,256.61
2024-10-16,SKU003,NYC,795.51
2024-10-16,SKU003,LA,624.15
2024-10-16,SKU003,CHI,588.58
2024-10-16,SKU004,NYC,384.83
2024-10-16,SKU004,LA,407.73
2024-10-16,SKU004,CHI,352.33
2024-10-16,SKU005,NYC,779.75
2024-10-16,SKU005,LA,644.51
2024-10-16,SKU005,CHI,584.27
2024-10-17,SKU001,NYC,783.82
2024-10-17,SKU001,LA,713.05
2024-10-17,SKU001,CHI,439.87
2024-10-17,SKU002,NYC,505.52
2024-10-17,SKU002,LA,421.01
2024-10-17,SKU002,CHI,370.09
2024-10-17,SKU003,NYC,992.17
2024-10-17,SKU003,LA,821.40
2024-10-17,SKU003,CHI,629.82
2024-10-17,SKU004,NYC,522.04
2024-10-17,SKU004,LA,481.84
2024-10-17,SKU004,CHI,274.71
2024-10-17,SKU005,NYC,1130.94
2024-10-17,SKU005,LA,879.91
2024-10-17,SKU005,CHI,744.40
2024-10-18,SKU001,NYC,706.64
2024-10-18,SKU001,LA,542.60
2024-10-18,SKU001,CHI,470.94
2024-10-18,SKU002,NYC,519.14
2024-10-18,SKU002,LA,444.94
2024-10-18,SKU002,CHI,352.51
2024-10-18,SKU003,NYC,947.96
2024-10-18,SKU003,LA,831.05
2024-10-18,SKU003,CHI,634.36
2024-10-18,SKU004,NYC,577.86
2024-10-18,SKU004,LA,426.15
2024-10-18,SKU004,CHI,330.77
2024-10-18,SKU005,NYC,950.63
2024-10-18,SKU005,LA,837.33
2024-10-18,SKU005,CHI,551.57
2024-10-19,SKU001,NYC,800.89
2024-10-19,SKU001,LA,759.76
2024-10-19,SKU001,CHI,716.86
2024-10-19,SKU002,NYC,626.18
2024-10-19,SKU002,LA,483.37
2024-10-19,SKU002,CHI,349.81
2024-10-19,SKU003,NYC,1178.44
2024-10-19,SKU003,LA,1221.05
2024-10-19,SKU003,CHI,973.51
2024-10-19,SKU004,NYC,650.43
2024-10-19,SKU004,LA,669.66
2024-10-19,SKU004,CHI,421.60
2024-10-19,SKU005,NYC,1148.40
2024-10-19,SKU005,LA,1205.18
2024-10-19,SKU005,CHI,826.83
2024-10-20,SKU001,NYC,1034.32
2024-10-20,SKU001,LA,900.50
2024-10-20,SKU001,CHI,651.48
2024-10-20,SKU002,NYC,694.43
2024-10-20,SKU002,LA,620.99
2024-10-20,SKU002,CHI,449.80
2024-10-20,SKU003,NYC,1516.47
2024-10-20,SKU003,LA,1153.00
2024-10-20,SKU003,CHI,824.94
2024-10-20,SKU004,NYC,760.65
2024-10-20,SKU004,LA,670.65
2024-10-20,SKU004,CHI,436.04
2024-10-20,SKU005,NYC,1348.66
2024-10-20,SKU005,LA,1227.55
2024-10-20,SKU005,CHI,1004.42
2024-10-21,SKU001,NYC,588.77
2024-10-21,SKU001,LA,494.63
2024-10-21,SKU001,CHI,414.90
2024-10-21,SKU002,NYC,513.43
2024-10-21,SKU002,LA,320.52
2024-10-21,SKU002,CHI,233.52
2024-10-21,SKU003,NYC,954.16
2024-10-21,SKU003,LA,617.63
2024-10-21,SKU003,CHI,597.65
2024-10-21,SKU004,NYC,445.75
2024-10-21,SKU004,LA,442.39
2024-10-21,SKU004,CHI,302.31
2024-10-21,SKU005,NYC,955.68
2024-10-21,SKU005,LA,665.49
2024-10-21,SKU005,CHI,622.74
2024-10-22,SKU001,NYC,659.46
2024-10-22,SKU001,LA,512.42
2024-10-22,SKU001,CHI,476.94
2024-10-22,SKU002,NYC,436.39
2024-10-22,SKU002,LA,333.38
2024-10-22,SKU002,CHI,278.81
2024-10-22,SKU003,NYC,730.93
2024-10-22,SKU003,LA,766.17
2024-10-22,SKU003,CHI,564.88
2024-10-22,SKU004,NYC,521.38
2024-10-22,SKU004,LA,384.01
2024-10-22,SKU004,CHI,337.03
2024-10-22,SKU005,NYC,856.65
2024-10-22,SKU005,LA,770.80
2024-10-22,SKU005,CHI,564.45
2024-10-23,SKU001,NYC,603.87
2024-10-23,SKU001,LA,474.69
2024-10-23,SKU001,CHI,366.30
2024-10-23,SKU002,NYC,375.19
2024-10-23,SKU002,LA,400.62
2024-10-23,SKU002,CHI,309.43
2024-10-23,SKU003,NYC,911.27
2024-10-23,SKU003,LA,714.60
2024-10-23,SKU003,CHI,568.22
2024-10-23,SKU004,NYC,433.88
2024-10-23,SKU004,LA,455.37
2024-10-23,SKU004,CHI,326.32
2024-10-23,SKU005,NYC,654.03
2024-10-23,SKU005,LA,703.63
2024-10-23,SKU005,CHI,650.64
2024-10-24,SKU001,NYC,706.52
2024-10-24,SKU001,LA,666.84
2024-10-24,SKU001,CHI,494.79
2024-10-24,SKU002,NYC,415.93
2024-10-24,SKU002,LA,412.76
2024-10-24,SKU002,CHI,336.97
2024-10-24,SKU003,NYC,964.95
2024-10-24,SKU003,LA,900.18
2024-10-24,SKU003,CHI,777.67
2024-10-24,SKU004,NYC,626.43
2024-10-24,SKU004,LA,518.87
2024-10-24,SKU004,CHI,327.21
2024-10-24,SKU005,NYC,1016.97
2024-10-24,SKU005,LA,893.70
2024-10-24,SKU005,CHI,669.93
2024-10-25,SKU001,NYC,653.90
2024-10-25,SKU001,LA,623.56
2024-10-25,SKU001,CHI,549.37
2024-10-25,SKU002,NYC,508.56
2024-10-25,SKU002,LA,394.18
2024-10-25,SKU002,CHI,285.98
2024-10-25,SKU003,NYC,1030.44
2024-10-25,SKU003,LA,885.27
2024-10-25,SKU003,CHI,714.26
2024-10-25,SKU004,NYC,533.43
2024-10-25,SKU004,LA,457.24
2024-10-25,SKU004,CHI,408.98
2024-10-25,SKU005,NYC,943.11
2024-10-25,SKU005,LA,881.07
2024-10-25,SKU005,CHI,671.95
2024-10-26,SKU001,NYC,1204.04
2024-10-26,SKU001,LA,950.74
2024-10-26,SKU001,CHI,697.39
2024-10-26,SKU002,NYC,875.80
2024-10-26,SKU002,LA,563.12
2024-10-26,SKU002,CHI,414.54
2024-10-26,SKU003,NYC,1665.50
2024-10-26,SKU003,LA,1250.23
2024-10-26,SKU003,CHI,1066.59
2024-10-26,SKU004,NYC,731.60
2024-10-26,SKU004,LA,803.24
2024-10-26,SKU004,CHI,734.67
2024-10-26,SKU005,NYC,1729.95
2024-10-26,SKU005,LA,1319.14
2024-10-26,SKU005,CHI,1283.21
2024-10-27,SKU001,NYC,920.72
2024-10-27,SKU001,LA,695.70
2024-10-27,SKU001,CHI,766.14
2024-10-27,SKU002,NYC,742.39
2024-10-27,SKU002,LA,539.34
2024-10-27,SKU002,CHI,417.38
2024-10-27,SKU003,NYC,1262.18
2024-10-27,SKU003,LA,1226.37
2024-10-27,SKU003,CHI,738.10
2024-10-27,SKU004,NYC,621.27
2024-10-27,SKU004,LA,677.06
2024-10-27,SKU004,CHI,539.89
2024-10-27,SKU005,NYC,1302.59
2024-10-27,SKU005,LA,1131.24
2024-10-27,SKU005,CHI,894.38
2024-10-28,SKU001,NYC,600.11
2024-10-28,SKU001,LA,486.34
2024-10-28,SKU001,CHI,427.01
2024-10-28,SKU002,NYC,477.28
2024-10-28,SKU002,LA,400.61
2024-10-28,SKU002,CHI,226.42
2024-10-28,SKU003,NYC,858.16
2024-10-28,SKU003,LA,714.01
2024-10-28,SKU003,CHI,620.38
2024-10-28,SKU004,NYC,514.43
2024-10-28,SKU004,LA,432.51
2024-10-28,SKU004,CHI,345.40
2024-10-28,SKU005,NYC,735.07
2024-10-28,SKU005,LA,714.70
2024-10-28,SKU005,CHI,599.11
2024-10-29,SKU001,NYC,586.19
2024-10-29,SKU001,LA,611.01
2024-10-29,SKU001,CHI,348.63
2024-10-29,SKU002,NYC,419.76
2024-10-29,SKU002,LA,316.14
2024-10-29,SKU002,CHI,291.31
2024-10-29,SKU003,NYC,874.04
2024-10-29,SKU003,LA,784.74
2024-10-29,SKU003,CHI,539.67
2024-10-29,SKU004,NYC,489.48
2024-10-29,SKU004,LA,371.41
2024-10-29,SKU004,CHI,370.54
2024-10-29,SKU005,NYC,834.33
2024-10-29,SKU005,LA,659.35
2024-10-29,SKU005,CHI,550.04
2024-10-30,SKU001,NYC,709.31
2024-10-30,SKU001,LA,623.69
2024-10-30,SKU001,CHI,408.22
2024-10-30,SKU002,NYC,396.56
2024-10-30,SKU002,LA,404.27
2024-10-30,SKU002,CHI,269.34
2024-10-30,SKU003,NYC,856.44
2024-10-30,SKU003,LA,873.42
2024-10-30,SKU003,CHI,703.92
2024-10-30,SKU004,NYC,597.22
2024-10-30,SKU004,LA,350.50
2024-10-30,SKU004,CHI,339.09
2024-10-30,SKU005,NYC,804.00
2024-10-30,SKU005,LA,722.68
2024-10-30,SKU005,CHI,621.96
2024-10-31,SKU001,NYC,844.50
2024-10-31,SKU001,LA,522.38
2024-10-31,SKU001,CHI,588.41
2024-10-31,SKU002,NYC,524.31
2024-10-31,SKU002,LA,396.01
2024-10-31,SKU002,CHI,350.87
2024-10-31,SKU003,NYC,1007.80
2024-10-31,SKU003,LA,827.21
2024-10-31,SKU003,CHI,738.55
2024-10-31,SKU004,NYC,568.93
2024-10-31,SKU004,LA,552.15
2024-10-31,SKU004,CHI,329.06
2024-10-31,SKU005,NYC,1139.36
2024-10-31,SKU005,LA,737.35
2024-10-31,SKU005,CHI,719.07
2024-11-01,SKU001,NYC,733.39
2024-11-01,SKU001,LA,685.94
2024-11-01,SKU001,CHI,504.55
2024-11-01,SKU002,NYC,534.95
2024-11-01,SKU002,LA,424.12
2024-11-01,SKU002,CHI,305.96
2024-11-01,SKU003,NYC,957.17
2024-11-01,SKU003,LA,897.60
2024-11-01,SKU003,CHI,734.19
2024-11-01,SKU004,NYC,541.38
2024-11-01,SKU004,LA,570.91
2024-11-01,SKU004,CHI,348.19
2024-11-01,SKU005,NYC,1038.82
2024-11-01,SKU005,LA,633.63
2024-11-01,SKU005,CHI,584.74
2024-11-02,SKU001,NYC,868.03
2024-11-02,SKU001,LA,825.31
2024-11-02,SKU001,CHI,773.62
2024-11-02,SKU002,NYC,493.00
2024-11-02,SKU002,LA,555.54
2024-11-02,SKU002,CHI,483.01
2024-11-02,SKU003,NYC,1281.51
2024-11-02,SKU003,LA,1054.38
2024-11-02,SKU003,CHI,1044.09
2024-11-02,SKU004,NYC,720.28
2024-11-02,SKU004,LA,632.59
2024-11-02,SKU004,CHI,507.31
2024-11-02,SKU005,NYC,1265.09
2024-11-02,SKU005,LA,1249.06
2024-11-02,SKU005,CHI,913.13
2024-11-03,SKU001,NYC,926.73
2024-11-03,SKU001,LA,783.71
2024-11-03,SKU001,CHI,690.62
2024-11-03,SKU002,NYC,733.46
2024-11-03,SKU002,LA,529.53
2024-11-03,SKU002,CHI,446.53
2024-11-03,SKU003,NYC,1302.12
2024-11-03,SKU003,LA,947.58
2024-11-03,SKU003,CHI,875.80
2024-11-03,SKU004,NYC,752.15
2024-11-03,SKU004,LA,589.30
2024-11-03,SKU004,CHI,535.19
2024-11-03,SKU005,NYC,1415.25
2024-11-03,SKU005,LA,1286.91
2024-11-03,SKU005,CHI,1058.02
2024-11-04,SKU001,NYC,701.80
2024-11-04,SKU001,LA,540.96
2024-11-04,SKU001,CHI,466.19
2024-11-04,SKU002,NYC,453.10
2024-11-04,SKU002,LA,373.94
2024-11-04,SKU002,CHI,287.36
2024-11-04,SKU003,NYC,908.63
2024-11-04,SKU003,LA,814.14
2024-11-04,SKU003,CHI,655.60
2024-11-04,SKU004,NYC,562.32
2024-11-04,SKU004,LA,404.20
2024-11-04,SKU004,CHI,332.16
2024-11-04,SKU005,NYC,956.80
2024-11-04,SKU005,LA,827.33
2024-11-04,SKU005,CHI,577.63
2024-11-05,SKU001,NYC,645.22
2024-11-05,SKU001,LA,448.96
2024-11-05,SKU001,CHI,453.04
2024-11-05,SKU002,NYC,471.12
2024-11-05,SKU002,LA,335.18
2024-11-05,SKU002,CHI,266.98
2024-11-05,SKU003,NYC,1044.79
2024-11-05,SKU003,LA,687.86
2024-11-05,SKU003,CHI,670.41
2024-11-05,SKU004,NYC,448.76
2024-11-05,SKU004,LA,418.28
2024-11-05,SKU004,CHI,382.81
2024-11-05,SKU005,NYC,742.91
2024-11-05,SKU005,LA,708.27
2024-11-05,SKU005,CHI,679.69
2024-11-06,SKU001,NYC,538.06
2024-11-06,SKU001,LA,535.40
2024-11-06,SKU001,CHI,410.44
2024-11-06,SKU002,NYC,390.74
2024-11-06,SKU002,LA,397.28
2024-11-06,SKU002,CHI,266.66
2024-11-06,SKU003,NYC,899.66
2024-11-06,SKU003,LA,684.23
2024-11-06,SKU003,CHI,570.91
2024-11-06,SKU004,NYC,488.66
2024-11-06,SKU004,LA,395.66
2024-11-06,SKU004,CHI,338.45
2024-11-06,SKU005,NYC,877.74
2024-11-06,SKU005,LA,763.70
2024-11-06,SKU005,CHI,591.24
2024-11-07,SKU001,NYC,719.81
2024-11-07,SKU001,LA,663.00
2024-11-07,SKU001,CHI,430.99
2024-11-07,SKU002,NYC,576.46
2024-11-07,SKU002,LA,397.09
2024-11-07,SKU002,CHI,423.30
2024-11-07,SKU003,NYC,1018.92
2024-11-07,SKU003,LA,966.96
2024-11-07,SKU003,CHI,688.17
2024-11-07,SKU004,NYC,623.73
2024-11-07,SKU004,LA,546.50
2024-11-07,SKU004,CHI,342.38
2024-11-07,SKU005,NYC,1013.11
2024-11-07,SKU005,LA,884.22
2024-11-07,SKU005,CHI,568.13
2024-11-08,SKU001,NYC,888.90
2024-11-08,SKU001,LA,611.90
2024-11-08,SKU001,CHI,535.49
2024-11-08,SKU002,NYC,440.00
2024-11-08,SKU002,LA,373.63
2024-11-08,SKU002,CHI,315.97
2024-11-08,SKU003,NYC,1089.57
2024-11-08,SKU003,LA,1011.37
2024-11-08,SKU003,CHI,722.24
2024-11-08,SKU004,NYC,624.57
2024-11-08,SKU004,LA,447.31
2024-11-08,SKU004,CHI,342.54
2024-11-08,SKU005,NYC,1081.41
2024-11-08,SKU005,LA,1014.83
2024-11-08,SKU005,CHI,755.83
2024-11-09,SKU001,NYC,960.47
2024-11-09,SKU001,LA,767.74
2024-11-09,SKU001,CHI,648.28
2024-11-09,SKU002,NYC,599.08
2024-11-09,SKU002,LA,586.95
2024-11-09,SKU002,CHI,399.52
2024-11-09,SKU003,NYC,1223.67
2024-11-09,SKU003,LA,1231.50
2024-11-09,SKU003,CHI,892.21
2024-11-09,SKU004,NYC,790.44
2024-11-09,SKU004,LA,590.33
2024-11-09,SKU004,CHI,574.01
2024-11-09,SKU005,NYC,1338.08
2024-11-09,SKU005,LA,1163.18
2024-11-09,SKU005,CHI,1006.94
2024-11-10,SKU001,NYC,1069.10
2024-11-10,SKU001,LA,702.90
2024-11-10,SKU001,CHI,587.26
2024-11-10,SKU002,NYC,598.80
2024-11-10,SKU002,LA,582.15
2024-11-10,SKU002,CHI,489.12
2024-11-10,SKU003,NYC,1535.01
2024-11-10,SKU003,LA,965.90
2024-11-10,SKU003,CHI,882.89
2024-11-10,SKU004,NYC,788.07
2024-11-10,SKU004,LA,652.42
2024-11-10,SKU004,CHI,530.36
2024-11-10,SKU005,NYC,1506.44
2024-11-10,SKU005,LA,1202.56
2024-11-10,SKU005,CHI,1023.70
2024-11-11,SKU001,NYC,799.79
2024-11-11,SKU001,LA,630.70
2024-11-11,SKU001,CHI,559.25
2024-11-11,SKU002,NYC,619.21
2024-11-11,SKU002,LA,509.90
2024-11-11,SKU002,CHI,406.04
2024-11-11,SKU003,NYC,1134.74
2024-11-11,SKU003,LA,887.80
2024-11-11,SKU003,CHI,750.96
2024-11-11,SKU004,NYC,697.67
2024-11-11,SKU004,LA,525.55
2024-11-11,SKU004,CHI,484.34
2024-11-11,SKU005,NYC,1375.79
2024-11-11,SKU005,LA,999.93
2024-11-11,SKU005,CHI,762.91
2024-11-12,SKU001,NYC,677.67
2024-11-12,SKU001,LA,496.59
2024-11-12,SKU001,CHI,462.03
2024-11-12,SKU002,NYC,354.04
2024-11-12,SKU002,LA,344.02
2024-11-12,SKU002,CHI,287.09
2024-11-12,SKU003,NYC,979.28
2024-11-12,SKU003,LA,730.56
2024-11-12,SKU003,CHI,537.43
2024-11-12,SKU004,NYC,482.34
2024-11-12,SKU004,LA,502.53
2024-11-12,SKU004,CHI,311.04
2024-11-12,SKU005,NYC,815.56
2024-11-12,SKU005,LA,759.82
2024-11-12,SKU005,CHI,564.53
2024-11-13,SKU001,NYC,635.62
2024-11-13,SKU001,LA,573.30
2024-11-13,SKU001,CHI,511.06
2024-11-13,SKU002,NYC,427.79
2024-11-13,SKU002,LA,332.42
2024-11-13,SKU002,CHI,274.44
2024-11-13,SKU003,NYC,922.10
2024-11-13,SKU003,LA,722.57
2024-11-13,SKU003,CHI,571.23
2024-11-13,SKU004,NYC,596.13
2024-11-13,SKU004,LA,452.13
2024-11-13,SKU004,CHI,338.11
2024-11-13,SKU005,NYC,605.53
2024-11-13,SKU005,LA,778.44
2024-11-13,SKU005,CHI,576.69
2024-11-14,SKU001,NYC,768.15
2024-11-14,SKU001,LA,704.07
2024-11-14,SKU001,CHI,586.02
2024-11-14,SKU002,NYC,483.43
2024-11-14,SKU002,LA,465.52
2024-11-14,SKU002,CHI,283.16
2024-11-14,SKU003,NYC,1046.49
2024-11-14,SKU003,LA,891.68
2024-11-14,SKU003,CHI,855.62
2024-11-14,SKU004,NYC,643.09
2024-11-14,SKU004,LA,515.37
2024-11-14,SKU004,CHI,421.44
2024-11-14,SKU005,NYC,1060.77
2024-11-14,SKU005,LA,717.89
2024-11-14,SKU005,CHI,739.25
2024-11-15,SKU001,NYC,769.04
2024-11-15,SKU001,LA,701.78
2024-11-15,SKU001,CHI,576.07
2024-11-15,SKU002,NYC,534.77
2024-11-15,SKU002,LA,364.01
2024-11-15,SKU002,CHI,318.90
2024-11-15,SKU003,NYC,1043.36
2024-11-15,SKU003,LA,990.04
2024-11-15,SKU003,CHI,740.01
2024-11-15,SKU004,NYC,512.04
2024-11-15,SKU004,LA,508.65
2024-11-15,SKU004,CHI,396.44
2024-11-15,SKU005,NYC,1024.21
2024-11-15,SKU005,LA,867.00
2024-11-15,SKU005,CHI,699.14
2024-11-16,SKU001,NYC,1123.48
2024-11-16,SKU001,LA,851.06
2024-11-16,SKU001,CHI,632.85
2024-11-16,SKU002,NYC,685.33
2024-11-16,SKU002,LA,543.13
2024-11-16,SKU002,CHI,440.05
2024-11-16,SKU003,NYC,1506.21
2024-11-16,SKU003,LA,1176.37
2024-11-16,SKU003,CHI,1003.89
2024-11-16,SKU004,NYC,792.77
2024-11-16,SKU004,LA,675.13
2024-11-16,SKU004,CHI,548.49
2024-11-16,SKU005,NYC,1587.89
2024-11-16,SKU005,LA,1312.10
2024-11-16,SKU005,CHI,919.28
2024-11-17,SKU001,NYC,912.24
2024-11-17,SKU001,LA,727.92
2024-11-17,SKU001,CHI,700.90
2024-11-17,SKU002,NYC,765.31
2024-11-17,SKU002,LA,590.41
2024-11-17,SKU002,CHI,451.50
2024-11-17,SKU003,NYC,1369.06
2024-11-17,SKU003,LA,1284.37
2024-11-17,SKU003,CHI,1016.93
2024-11-17,SKU004,NYC,814.78
2024-11-17,SKU004,LA,680.63
2024-11-17,SKU004,CHI,580.97
2024-11-17,SKU005,NYC,1588.35
2024-11-17,SKU005,LA,1011.92
2024-11-17,SKU005,CHI,1004.23
2024-11-18,SKU001,NYC,588.07
2024-11-18,SKU001,LA,449.01
2024-11-18,SKU001,CHI,451.99
2024-11-18,SKU002,NYC,341.25
2024-11-18,SKU002,LA,386.73
2024-11-18,SKU002,CHI,335.26
2024-11-18,SKU003,NYC,934.23
2024-11-18,SKU003,LA,759.97
2024-11-18,SKU003,CHI,565.25
2024-11-18,SKU004,NYC,487.83
2024-11-18,SKU004,LA,398.74
2024-11-18,SKU004,CHI,377.11
2024-11-18,SKU005,NYC,882.30
2024-11-18,SKU005,LA,708.43
2024-11-18,SKU005,CHI,706.64
2024-11-19,SKU001,NYC,584.14
2024-11-19,SKU001,LA,562.33
2024-11-19,SKU001,CHI,425.79
2024-11-19,SKU002,NYC,448.24
2024-11-19,SKU002,LA,340.75
2024-11-19,SKU002,CHI,316.25
2024-11-19,SKU003,NYC,984.73
2024-11-19,SKU003,LA,812.20
2024-11-19,SKU003,CHI,534.27
2024-11-19,SKU004,NYC,492.58
2024-11-19,SKU004,LA,410.41
2024-11-19,SKU004,CHI,339.30
2024-11-19,SKU005,NYC,950.09
2024-11-19,SKU005,LA,669.84
2024-11-19,SKU005,CHI,473.56
2024-11-20,SKU001,NYC,703.19
2024-11-20,SKU001,LA,596.21
2024-11-20,SKU001,CHI,506.28
2024-11-20,SKU002,NYC,507.55
2024-11-20,SKU002,LA,323.04
2024-11-20,SKU002,CHI,272.11
2024-11-20,SKU003,NYC,776.12
2024-11-20,SKU003,LA,936.97
2024-11-20,SKU003,CHI,606.13
2024-11-20,SKU004,NYC,416.72
2024-11-20,SKU004,LA,492.28
2024-11-20,SKU004,CHI,364.97
2024-11-20,SKU005,NYC,845.79
2024-11-20,SKU005,LA,667.02
2024-11-20,SKU005,CHI,648.11
2024-11-21,SKU001,NYC,904.97
2024-11-21,SKU001,LA,630.45
2024-11-21,SKU001,CHI,511.38
2024-11-21,SKU002,NYC,504.35
2024-11-21,SKU002,LA,389.59
2024-11-21,SKU002,CHI,365.99
2024-11-21,SKU003,NYC,1114.72
2024-11-21,SKU003,LA,970.03
2024-11-21,SKU003,CHI,732.34
2024-11-21,SKU004,NYC,594.89
2024-11-21,SKU004,LA,556.45
2024-11-21,SKU004,CHI,380.65
2024-11-21,SKU005,NYC,1186.14
2024-11-21,SKU005,LA,871.76
2024-11-21,SKU005,CHI,786.88
2024-11-22,SKU001,NYC,840.55
2024-11-22,SKU001,LA,639.06
2024-11-22,SKU001,CHI,651.99
2024-11-22,SKU002,NYC,547.45
2024-11-22,SKU002,LA,496.63
2024-11-22,SKU002,CHI,311.45
2024-11-22,SKU003,NYC,1444.63
2024-11-22,SKU003,LA,971.27
2024-11-22,SKU003,CHI,811.19
2024-11-22,SKU004,NYC,579.03
2024-11-22,SKU004,LA,485.60
2024-11-22,SKU004,CHI,422.33
2024-11-22,SKU005,NYC,1127.48
2024-11-22,SKU005,LA,1034.04
2024-11-22,SKU005,CHI,834.34
2024-11-23,SKU001,NYC,1082.89
2024-11-23,SKU001,LA,986.23
2024-11-23,SKU001,CHI,728.83
2024-11-23,SKU002,NYC,756.18
2024-11-23,SKU002,LA,557.43
2024-11-23,SKU002,CHI,463.11
2024-11-23,SKU003,NYC,1423.80
2024-11-23,SKU003,LA,1214.64
2024-11-23,SKU003,CHI,1014.57
2024-11-23,SKU004,NYC,766.63
2024-11-23,SKU004,LA,750.98
2024-11-23,SKU004,CHI,565.19
2024-11-23,SKU005,NYC,1370.92
2024-11-23,SKU005,LA,1190.01
2024-11-23,SKU005,CHI,1157.80
2024-11-24,SKU001,NYC,1106.63
2024-11-24,SKU001,LA,745.37
2024-11-24,SKU001,CHI,658.05
2024-11-24,SKU002,NYC,648.47
2024-11-24,SKU002,LA,560.36
2024-11-24,SKU002,CHI,421.19
2024-11-24,SKU003,NYC,1449.88
2024-11-24,SKU003,LA,1270.46
2024-11-24,SKU003,CHI,809.13
2024-11-24,SKU004,NYC,675.17
2024-11-24,SKU004,LA,594.59
2024-11-24,SKU004,CHI,561.34
2024-11-24,SKU005,NYC,1628.64
2024-11-24,SKU005,LA,1120.24
2024-11-24,SKU005,CHI,828.51
2024-11-25,SKU001,NYC,781.61
2024-11-25,SKU001,LA,556.33
2024-11-25,SKU001,CHI,466.40
2024-11-25,SKU002,NYC,386.16
2024-11-25,SKU002,LA,394.32
2024-11-25,SKU002,CHI,328.51
2024-11-25,SKU003,NYC,948.32
2024-11-25,SKU003,LA,747.80
2024-11-25,SKU003,CHI,650.61
2024-11-25,SKU004,NYC,518.90
2024-11-25,SKU004,LA,480.48
2024-11-25,SKU004,CHI,396.50
2024-11-25,SKU005,NYC,1062.36
2024-11-25,SKU005,LA,791.25
2024-11-25,SKU005,CHI,701.07
2024-11-26,SKU001,NYC,743.70
2024-11-26,SKU001,LA,610.55
2024-11-26,SKU001,CHI,461.34
2024-11-26,SKU002,NYC,370.25
2024-11-26,SKU002,LA,364.56
2024-11-26,SKU002,CHI,299.30
2024-11-26,SKU003,NYC,1157.41
2024-11-26,SKU003,LA,821.53
2024-11-26,SKU003,CHI,655.23
2024-11-26,SKU004,NYC,454.68
2024-11-26,SKU004,LA,466.98
2024-11-26,SKU004,CHI,365.99
2024-11-26,SKU005,NYC,955.29
2024-11-26,SKU005,LA,758.85
2024-11-26,SKU005,CHI,674.75
2024-11-27,SKU001,NYC,748.00
2024-11-27,SKU001,LA,499.81
2024-11-27,SKU001,CHI,437.29
2024-11-27,SKU002,NYC,476.32
2024-11-27,SKU002,LA,323.88
2024-11-27,SKU002,CHI,284.36
2024-11-27,SKU003,NYC,969.76
2024-11-27,SKU003,LA,917.93
2024-11-27,SKU003,CHI,654.20
2024-11-27,SKU004,NYC,598.80
2024-11-27,SKU004,LA,421.50
2024-11-27,SKU004,CHI,323.70
2024-11-27,SKU005,NYC,967.67
2024-11-27,SKU005,LA,878.64
2024-11-27,SKU005,CHI,653.97
2024-11-28,SKU001,NYC,801.23
2024-11-28,SKU001,LA,740.20
2024-11-28,SKU001,CHI,535.68
2024-11-28,SKU002,NYC,552.39
2024-11-28,SKU002,LA,527.86
2024-11-28,SKU002,CHI,375.12
2024-11-28,SKU003,NYC,1033.34
2024-11-28,SKU003,LA,1023.16
2024-11-28,SKU003,CHI,737.94
2024-11-28,SKU004,NYC,662.20
2024-11-28,SKU004,LA,519.30
2024-11-28,SKU004,CHI,383.49
2024-11-28,SKU005,NYC,1116.19
2024-11-28,SKU005,LA,916.02
2024-11-28,SKU005,CHI,705.39
2024-11-29,SKU001,NYC,1950.40
2024-11-29,SKU001,LA,1467.04
2024-11-29,SKU001,CHI,1301.54
2024-11-29,SKU002,NYC,1242.97
2024-11-29,SKU002,LA,1199.57
2024-11-29,SKU002,CHI,824.77
2024-11-29,SKU003,NYC,2901.21
2024-11-29,SKU003,LA,2457.46
2024-11-29,SKU003,CHI,1890.31
2024-11-29,SKU004,NYC,1631.74
2024-11-29,SKU004,LA,1277.83
2024-11-29,SKU004,CHI,921.47
2024-11-29,SKU005,NYC,2310.89
2024-11-29,SKU005,LA,2416.84
2024-11-29,SKU005,CHI,2056.22
2024-11-30,SKU001,NYC,1144.72
2024-11-30,SKU001,LA,693.18
2024-11-30,SKU001,CHI,645.10
2024-11-30,SKU002,NYC,711.60
2024-11-30,SKU002,LA,523.32
2024-11-30,SKU002,CHI,478.95
2024-11-30,SKU003,NYC,1488.98
2024-11-30,SKU003,LA,1174.59
2024-11-30,SKU003,CHI,872.80
2024-11-30,SKU004,NYC,746.94
2024-11-30,SKU004,LA,713.70
2024-11-30,SKU004,CHI,459.00
2024-11-30,SKU005,NYC,1427.73
2024-11-30,SKU005,LA,1225.44
2024-11-30,SKU005,CHI,1074.83
2024-12-01,SKU001,NYC,1029.59
2024-12-01,SKU001,LA,802.24
2024-12-01,SKU001,CHI,722.36
2024-12-01,SKU002,NYC,648.03
2024-12-01,SKU002,LA,644.68
2024-12-01,SKU002,CHI,464.45
2024-12-01,SKU003,NYC,1203.88
2024-12-01,SKU003,LA,1374.93
2024-12-01,SKU003,CHI,1017.00
2024-12-01,SKU004,NYC,776.77
2024-12-01,SKU004,LA,634.81
2024-12-01,SKU004,CHI,531.41
2024-12-01,SKU005,NYC,1495.92
2024-12-01,SKU005,LA,1131.15
2024-12-01,SKU005,CHI,870.41
2024-12-02,SKU001,NYC,526.20
2024-12-02,SKU001,LA,532.04
2024-12-02,SKU001,CHI,520.79
2024-12-02,SKU002,NYC,483.17
2024-12-02,SKU002,LA,381.27
2024-12-02,SKU002,CHI,242.63
2024-12-02,SKU003,NYC,907.08
2024-12-02,SKU003,LA,752.48
2024-12-02,SKU003,CHI,687.54
2024-12-02,SKU004,NYC,522.63
2024-12-02,SKU004,LA,450.94
2024-12-02,SKU004,CHI,347.72
2024-12-02,SKU005,NYC,966.33
2024-12-02,SKU005,LA,777.25
2024-12-02,SKU005,CHI,582.12
2024-12-03,SKU001,NYC,631.81
2024-12-03,SKU001,LA,586.57
2024-12-03,SKU001,CHI,419.84
2024-12-03,SKU002,NYC,494.56
2024-12-03,SKU002,LA,316.72
2024-12-03,SKU002,CHI,329.98
2024-12-03,SKU003,NYC,918.45
2024-12-03,SKU003,LA,609.71
2024-12-03,SKU003,CHI,520.18
2024-12-03,SKU004,NYC,473.86
2024-12-03,SKU004,LA,387.13
2024-12-03,SKU004,CHI,363.01
2024-12-03,SKU005,NYC,1083.31
2024-12-03,SKU005,LA,743.04
2024-12-03,SKU005,CHI,533.10
2024-12-04,SKU001,NYC,619.72
2024-12-04,SKU001,LA,619.15
2024-12-04,SKU001,CHI,443.69
2024-12-04,SKU002,NYC,499.40
2024-12-04,SKU002,LA,365.82
2024-12-04,SKU002,CHI,312.25
2024-12-04,SKU003,NYC,977.47
2024-12-04,SKU003,LA,865.07
2024-12-04,SKU003,CHI,710.36
2024-12-04,SKU004,NYC,541.02
2024-12-04,SKU004,LA,432.50
2024-12-04,SKU004,CHI,373.85
2024-12-04,SKU005,NYC,1001.57
2024-12-04,SKU005,LA,865.09
2024-12-04,SKU005,CHI,684.61
2024-12-05,SKU001,NYC,925.83
2024-12-05,SKU001,LA,769.18
2024-12-05,SKU001,CHI,520.66
2024-12-05,SKU002,NYC,476.50
2024-12-05,SKU002,LA,412.65
2024-12-05,SKU002,CHI,456.78
2024-12-05,SKU003,NYC,935.47
2024-12-05,SKU003,LA,927.71
2024-12-05,SKU003,CHI,758.70
2024-12-05,SKU004,NYC,583.20
2024-12-05,SKU004,LA,403.47
2024-12-05,SKU004,CHI,432.59
2024-12-05,SKU005,NYC,1237.47
2024-12-05,SKU005,LA,1083.30
2024-12-05,SKU005,CHI,747.54
2024-12-06,SKU001,NYC,895.63
2024-12-06,SKU001,LA,684.38
2024-12-06,SKU001,CHI,438.53
2024-12-06,SKU002,NYC,525.75
2024-12-06,SKU002,LA,419.71
2024-12-06,SKU002,CHI,351.44
2024-12-06,SKU003,NYC,1164.95
2024-12-06,SKU003,LA,960.74
2024-12-06,SKU003,CHI,815.96
2024-12-06,SKU004,NYC,692.62
2024-12-06,SKU004,LA,604.67
2024-12-06,SKU004,CHI,423.47
2024-12-06,SKU005,NYC,1099.79
2024-12-06,SKU005,LA,915.45
2024-12-06,SKU005,CHI,917.88
2024-12-07,SKU001,NYC,945.51
2024-12-07,SKU001,LA,1021.26
2024-12-07,SKU001,CHI,656.03
2024-12-07,SKU002,NYC,706.43
2024-12-07,SKU002,LA,668.29
2024-12-07,SKU002,CHI,464.76
2024-12-07,SKU003,NYC,1281.93
2024-12-07,SKU003,LA,1017.36
2024-12-07,SKU003,CHI,867.19
2024-12-07,SKU004,NYC,817.99
2024-12-07,SKU004,LA,596.39
2024-12-07,SKU004,CHI,550.14
2024-12-07,SKU005,NYC,1534.37
2024-12-07,SKU005,LA,1542.75
2024-12-07,SKU005,CHI,946.81
2024-12-08,SKU001,NYC,1034.40
2024-12-08,SKU001,LA,767.09
2024-12-08,SKU001,CHI,572.81
2024-12-08,SKU002,NYC,568.93
2024-12-08,SKU002,LA,643.14
2024-12-08,SKU002,CHI,440.48
2024-12-08,SKU003,NYC,1589.98
2024-12-08,SKU003,LA,1009.12
2024-12-08,SKU003,CHI,1205.14
2024-12-08,SKU004,NYC,768.21
2024-12-08,SKU004,LA,713.22
2024-12-08,SKU004,CHI,506.64
2024-12-08,SKU005,NYC,1639.29
2024-12-08,SKU005,LA,1390.46
2024-12-08,SKU005,CHI,792.04
2024-12-09,SKU001,NYC,729.64
2024-12-09,SKU001,LA,530.04
2024-12-09,SKU001,CHI,501.20
2024-12-09,SKU002,NYC,509.34
2024-12-09,SKU002,LA,358.22
2024-12-09,SKU002,CHI,270.42
2024-12-09,SKU003,NYC,1007.23
2024-12-09,SKU003,LA,793.02
2024-12-09,SKU003,CHI,647.22
2024-12-09,SKU004,NYC,569.62
2024-12-09,SKU004,LA,507.98
2024-12-09,SKU004,CHI,349.21
2024-12-09,SKU005,NYC,997.47
2024-12-09,SKU005,LA,716.19
2024-12-09,SKU005,CHI,656.78
2024-12-10,SKU001,NYC,797.38
2024-12-10,SKU001,LA,634.04
2024-12-10,SKU001,CHI,482.82
2024-12-10,SKU002,NYC,419.01
2024-12-10,SKU002,LA,424.35
2024-12-10,SKU002,CHI,325.12
2024-12-10,SKU003,NYC,1083.04
2024-12-10,SKU003,LA,868.17
2024-12-10,SKU003,CHI,676.54
2024-12-10,SKU004,NYC,540.57
2024-12-10,SKU004,LA,488.32
2024-12-10,SKU004,CHI,316.87
2024-12-10,SKU005,NYC,823.84
2024-12-10,SKU005,LA,730.08
2024-12-10,SKU005,CHI,590.74
2024-12-11,SKU001,NYC,645.45
2024-12-11,SKU001,LA,600.14
2024-12-11,SKU001,CHI,443.69
2024-12-11,SKU002,NYC,449.84
2024-12-11,SKU002,LA,342.98
2024-12-11,SKU002,CHI,346.91
2024-12-11,SKU003,NYC,916.31
2024-12-11,SKU003,LA,874.18
2024-12-11,SKU003,CHI,566.59
2024-12-11,SKU004,NYC,540.16
2024-12-11,SKU004,LA,441.79
2024-12-11,SKU004,CHI,316.38
2024-12-11,SKU005,NYC,1090.39
2024-12-11,SKU005,LA,799.84
2024-12-11,SKU005,CHI,760.14
2024-12-12,SKU001,NYC,830.85
2024-12-12,SKU001,LA,606.13
2024-12-12,SKU001,CHI,529.88
2024-12-12,SKU002,NYC,550.23
2024-12-12,SKU002,LA,499.74
2024-12-12,SKU002,CHI,328.00
2024-12-12,SKU003,NYC,1178.97
2024-12-12,SKU003,LA,1017.68
2024-12-12,SKU003,CHI,849.82
2024-12-12,SKU004,NYC,559.64
2024-12-12,SKU004,LA,471.91
2024-12-12,SKU004,CHI,398.92
2024-12-12,SKU005,NYC,1102.00
2024-12-12,SKU005,LA,982.30
2024-12-12,SKU005,CHI,851.69
2024-12-13,SKU001,NYC,765.15
2024-12-13,SKU001,LA,737.63
2024-12-13,SKU001,CHI,478.70
2024-12-13,SKU002,NYC,516.17
2024-12-13,SKU002,LA,426.07
2024-12-13,SKU002,CHI,310.96
2024-12-13,SKU003,NYC,956.06
2024-12-13,SKU003,LA,1080.71
2024-12-13,SKU003,CHI,706.13
2024-12-13,SKU004,NYC,601.02
2024-12-13,SKU004,LA,584.63
2024-12-13,SKU004,CHI,389.12
2024-12-13,SKU005,NYC,1199.31
2024-12-13,SKU005,LA,939.24
2024-12-13,SKU005,CHI,865.39
2024-12-14,SKU001,NYC,1354.53
2024-12-14,SKU001,LA,1036.28
2024-12-14,SKU001,CHI,803.29
2024-12-14,SKU002,NYC,838.54
2024-12-14,SKU002,LA,762.41
2024-12-14,SKU002,CHI,545.80
2024-12-14,SKU003,NYC,1793.74
2024-12-14,SKU003,LA,1478.78
2024-12-14,SKU003,CHI,1251.61
2024-12-14,SKU004,NYC,922.71
2024-12-14,SKU004,LA,786.67
2024-12-14,SKU004,CHI,506.00
2024-12-14,SKU005,NYC,1543.25
2024-12-14,SKU005,LA,1534.98
2024-12-14,SKU005,CHI,1244.40
2024-12-15,SKU001,NYC,1141.91
2024-12-15,SKU001,LA,739.59
2024-12-15,SKU001,CHI,647.04
2024-12-15,SKU002,NYC,714.58
2024-12-15,SKU002,LA,653.84
2024-12-15,SKU002,CHI,412.40
2024-12-15,SKU003,NYC,1445.56
2024-12-15,SKU003,LA,1042.60
2024-12-15,SKU003,CHI,853.81
2024-12-15,SKU004,NYC,844.93
2024-12-15,SKU004,LA,709.84
2024-12-15,SKU004,CHI,373.84
2024-12-15,SKU005,NYC,1544.11
2024-12-15,SKU005,LA,1240.67
2024-12-15,SKU005,CHI,883.08
2024-12-16,SKU001,NYC,624.79
2024-12-16,SKU001,LA,546.68
2024-12-16,SKU001,CHI,447.60
2024-12-16,SKU002,NYC,445.85
2024-12-16,SKU002,LA,373.02
2024-12-16,SKU002,CHI,325.11
2024-12-16,SKU003,NYC,1030.66
2024-12-16,SKU003,LA,713.24
2024-12-16,SKU003,CHI,650.25
2024-12-16,SKU004,NYC,441.68
2024-12-16,SKU004,LA,392.33
2024-12-16,SKU004,CHI,396.63
2024-12-16,SKU005,NYC,827.36
2024-12-16,SKU005,LA,722.78
2024-12-16,SKU005,CHI,779.66
2024-12-17,SKU001,NYC,688.13
2024-12-17,SKU001,LA,568.45
2024-12-17,SKU001,CHI,438.16
2024-12-17,SKU002,NYC,474.17
2024-12-17,SKU002,LA,440.46
2024-12-17,SKU002,CHI,326.98
2024-12-17,SKU003,NYC,914.56
2024-12-17,SKU003,LA,831.60
2024-12-17,SKU003,CHI,643.78
2024-12-17,SKU004,NYC,524.28
2024-12-17,SKU004,LA,494.36
2024-12-17,SKU004,CHI,376.94
2024-12-17,SKU005,NYC,1021.25
2024-12-17,SKU005,LA,818.55
2024-12-17,SKU005,CHI,636.29
2024-12-18,SKU001,NYC,765.42
2024-12-18,SKU001,LA,682.46
2024-12-18,SKU001,CHI,452.74
2024-12-18,SKU002,NYC,495.75
2024-12-18,SKU002,LA,393.39
2024-12-18,SKU002,CHI,317.45
2024-12-18,SKU003,NYC,1038.76
2024-12-18,SKU003,LA,848.37
2024-12-18,SKU003,CHI,687.75
2024-12-18,SKU004,NYC,533.00
2024-12-18,SKU004,LA,435.95
2024-12-18,SKU004,CHI,358.95
2024-12-18,SKU005,NYC,882.74
2024-12-18,SKU005,LA,776.90
2024-12-18,SKU005,CHI,748.87
2024-12-19,SKU001,NYC,863.89
2024-12-19,SKU001,LA,527.87
2024-12-19,SKU001,CHI,552.60
2024-12-19,SKU002,NYC,536.88
2024-12-19,SKU002,LA,371.43
2024-12-19,SKU002,CHI,378.30
2024-12-19,SKU003,NYC,1203.70
2024-12-19,SKU003,LA,796.11
2024-12-19,SKU003,CHI,730.14
2024-12-19,SKU004,NYC,565.93
2024-12-19,SKU004,LA,468.45
2024-12-19,SKU004,CHI,476.96
2024-12-19,SKU005,NYC,1094.65
2024-12-19,SKU005,LA,1024.78
2024-12-19,SKU005,CHI,699.88
2024-12-20,SKU001,NYC,776.52
2024-12-20,SKU001,LA,666.42
2024-12-20,SKU001,CHI,578.57
2024-12-20,SKU002,NYC,558.84
2024-12-20,SKU002,LA,302.62
2024-12-20,SKU002,CHI,346.38
2024-12-20,SKU003,NYC,1191.38
2024-12-20,SKU003,LA,773.66
2024-12-20,SKU003,CHI,638.04
2024-12-20,SKU004,NYC,522.39
2024-12-20,SKU004,LA,428.28
2024-12-20,SKU004,CHI,341.21
2024-12-20,SKU005,NYC,993.00
2024-12-20,SKU005,LA,916.55
2024-12-20,SKU005,CHI,629.33
2024-12-21,SKU001,NYC,1009.07
2024-12-21,SKU001,LA,880.39
2024-12-21,SKU001,CHI,894.32
2024-12-21,SKU002,NYC,622.69
2024-12-21,SKU002,LA,632.42
2024-12-21,SKU002,CHI,366.31
2024-12-21,SKU003,NYC,1608.32
2024-12-21,SKU003,LA,1157.34
2024-12-21,SKU003,CHI,1046.78
2024-12-21,SKU004,NYC,831.96
2024-12-21,SKU004,LA,652.29
2024-12-21,SKU004,CHI,513.99
2024-12-21,SKU005,NYC,1586.38
2024-12-21,SKU005,LA,1169.73
2024-12-21,SKU005,CHI,1126.75
2024-12-22,SKU001,NYC,1166.22
2024-12-22,SKU001,LA,956.41
2024-12-22,SKU001,CHI,684.71
2024-12-22,SKU002,NYC,595.70
2024-12-22,SKU002,LA,666.02
2024-12-22,SKU002,CHI,492.04
2024-12-22,SKU003,NYC,1343.92
2024-12-22,SKU003,LA,1252.12
2024-12-22,SKU003,CHI,956.97
2024-12-22,SKU004,NYC,729.96
2024-12-22,SKU004,LA,649.19
2024-12-22,SKU004,CHI,489.40
2024-12-22,SKU005,NYC,1543.29
2024-12-22,SKU005,LA,1262.18
2024-12-22,SKU005,CHI,978.01
2024-12-23,SKU001,NYC,666.93
2024-12-23,SKU001,LA,609.87
2024-12-23,SKU001,CHI,410.00
2024-12-23,SKU002,NYC,468.46
2024-12-23,SKU002,LA,312.58
2024-12-23,SKU002,CHI,311.97
2024-12-23,SKU003,NYC,1050.77
2024-12-23,SKU003,LA,700.39
2024-12-23,SKU003,CHI,700.40
2024-12-23,SKU004,NYC,570.38
2024-12-23,SKU004,LA,475.67
2024-12-23,SKU004,CHI,348.48
2024-12-23,SKU005,NYC,1067.29
2024-12-23,SKU005,LA,899.09
2024-12-23,SKU005,CHI,674.71
2024-12-24,SKU001,NYC,777.43
2024-12-24,SKU001,LA,597.82
2024-12-24,SKU001,CHI,436.90
2024-12-24,SKU002,NYC,425.76
2024-12-24,SKU002,LA,411.84
2024-12-24,SKU002,CHI,333.09
2024-12-24,SKU003,NYC,916.16
2024-12-24,SKU003,LA,783.32
2024-12-24,SKU003,CHI,629.41
2024-12-24,SKU004,NYC,574.92
2024-12-24,SKU004,LA,376.06
2024-12-24,SKU004,CHI,400.08
2024-12-24,SKU005,NYC,1008.88
2024-12-24,SKU005,LA,681.28
2024-12-24,SKU005,CHI,584.01
2024-12-25,SKU001,NYC,265.35
2024-12-25,SKU001,LA,222.33
2024-12-25,SKU001,CHI,183.84
2024-12-25,SKU002,NYC,186.32
2024-12-25,SKU002,LA,140.85
2024-12-25,SKU002,CHI,143.36
2024-12-25,SKU003,NYC,393.87
2024-12-25,SKU003,LA,310.45
2024-12-25,SKU003,CHI,283.64
2024-12-25,SKU004,NYC,186.99
2024-12-25,SKU004,LA,197.35
2024-12-25,SKU004,CHI,124.29
2024-12-25,SKU005,NYC,458.81
2024-12-25,SKU005,LA,273.37
2024-12-25,SKU005,CHI,239.96
2024-12-26,SKU001,NYC,784.87
2024-12-26,SKU001,LA,730.57
2024-12-26,SKU001,CHI,557.49
2024-12-26,SKU002,NYC,629.73
2024-12-26,SKU002,LA,451.68
2024-12-26,SKU002,CHI,350.23
2024-12-26,SKU003,NYC,1293.03
2024-12-26,SKU003,LA,1087.27
2024-12-26,SKU003,CHI,667.10
2024-12-26,SKU004,NYC,698.91
2024-12-26,SKU004,LA,579.03
2024-12-26,SKU004,CHI,361.33
2024-12-26,SKU005,NYC,1189.56
2024-12-26,SKU005,LA,905.89
2024-12-26,SKU005,CHI,659.92
2024-12-27,SKU001,NYC,871.56
2024-12-27,SKU001,LA,739.01
2024-12-27,SKU001,CHI,558.18
2024-12-27,SKU002,NYC,500.29
2024-12-27,SKU002,LA,500.75
2024-12-27,SKU002,CHI,359.80
2024-12-27,SKU003,NYC,1177.15
2024-12-27,SKU003,LA,901.26
2024-12-27,SKU003,CHI,652.59
2024-12-27,SKU004,NYC,638.91
2024-12-27,SKU004,LA,542.71
2024-12-27,SKU004,CHI,427.41
2024-12-27,SKU005,NYC,1229.90
2024-12-27,SKU005,LA,1120.15
2024-12-27,SKU005,CHI,731.97
2024-12-28,SKU001,NYC,857.04
2024-12-28,SKU001,LA,956.17
2024-12-28,SKU001,CHI,674.31
2024-12-28,SKU002,NYC,623.91
2024-12-28,SKU002,LA,501.41
2024-12-28,SKU002,CHI,511.44
2024-12-28,SKU003,NYC,1369.42
2024-12-28,SKU003,LA,1153.96
2024-12-28,SKU003,CHI,1036.29
2024-12-28,SKU004,NYC,832.91
2024-12-28,SKU004,LA,661.00
2024-12-28,SKU004,CHI,511.29
2024-12-28,SKU005,NYC,1210.36
2024-12-28,SKU005,LA,1478.44
2024-12-28,SKU005,CHI,743.53
2024-12-29,SKU001,NYC,1046.52
2024-12-29,SKU001,LA,773.28
2024-12-29,SKU001,CHI,683.76
2024-12-29,SKU002,NYC,679.07
2024-12-29,SKU002,LA,594.71
2024-12-29,SKU002,CHI,473.74
2024-12-29,SKU003,NYC,1068.62
2024-12-29,SKU003,LA,1372.90
2024-12-29,SKU003,CHI,997.41
2024-12-29,SKU004,NYC,721.93
2024-12-29,SKU004,LA,661.53
2024-12-29,SKU004,CHI,494.55
2024-12-29,SKU005,NYC,1041.05
2024-12-29,SKU005,LA,1414.83
2024-12-29,SKU005,CHI,1136.98
2024-12-30,SKU001,NYC,730.59
2024-12-30,SKU001,LA,641.13
2024-12-30,SKU001,CHI,504.72
2024-12-30,SKU002,NYC,438.29
2024-12-30,SKU002,LA,381.37
2024-12-30,SKU002,CHI,299.07
2024-12-30,SKU003,NYC,1001.09
2024-12-30,SKU003,LA,723.15
2024-12-30,SKU003,CHI,710.98
2024-12-30,SKU004,NYC,522.12
2024-12-30,SKU004,LA,434.57
2024-12-30,SKU004,CHI,370.23
2024-12-30,SKU005,NYC,986.81
2024-12-30,SKU005,LA,780.27
2024-12-30,SKU005,CHI,630.25
2024-12-31,SKU001,NYC,533.99
2024-12-31,SKU001,LA,638.87
2024-12-31,SKU001,CHI,476.57
2024-12-31,SKU002,NYC,465.87
2024-12-31,SKU002,LA,443.27
2024-12-31,SKU002,CHI,282.11
2024-12-31,SKU003,NYC,976.12
2024-12-31,SKU003,LA,744.94
2024-12-31,SKU003,CHI,715.41
2024-12-31,SKU004,NYC,457.72
2024-12-31,SKU004,LA,484.34
2024-12-31,SKU004,CHI,391.48
2024-12-31,SKU005,NYC,1008.44
2024-12-31,SKU005,LA,923.22
2024-12-31,SKU005,CHI,632.65
