date,channel,spend,reach,impressions
2022-01-01,TV,1104.34,88595,159349
2022-01-01,Digital,651.91,120561,527521
2022-01-01,Social,320.42,86171,186947
2022-01-01,Search,164.50,31105,71723
2022-01-02,TV,1458.64,115039,210284
2022-01-02,Digital,639.54,124516,527205
2022-01-02,Social,305.83,71820,197444
2022-01-02,Search,214.33,35580,93352
2022-01-03,TV,1786.98,141456,282508
2022-01-03,Digital,941.60,192642,788906
2022-01-03,Social,514.57,131750,328230
2022-01-03,Search,254.05,41932,100368
2022-01-04,TV,1634.99,124073,235118
2022-01-04,Digital,589.19,121173,494192
2022-01-04,Social,404.50,108558,245371
2022-01-04,Search,263.29,46249,98358
2022-01-05,TV,1816.71,151563,280956
2022-01-05,Digital,847.22,154559,724786
2022-01-05,Social,371.41,88152,202418
2022-01-05,Search,238.44,41450,97957
2022-01-06,TV,1893.20,160326,268619
2022-01-06,Digital,821.67,171538,657739
2022-01-06,Social,474.47,112199,304483
2022-01-06,Search,306.23,59322,110532
2022-01-07,TV,1872.22,158399,294329
2022-01-07,Digital,604.50,121256,504413
2022-01-07,Social,363.54,87006,235792
2022-01-07,Search,289.84,55746,112350
2022-01-08,TV,1266.10,109731,207216
2022-01-08,Digital,661.59,126010,521599
2022-01-08,Social,335.50,84464,195732
2022-01-08,Search,181.89,29897,74250
2022-01-09,TV,1258.71,101753,170513
2022-01-09,Digital,738.56,153213,621056
2022-01-09,Social,342.70,81236,209559
2022-01-09,Search,157.78,26396,62564
2022-01-10,TV,1229.27,105700,193069
2022-01-10,Digital,786.07,166770,637398
2022-01-10,Social,345.77,86694,193149
2022-01-10,Search,286.49,55556,118964
2022-01-11,TV,2271.08,174946,346029
2022-01-11,Digital,928.39,172042,739639
2022-01-11,Social,410.21,95118,240064
2022-01-11,Search,305.51,49892,112170
2022-01-12,TV,1535.52,128926,224861
2022-01-12,Digital,630.48,119858,480963
2022-01-12,Social,519.08,133630,317205
2022-01-12,Search,220.94,37086,83699
2022-01-13,TV,1477.47,129445,243132
2022-01-13,Digital,766.11,158111,612887
2022-01-13,Social,330.31,89904,200823
2022-01-13,Search,308.67,60932,123889
2022-01-14,TV,1503.25,122137,244614
2022-01-14,Digital,785.66,146692,580904
2022-01-14,Social,425.29,100582,275026
2022-01-14,Search,256.79,41750,106653
2022-01-15,TV,1057.56,78083,171643
2022-01-15,Digital,664.55,133121,545612
2022-01-15,Social,291.60,77302,174287
2022-01-15,Search,166.60,29306,60126
2022-01-16,TV,1866.93,145550,296665
2022-01-16,Digital,895.03,171442,775774
2022-01-16,Social,456.99,124040,282415
2022-01-16,Search,333.87,61793,122464
2022-01-17,TV,2107.55,168017,311147
2022-01-17,Digital,1101.97,231460,944378
2022-01-17,Social,552.81,132931,355987
2022-01-17,Search,340.17,62317,145105
2022-01-18,TV,2233.02,167871,353247
2022-01-18,Digital,1062.71,192006,907179
2022-01-18,Social,543.32,132300,346568
2022-01-18,Search,388.35,76101,169396
2022-01-19,TV,1908.91,139717,258821
2022-01-19,Digital,1011.92,210035,799160
2022-01-19,Social,719.16,176988,396287
2022-01-19,Search,354.41,57580,145938
2022-01-20,TV,2453.45,180045,337861
2022-01-20,Digital,1035.52,221217,910120
2022-01-20,Social,601.15,159537,363692
2022-01-20,Search,413.08,68414,169002
2022-01-21,TV,2604.28,219694,388254
2022-01-21,Digital,1002.02,201317,723864
2022-01-21,Social,611.42,150711,370390
2022-01-21,Search,276.19,47668,102540
2022-01-22,TV,1365.85,111930,190917
2022-01-22,Digital,807.82,165019,683081
2022-01-22,Social,366.78,92758,220948
2022-01-22,Search,271.76,50240,100407
2022-01-23,TV,1309.43,107705,207476
2022-01-23,Digital,808.10,147806,585793
2022-01-23,Social,472.84,114971,303216
2022-01-23,Search,238.82,43583,103108
2022-01-24,TV,2654.46,196493,433467
2022-01-24,Digital,1139.20,211102,980835
2022-01-24,Social,597.49,159806,367890
2022-01-24,Search,316.92,57927,135160
2022-01-25,TV,2235.56,195934,338908
2022-01-25,Digital,1133.07,204217,986876
2022-01-25,Social,658.09,152650,361120
2022-01-25,Search,337.00,60187,130369
2022-01-26,TV,1885.67,149663,280412
2022-01-26,Digital,1490.31,310346,1233017
2022-01-26,Social,638.44,162871,404829
2022-01-26,Search,404.37,66914,167345
2022-01-27,TV,2427.75,185687,372069
2022-01-27,Digital,925.95,188604,805938
2022-01-27,Social,539.60,125212,352448
2022-01-27,Search,382.60,66585,155723
2022-01-28,TV,1638.55,141089,266104
2022-01-28,Digital,1202.28,229121,1006335
2022-01-28,Social,585.69,155890,340634
2022-01-28,Search,398.38,68748,158907
2022-01-29,TV,1800.47,152089,249892
2022-01-29,Digital,748.28,159979,555705
2022-01-29,Social,486.15,129572,303961
2022-01-29,Search,247.81,40306,103770
2022-01-30,TV,1923.40,166961,311502
2022-01-30,Digital,893.45,175473,779176
2022-01-30,Social,405.07,93896,259940
2022-01-30,Search,288.64,51643,108012
2022-01-31,TV,2437.04,188260,381722
2022-01-31,Digital,1289.65,272764,929594
2022-01-31,Social,681.88,185651,435050
2022-01-31,Search,404.86,68251,168060
2022-02-01,TV,3093.30,229460,456541
2022-02-01,Digital,1410.51,275866,1226344
2022-02-01,Social,1044.46,254489,624351
2022-02-01,Search,463.02,75991,179705
2022-02-02,TV,2487.06,216823,342577
2022-02-02,Digital,1442.53,292795,1263589
2022-02-02,Social,656.66,176835,363200
2022-02-02,Search,430.15,82324,157818
2022-02-03,TV,3243.05,279167,510184
2022-02-03,Digital,1673.05,316368,1423282
2022-02-03,Social,855.86,216938,482662
2022-02-03,Search,502.58,82011,183777
2022-02-04,TV,2793.79,201810,457370
2022-02-04,Digital,1671.14,317945,1390562
2022-02-04,Social,898.34,224773,569752
2022-02-04,Search,525.31,95724,202863
2022-02-05,TV,2237.00,166105,340078
2022-02-05,Digital,1524.98,303064,1242703
2022-02-05,Social,470.34,115517,261404
2022-02-05,Search,348.70,59716,152216
2022-02-06,TV,2451.34,205233,401480
2022-02-06,Digital,1020.86,216137,819085
2022-02-06,Social,712.80,189061,454275
2022-02-06,Search,455.36,75123,196778
2022-02-07,TV,3140.57,239076,428254
2022-02-07,Digital,1494.39,290019,1210213
2022-02-07,Social,776.09,181729,462701
2022-02-07,Search,492.14,84984,215392
2022-02-08,TV,3330.32,263113,501947
2022-02-08,Digital,1209.39,260323,917576
2022-02-08,Social,895.28,225159,527028
2022-02-08,Search,495.37,85117,199956
2022-02-09,TV,3658.22,274732,553996
2022-02-09,Digital,1645.78,361395,1447355
2022-02-09,Social,1072.28,268250,649435
2022-02-09,Search,412.38,81170,158943
2022-02-10,TV,3318.84,281320,510831
2022-02-10,Digital,2115.80,452764,1660778
2022-02-10,Social,870.98,210514,516891
2022-02-10,Search,547.19,97397,209100
2022-02-11,TV,3597.98,294739,523769
2022-02-11,Digital,1654.94,321999,1296692
2022-02-11,Social,867.51,230959,530299
2022-02-11,Search,576.89,104689,223064
2022-02-12,TV,2433.08,194389,379549
2022-02-12,Digital,1122.21,234795,927592
2022-02-12,Social,480.26,110454,264145
2022-02-12,Search,328.11,54337,138566
2022-02-13,TV,2567.42,225369,348072
2022-02-13,Digital,1179.15,227743,904634
2022-02-13,Social,781.25,177890,487753
2022-02-13,Search,370.39,62246,134045
2022-02-14,TV,3078.12,233139,491043
2022-02-14,Digital,1361.90,295922,1132801
2022-02-14,Social,914.58,205809,502947
2022-02-14,Search,553.41,92346,218607
2022-02-15,TV,2842.91,230429,458156
2022-02-15,Digital,1975.78,360344,1472479
2022-02-15,Social,644.23,174553,353987
2022-02-15,Search,600.54,99687,226504
2022-02-16,TV,3115.50,268107,510936
2022-02-16,Digital,1438.02,296501,1193302
2022-02-16,Social,835.31,213740,454273
2022-02-16,Search,641.09,110377,279817
2022-02-17,TV,2364.49,196883,379111
2022-02-17,Digital,1606.41,318949,1298172
2022-02-17,Social,1027.03,261372,599721
2022-02-17,Search,476.45,77666,180313
2022-02-18,TV,3175.31,229116,466072
2022-02-18,Digital,1499.30,327290,1228714
2022-02-18,Social,1061.15,239406,660887
2022-02-18,Search,503.29,92023,181306
2022-02-19,TV,1924.18,165580,284493
2022-02-19,Digital,1558.02,312007,1295952
2022-02-19,Social,647.31,163211,398239
2022-02-19,Search,381.12,74224,166333
2022-02-20,TV,2747.52,224873,444430
2022-02-20,Digital,1199.79,262025,932794
2022-02-20,Social,649.65,158313,395019
2022-02-20,Search,358.10,59900,139265
2022-02-21,TV,3326.18,290774,505851
2022-02-21,Digital,1623.65,329769,1336359
2022-02-21,Social,739.27,200119,472324
2022-02-21,Search,579.59,95120,234004
2022-02-22,TV,3064.92,222836,477708
2022-02-22,Digital,1322.46,250824,1053520
2022-02-22,Social,826.48,215572,541152
2022-02-22,Search,648.59,120534,263083
2022-02-23,TV,3024.35,264360,442308
2022-02-23,Digital,1893.28,357831,1364003
2022-02-23,Social,723.73,193526,404462
2022-02-23,Search,533.93,92803,201526
2022-02-24,TV,2576.58,188518,364265
2022-02-24,Digital,1256.96,245333,956318
2022-02-24,Social,912.42,210119,551528
2022-02-24,Search,499.50,84224,182264
2022-02-25,TV,3624.82,301727,505602
2022-02-25,Digital,2121.61,448870,1632012
2022-02-25,Social,877.27,229722,477088
2022-02-25,Search,505.88,82677,218337
2022-02-26,TV,1940.29,150757,262265
2022-02-26,Digital,1339.62,282086,1080486
2022-02-26,Social,744.84,176637,415751
2022-02-26,Search,366.18,71223,134414
2022-02-27,TV,2222.01,164822,361799
2022-02-27,Digital,1290.96,246913,1069603
2022-02-27,Social,857.80,212586,540850
2022-02-27,Search,367.58,72728,148693
2022-02-28,TV,3698.33,317003,594769
2022-02-28,Digital,1560.20,286310,1271479
2022-02-28,Social,736.76,171940,401954
2022-02-28,Search,483.60,94939,183392
2022-03-01,TV,2710.09,229700,437794
2022-03-01,Digital,1156.04,214628,900792
2022-03-01,Social,797.20,197784,474818
2022-03-01,Search,525.82,85650,214361
2022-03-02,TV,3697.89,271622,537405
2022-03-02,Digital,1591.93,296870,1327975
2022-03-02,Social,771.75,190293,505416
2022-03-02,Search,514.31,85150,217871
2022-03-03,TV,3136.12,243491,509027
2022-03-03,Digital,1446.06,305735,1161995
2022-03-03,Social,1020.20,264557,620143
2022-03-03,Search,461.79,82019,194792
2022-03-04,TV,2852.46,222328,432168
2022-03-04,Digital,1587.42,290913,1292423
2022-03-04,Social,766.76,198983,457335
2022-03-04,Search,652.36,122215,239765
2022-03-05,TV,2321.30,169003,382486
2022-03-05,Digital,1193.22,230991,904237
2022-03-05,Social,474.45,121077,268499
2022-03-05,Search,380.03,69054,148223
2022-03-06,TV,2830.24,230127,458432
2022-03-06,Digital,1135.83,240965,867978
2022-03-06,Social,727.84,165706,401413
2022-03-06,Search,391.55,70675,146225
2022-03-07,TV,3189.97,232432,483394
2022-03-07,Digital,1449.29,296527,1167933
2022-03-07,Social,677.09,160085,419454
2022-03-07,Search,422.81,70862,160735
2022-03-08,TV,3088.71,236163,436566
2022-03-08,Digital,1863.55,345254,1565173
2022-03-08,Social,788.26,193968,515848
2022-03-08,Search,524.58,91778,214130
2022-03-09,TV,3206.50,237359,493221
2022-03-09,Digital,1624.20,293203,1178810
2022-03-09,Social,859.78,233735,536076
2022-03-09,Search,555.43,94358,205782
2022-03-10,TV,3068.70,262704,425984
2022-03-10,Digital,1317.81,283371,1000206
2022-03-10,Social,841.73,222083,467729
2022-03-10,Search,508.04,84013,196528
2022-03-11,TV,3534.31,265612,549462
2022-03-11,Digital,1645.63,350510,1275539
2022-03-11,Social,873.96,232829,519855
2022-03-11,Search,475.23,83074,205415
2022-03-12,TV,2799.22,207456,383859
2022-03-12,Digital,1341.61,242719,1000711
2022-03-12,Social,565.11,152112,351664
2022-03-12,Search,368.09,69467,146344
2022-03-13,TV,2068.09,177379,289064
2022-03-13,Digital,1386.38,291089,1115958
2022-03-13,Social,771.91,183855,494837
2022-03-13,Search,477.08,90029,203091
2022-03-14,TV,3618.18,269899,550052
2022-03-14,Digital,1689.67,358307,1271446
2022-03-14,Social,957.97,239543,559477
2022-03-14,Search,593.43,108038,231131
2022-03-15,TV,3684.49,318777,548308
2022-03-15,Digital,1208.07,253846,1042018
2022-03-15,Social,702.89,190829,386655
2022-03-15,Search,614.02,110792,240387
2022-03-16,TV,2925.09,224035,461848
2022-03-16,Digital,1748.90,332622,1442781
2022-03-16,Social,723.69,198279,450267
2022-03-16,Search,561.93,103263,210770
2022-03-17,TV,3266.47,235631,504397
2022-03-17,Digital,1839.14,358774,1457662
2022-03-17,Social,903.40,209349,583460
2022-03-17,Search,566.55,94177,217353
2022-03-18,TV,3390.06,266374,471637
2022-03-18,Digital,1727.37,368188,1338648
2022-03-18,Social,739.24,176182,412614
2022-03-18,Search,429.94,80163,184021
2022-03-19,TV,1834.81,147777,274835
2022-03-19,Digital,872.16,191397,760571
2022-03-19,Social,530.07,143923,295623
2022-03-19,Search,337.76,57636,130001
2022-03-20,TV,2495.90,203696,388064
2022-03-20,Digital,1145.81,218330,861833
2022-03-20,Social,609.93,141319,400040
2022-03-20,Search,443.13,87569,193107
2022-03-21,TV,3493.47,271967,477655
2022-03-21,Digital,1570.07,315999,1186948
2022-03-21,Social,844.87,224533,538239
2022-03-21,Search,585.16,99869,214339
2022-03-22,TV,3660.86,294567,538768
2022-03-22,Digital,1194.40,232852,997324
2022-03-22,Social,752.94,196808,489360
2022-03-22,Search,597.04,108836,227761
2022-03-23,TV,2935.08,238884,475035
2022-03-23,Digital,1825.38,386796,1392618
2022-03-23,Social,888.94,228267,581046
2022-03-23,Search,361.73,63294,137166
2022-03-24,TV,2819.23,241652,413836
2022-03-24,Digital,1792.16,389342,1460865
2022-03-24,Social,524.27,119627,296231
2022-03-24,Search,528.33,90922,193542
2022-03-25,TV,2937.49,236667,476601
2022-03-25,Digital,1787.71,362740,1551820
2022-03-25,Social,1113.97,267706,613245
2022-03-25,Search,463.18,80732,194921
2022-03-26,TV,2166.87,188602,329952
2022-03-26,Digital,1124.81,220331,961802
2022-03-26,Social,727.95,172506,432680
2022-03-26,Search,513.77,101372,190576
2022-03-27,TV,2041.13,179204,291822
2022-03-27,Digital,1430.39,279486,1243433
2022-03-27,Social,572.85,156207,354069
2022-03-27,Search,612.05,112009,232472
2022-03-28,TV,4103.76,349087,591064
2022-03-28,Digital,1253.97,241601,964843
2022-03-28,Social,843.06,213571,477510
2022-03-28,Search,505.72,95951,191202
2022-03-29,TV,3896.37,281665,588448
2022-03-29,Digital,1509.31,313107,1116162
2022-03-29,Social,1072.51,290635,597440
2022-03-29,Search,477.85,79481,186109
2022-03-30,TV,2993.47,260193,429339
2022-03-30,Digital,1565.31,291549,1217874
2022-03-30,Social,953.41,257242,564375
2022-03-30,Search,520.09,101215,220416
2022-03-31,TV,3138.40,258628,487586
2022-03-31,Digital,2058.68,374565,1646030
2022-03-31,Social,804.37,207048,513108
2022-03-31,Search,495.19,80671,199224
2022-04-01,TV,3478.06,296072,492760
2022-04-01,Digital,1129.57,223414,895152
2022-04-01,Social,737.84,177962,415103
2022-04-01,Search,494.88,88508,182568
2022-04-02,TV,2881.18,209595,454926
2022-04-02,Digital,1078.01,224237,916790
2022-04-02,Social,737.43,168239,480291
2022-04-02,Search,275.68,48308,113561
2022-04-03,TV,2374.65,171936,331404
2022-04-03,Digital,1170.93,250876,876452
2022-04-03,Social,707.58,170518,438348
2022-04-03,Search,443.64,86968,163966
2022-04-04,TV,3597.43,314712,560368
2022-04-04,Digital,1632.14,301843,1414996
2022-04-04,Social,865.42,221874,476347
2022-04-04,Search,435.09,86044,188250
2022-04-05,TV,3299.02,270383,480112
2022-04-05,Digital,1749.88,325769,1477054
2022-04-05,Social,944.30,240839,531051
2022-04-05,Search,647.08,121745,277259
2022-04-06,TV,3291.74,274880,539814
2022-04-06,Digital,1383.85,268590,1194149
2022-04-06,Social,805.02,190573,451033
2022-04-06,Search,486.40,90003,205101
2022-04-07,TV,2502.50,187791,377042
2022-04-07,Digital,1730.34,353538,1246240
2022-04-07,Social,758.07,196850,490717
2022-04-07,Search,601.59,115467,254201
2022-04-08,TV,3251.87,256342,488490
2022-04-08,Digital,1769.55,387318,1407015
2022-04-08,Social,887.11,242895,483888
2022-04-08,Search,546.98,92302,223481
2022-04-09,TV,2481.60,198752,346808
2022-04-09,Digital,1128.75,241713,881535
2022-04-09,Social,742.37,172823,409769
2022-04-09,Search,447.48,82878,195177
2022-04-10,TV,2695.57,235603,418711
2022-04-10,Digital,1203.24,247007,901544
2022-04-10,Social,813.42,210116,521419
2022-04-10,Search,470.79,83636,196129
2022-04-11,TV,3128.18,264236,467206
2022-04-11,Digital,2074.55,400331,1743869
2022-04-11,Social,913.24,249765,516896
2022-04-11,Search,573.71,107210,213548
2022-04-12,TV,4231.33,339072,651803
2022-04-12,Digital,1441.36,302937,1105126
2022-04-12,Social,971.65,266737,624740
2022-04-12,Search,532.20,97062,222134
2022-04-13,TV,2829.94,242705,397207
2022-04-13,Digital,1286.53,280893,1009675
2022-04-13,Social,683.66,174947,450648
2022-04-13,Search,637.26,108078,262862
2022-04-14,TV,3491.92,301538,554204
2022-04-14,Digital,1496.15,297960,1268430
2022-04-14,Social,1022.95,257353,585729
2022-04-14,Search,580.74,108372,231912
2022-04-15,TV,3482.06,277760,503009
2022-04-15,Digital,1709.05,366200,1490232
2022-04-15,Social,879.94,212239,476598
2022-04-15,Search,418.39,77719,157974
2022-04-16,TV,2161.83,157635,342729
2022-04-16,Digital,1342.56,277317,1015884
2022-04-16,Social,702.97,171009,384938
2022-04-16,Search,345.81,65116,146369
2022-04-17,TV,2748.78,222922,436996
2022-04-17,Digital,1265.22,275148,1044501
2022-04-17,Social,581.07,151669,318799
2022-04-17,Search,454.32,82861,196932
2022-04-18,TV,2925.94,211459,476929
2022-04-18,Digital,1814.75,333285,1515943
2022-04-18,Social,780.59,188161,472765
2022-04-18,Search,503.74,88093,188796
2022-04-19,TV,3189.28,236623,454818
2022-04-19,Digital,1603.49,316502,1195123
2022-04-19,Social,1032.81,266052,569625
2022-04-19,Search,544.59,102514,199964
2022-04-20,TV,2801.29,227311,441362
2022-04-20,Digital,2137.35,421484,1862616
2022-04-20,Social,724.89,186559,426754
2022-04-20,Search,590.46,107694,237281
2022-04-21,TV,3267.66,260918,488567
2022-04-21,Digital,1743.90,319476,1423567
2022-04-21,Social,863.63,222471,536306
2022-04-21,Search,492.03,80210,214884
2022-04-22,TV,2789.82,224737,416393
2022-04-22,Digital,1019.56,205734,791570
2022-04-22,Social,1017.18,276707,632878
2022-04-22,Search,376.12,73120,156416
2022-04-23,TV,2377.80,174690,375927
2022-04-23,Digital,1306.22,252299,979847
2022-04-23,Social,791.38,209148,487834
2022-04-23,Search,381.11,64232,141001
2022-04-24,TV,2622.24,191707,420253
2022-04-24,Digital,1248.19,263346,995810
2022-04-24,Social,429.06,108616,255173
2022-04-24,Search,541.02,105595,215537
2022-04-25,TV,3202.11,252114,486201
2022-04-25,Digital,1592.51,311855,1225391
2022-04-25,Social,785.88,192575,478352
2022-04-25,Search,460.74,84477,199900
2022-04-26,TV,3364.05,286144,493068
2022-04-26,Digital,1535.35,297708,1275111
2022-04-26,Social,1103.38,250083,649677
2022-04-26,Search,568.09,99250,236282
2022-04-27,TV,3077.83,258002,505539
2022-04-27,Digital,1616.80,327567,1323568
2022-04-27,Social,990.45,228295,610316
2022-04-27,Search,514.80,95445,190985
2022-04-28,TV,3095.50,233072,482407
2022-04-28,Digital,1443.56,294114,1205434
2022-04-28,Social,907.05,211411,507341
2022-04-28,Search,602.10,106503,226695
2022-04-29,TV,2772.07,237437,425298
2022-04-29,Digital,2282.82,494564,1870363
2022-04-29,Social,700.73,169414,411477
2022-04-29,Search,496.85,96992,195319
2022-04-30,TV,2162.72,167149,308948
2022-04-30,Digital,1284.69,277550,1114768
2022-04-30,Social,649.81,154569,356586
2022-04-30,Search,355.28,69023,145294
2022-05-01,TV,1779.56,144901,280439
2022-05-01,Digital,1480.07,280766,1232765
2022-05-01,Social,701.61,173679,397930
2022-05-01,Search,369.43,71563,158916
2022-05-02,TV,3160.46,261737,488990
2022-05-02,Digital,1898.83,384425,1411543
2022-05-02,Social,965.83,237600,591718
2022-05-02,Search,556.39,99690,241927
2022-05-03,TV,3926.42,316198,620830
2022-05-03,Digital,1579.70,317355,1354283
2022-05-03,Social,844.56,194400,456868
2022-05-03,Search,595.65,115670,241643
2022-05-04,TV,3721.22,274783,555809
2022-05-04,Digital,1874.03,340575,1447298
2022-05-04,Social,981.90,230389,604494
2022-05-04,Search,477.95,90923,186230
2022-05-05,TV,2582.67,221454,358397
2022-05-05,Digital,1661.23,315263,1207488
2022-05-05,Social,832.71,200033,542484
2022-05-05,Search,619.70,103701,253379
2022-05-06,TV,2393.82,177771,376113
2022-05-06,Digital,1424.55,276691,1056755
2022-05-06,Social,1013.97,251539,651999
2022-05-06,Search,621.89,120096,250187
2022-05-07,TV,2251.25,183066,346332
2022-05-07,Digital,1157.35,247190,1011769
2022-05-07,Social,555.33,147332,361363
2022-05-07,Search,385.98,70997,168114
2022-05-08,TV,2424.93,186170,346234
2022-05-08,Digital,1397.83,269906,1093187
2022-05-08,Social,713.05,179761,416791
2022-05-08,Search,430.23,83405,165093
2022-05-09,TV,3582.30,266956,555694
2022-05-09,Digital,2021.63,374868,1733092
2022-05-09,Social,905.59,212048,533201
2022-05-09,Search,619.45,114980,223929
2022-05-10,TV,3275.12,266172,491703
2022-05-10,Digital,1870.07,388461,1586116
2022-05-10,Social,667.64,177966,363143
2022-05-10,Search,626.47,119337,275072
2022-05-11,TV,2773.75,239526,421810
2022-05-11,Digital,1299.07,248413,1091900
2022-05-11,Social,929.32,246488,511832
2022-05-11,Search,524.27,97439,209175
2022-05-12,TV,3351.66,255450,552375
2022-05-12,Digital,1551.84,298083,1326255
2022-05-12,Social,944.21,249929,604450
2022-05-12,Search,556.88,109204,207753
2022-05-13,TV,3480.11,266177,510620
2022-05-13,Digital,1304.91,244339,1096455
2022-05-13,Social,830.65,218408,468381
2022-05-13,Search,402.58,67152,176942
2022-05-14,TV,2260.06,167653,314224
2022-05-14,Digital,1131.69,221869,994350
2022-05-14,Social,696.94,164815,394699
2022-05-14,Search,531.31,90923,211181
2022-05-15,TV,2966.14,245374,438494
2022-05-15,Digital,1342.46,266145,1166936
2022-05-15,Social,846.44,196458,505668
2022-05-15,Search,416.75,76665,175066
2022-05-16,TV,2807.19,204663,402382
2022-05-16,Digital,2083.07,405798,1518491
2022-05-16,Social,932.36,220541,568559
2022-05-16,Search,518.62,98385,220562
2022-05-17,TV,3275.16,250005,532335
2022-05-17,Digital,1661.02,351632,1208338
2022-05-17,Social,720.33,196166,458094
2022-05-17,Search,514.25,98294,217924
2022-05-18,TV,3295.80,261249,461053
2022-05-18,Digital,1588.00,296219,1345878
2022-05-18,Social,788.15,179639,502619
2022-05-18,Search,696.77,130992,301911
2022-05-19,TV,3163.91,251217,500801
2022-05-19,Digital,2109.65,388310,1828596
2022-05-19,Social,734.98,177170,419859
2022-05-19,Search,440.55,73048,186322
2022-05-20,TV,2444.98,212249,333742
2022-05-20,Digital,1325.85,257732,1069511
2022-05-20,Social,576.66,134191,358289
2022-05-20,Search,495.22,91438,191730
2022-05-21,TV,2547.27,189743,389640
2022-05-21,Digital,1178.91,250054,959147
2022-05-21,Social,617.73,162408,354458
2022-05-21,Search,353.03,60428,141413
2022-05-22,TV,2395.72,191100,368500
2022-05-22,Digital,781.84,154846,659171
2022-05-22,Social,710.50,164479,390997
2022-05-22,Search,427.28,69944,171967
2022-05-23,TV,3360.48,279424,552717
2022-05-23,Digital,1596.09,322588,1355358
2022-05-23,Social,857.37,232188,563391
2022-05-23,Search,511.26,84184,219024
2022-05-24,TV,3585.43,297939,569860
2022-05-24,Digital,1400.21,304267,1142182
2022-05-24,Social,756.33,193597,431270
2022-05-24,Search,622.88,108865,254043
2022-05-25,TV,3127.52,230655,431787
2022-05-25,Digital,1097.96,205340,949569
2022-05-25,Social,1061.21,252025,644056
2022-05-25,Search,492.13,82945,178010
2022-05-26,TV,3395.40,250607,476322
2022-05-26,Digital,1504.23,311623,1247932
2022-05-26,Social,841.90,205527,551419
2022-05-26,Search,702.57,136801,294520
2022-05-27,TV,3826.56,287481,628645
2022-05-27,Digital,1614.97,309713,1277198
2022-05-27,Social,880.41,220198,530205
2022-05-27,Search,528.60,95310,214826
2022-05-28,TV,2314.84,167439,324045
2022-05-28,Digital,1356.59,290862,1109982
2022-05-28,Social,571.18,138492,350388
2022-05-28,Search,460.36,89078,172706
2022-05-29,TV,2278.00,186756,369294
2022-05-29,Digital,1032.15,202188,847960
2022-05-29,Social,715.82,182452,413730
2022-05-29,Search,553.89,94379,207596
2022-05-30,TV,3708.64,314183,518469
2022-05-30,Digital,1482.68,288155,1103969
2022-05-30,Social,626.00,151781,344326
2022-05-30,Search,620.08,118523,229866
2022-05-31,TV,2868.68,249113,400259
2022-05-31,Digital,1353.15,259037,989711
2022-05-31,Social,1145.89,301862,648808
2022-05-31,Search,445.45,74594,171685
2022-06-01,TV,3098.91,243064,458875
2022-06-01,Digital,1175.80,233432,982065
2022-06-01,Social,888.64,236674,556934
2022-06-01,Search,575.65,107016,251163
2022-06-02,TV,3497.30,270563,499331
2022-06-02,Digital,1592.34,319382,1311143
2022-06-02,Social,765.00,179958,422922
2022-06-02,Search,500.03,92790,210425
2022-06-03,TV,3421.64,275616,549275
2022-06-03,Digital,1579.35,328781,1176816
2022-06-03,Social,839.24,224517,462692
2022-06-03,Search,481.98,92461,203668
2022-06-04,TV,2132.83,176179,344458
2022-06-04,Digital,1274.06,265577,1027062
2022-06-04,Social,703.10,177032,463322
2022-06-04,Search,336.04,58043,121201
2022-06-05,TV,2351.48,181598,356691
2022-06-05,Digital,1084.34,197717,834383
2022-06-05,Social,606.09,161729,327357
2022-06-05,Search,418.91,79846,156761
2022-06-06,TV,3988.36,318930,614799
2022-06-06,Digital,1310.53,261080,1118018
2022-06-06,Social,607.66,165884,374644
2022-06-06,Search,494.05,85046,212250
2022-06-07,TV,3063.07,226361,453519
2022-06-07,Digital,1136.68,210481,872277
2022-06-07,Social,889.72,231989,527013
2022-06-07,Search,606.80,101465,222093
2022-06-08,TV,3229.51,235829,463530
2022-06-08,Digital,1713.88,350436,1379851
2022-06-08,Social,835.43,218578,545131
2022-06-08,Search,475.50,92728,192798
2022-06-09,TV,3665.93,269228,589778
2022-06-09,Digital,1182.65,233999,1007690
2022-06-09,Social,678.52,185805,389011
2022-06-09,Search,570.02,106515,209608
2022-06-10,TV,3448.50,254410,522401
2022-06-10,Digital,1836.94,334838,1579824
2022-06-10,Social,796.33,206574,446078
2022-06-10,Search,519.05,84126,187083
2022-06-11,TV,2875.80,231869,404917
2022-06-11,Digital,1056.07,206821,907874
2022-06-11,Social,756.06,182460,424551
2022-06-11,Search,391.89,66931,157677
2022-06-12,TV,2391.84,208006,362589
2022-06-12,Digital,1444.63,269385,1136737
2022-06-12,Social,645.12,170257,407763
2022-06-12,Search,356.68,58583,141275
2022-06-13,TV,2592.31,220766,408777
2022-06-13,Digital,1483.74,322479,1271929
2022-06-13,Social,888.05,239307,573537
2022-06-13,Search,599.68,107977,258725
2022-06-14,TV,2628.98,197860,419155
2022-06-14,Digital,1113.39,218559,934711
2022-06-14,Social,644.81,173560,422750
2022-06-14,Search,508.10,99012,213401
2022-06-15,TV,3104.72,246135,442220
2022-06-15,Digital,1393.23,281552,1218272
2022-06-15,Social,1075.74,252254,666593
2022-06-15,Search,642.40,122363,241598
2022-06-16,TV,3169.20,233210,479237
2022-06-16,Digital,1848.44,370286,1617993
2022-06-16,Social,773.22,202474,485117
2022-06-16,Search,552.23,90719,219869
2022-06-17,TV,2870.05,249854,389160
2022-06-17,Digital,1158.21,252613,923283
2022-06-17,Social,685.34,168678,421823
2022-06-17,Search,585.57,102666,238068
2022-06-18,TV,3093.34,249358,426922
2022-06-18,Digital,1185.78,244470,904307
2022-06-18,Social,641.14,159229,380420
2022-06-18,Search,309.41,54688,122789
2022-06-19,TV,2172.17,190106,320547
2022-06-19,Digital,1169.46,250415,962372
2022-06-19,Social,548.26,141472,307785
2022-06-19,Search,377.81,70392,165952
2022-06-20,TV,3189.85,249614,465907
2022-06-20,Digital,1418.81,309490,1112180
2022-06-20,Social,763.64,205031,465031
2022-06-20,Search,543.69,89921,209807
2022-06-21,TV,3256.81,265400,526734
2022-06-21,Digital,1843.89,343886,1423823
2022-06-21,Social,673.25,172630,364284
2022-06-21,Search,443.79,78992,170338
2022-06-22,TV,3676.06,265998,525836
2022-06-22,Digital,1884.89,375106,1587780
2022-06-22,Social,680.34,186990,372519
2022-06-22,Search,566.57,100714,232008
2022-06-23,TV,2485.80,200981,379976
2022-06-23,Digital,1567.09,301319,1298734
2022-06-23,Social,816.80,209010,497034
2022-06-23,Search,584.30,103189,213868
2022-06-24,TV,2246.55,190578,360367
2022-06-24,Digital,1514.71,279467,1202571
2022-06-24,Social,787.42,214325,457651
2022-06-24,Search,595.42,105003,242052
2022-06-25,TV,2404.55,187778,380621
2022-06-25,Digital,1094.26,220327,834304
2022-06-25,Social,558.18,130242,344287
2022-06-25,Search,485.86,92811,208954
2022-06-26,TV,2245.15,191671,369546
2022-06-26,Digital,1267.88,236537,941182
2022-06-26,Social,534.18,127931,327032
2022-06-26,Search,405.95,66658,173417
2022-06-27,TV,3324.15,252777,500625
2022-06-27,Digital,1796.82,378782,1293866
2022-06-27,Social,936.06,219503,580251
2022-06-27,Search,443.05,72429,176597
2022-06-28,TV,2790.88,211524,426586
2022-06-28,Digital,1289.76,256597,1100613
2022-06-28,Social,818.61,198416,538735
2022-06-28,Search,476.71,81287,177313
2022-06-29,TV,3867.68,335108,527619
2022-06-29,Digital,1438.71,271217,1192327
2022-06-29,Social,782.40,191816,478093
2022-06-29,Search,385.46,74509,157157
2022-06-30,TV,3026.82,264822,441077
2022-06-30,Digital,1505.75,288668,1218560
2022-06-30,Social,829.94,204923,502083
2022-06-30,Search,463.36,89154,203527
2022-07-01,TV,2534.26,202848,378607
2022-07-01,Digital,1664.38,347589,1203544
2022-07-01,Social,923.90,227023,570167
2022-07-01,Search,572.27,93427,211190
2022-07-02,TV,2347.45,202389,325559
2022-07-02,Digital,987.59,186889,856272
2022-07-02,Social,545.02,126213,333245
2022-07-02,Search,537.31,87881,214234
2022-07-03,TV,1902.89,154015,309930
2022-07-03,Digital,796.40,169426,621093
2022-07-03,Social,617.73,143367,391253
2022-07-03,Search,406.89,67628,176109
2022-07-04,TV,2702.90,215267,390468
2022-07-04,Digital,1381.57,272196,1034138
2022-07-04,Social,893.96,228361,518331
2022-07-04,Search,495.40,84096,203516
2022-07-05,TV,2815.30,204025,422202
2022-07-05,Digital,1331.11,265177,1041201
2022-07-05,Social,640.82,154618,391970
2022-07-05,Search,483.73,88826,186768
2022-07-06,TV,3791.34,287035,537448
2022-07-06,Digital,1786.68,322039,1523807
2022-07-06,Social,921.69,240959,521841
2022-07-06,Search,501.67,84271,213866
2022-07-07,TV,3210.25,269199,471365
2022-07-07,Digital,1495.05,308484,1302850
2022-07-07,Social,864.10,225407,515589
2022-07-07,Search,501.62,97933,206271
2022-07-08,TV,2738.25,204034,433114
2022-07-08,Digital,1350.09,271965,1089916
2022-07-08,Social,824.88,198837,512262
2022-07-08,Search,585.03,106444,218610
2022-07-09,TV,2090.33,173288,303909
2022-07-09,Digital,1098.77,229106,846075
2022-07-09,Social,411.48,99325,240383
2022-07-09,Search,481.68,79489,175969
2022-07-10,TV,2290.78,196151,312495
2022-07-10,Digital,1224.59,235538,899878
2022-07-10,Social,550.38,136815,347712
2022-07-10,Search,407.78,75435,158435
2022-07-11,TV,3399.17,273506,534690
2022-07-11,Digital,1735.18,363155,1280461
2022-07-11,Social,856.38,207946,493303
2022-07-11,Search,431.02,82329,174860
2022-07-12,TV,3205.08,276985,452221
2022-07-12,Digital,1724.51,333406,1376384
2022-07-12,Social,737.34,170502,417432
2022-07-12,Search,502.56,82919,212584
2022-07-13,TV,2956.69,243362,480620
2022-07-13,Digital,1384.39,303479,1091366
2022-07-13,Social,959.11,241454,538072
2022-07-13,Search,534.74,104215,195428
2022-07-14,TV,3232.36,257307,437303
2022-07-14,Digital,1288.81,274630,1017602
2022-07-14,Social,805.21,188480,477825
2022-07-14,Search,539.82,93392,208445
2022-07-15,TV,2525.02,211251,377438
2022-07-15,Digital,1095.17,232429,878215
2022-07-15,Social,951.12,219109,562097
2022-07-15,Search,573.77,102832,219985
2022-07-16,TV,2634.19,220649,390600
2022-07-16,Digital,1024.96,200026,764632
2022-07-16,Social,672.81,153580,388379
2022-07-16,Search,319.00,54088,124946
2022-07-17,TV,1959.07,168908,301448
2022-07-17,Digital,1055.49,208142,924042
2022-07-17,Social,557.25,141406,353765
2022-07-17,Search,459.85,85909,169672
2022-07-18,TV,2511.78,200126,382602
2022-07-18,Digital,1484.99,298856,1124778
2022-07-18,Social,999.80,233139,624386
2022-07-18,Search,463.88,84172,182198
2022-07-19,TV,2094.20,156485,301239
2022-07-19,Digital,1475.10,281858,1283427
2022-07-19,Social,840.94,220791,545022
2022-07-19,Search,450.83,83908,188418
2022-07-20,TV,2657.86,215224,428727
2022-07-20,Digital,1421.04,302618,1225470
2022-07-20,Social,731.71,177385,440771
2022-07-20,Search,621.93,121920,260806
2022-07-21,TV,3172.70,235716,470299
2022-07-21,Digital,1482.14,301396,1240521
2022-07-21,Social,620.02,165723,397205
2022-07-21,Search,410.61,78639,157647
2022-07-22,TV,2449.75,211944,363923
2022-07-22,Digital,1462.03,267958,1056028
2022-07-22,Social,747.28,179318,490107
2022-07-22,Search,604.90,118146,257003
2022-07-23,TV,2511.05,189076,376381
2022-07-23,Digital,873.00,187653,701619
2022-07-23,Social,539.09,123533,338083
2022-07-23,Search,437.77,80976,164949
2022-07-24,TV,1765.52,151097,244386
2022-07-24,Digital,1172.56,214903,890352
2022-07-24,Social,737.30,185753,422480
2022-07-24,Search,386.58,75380,156997
2022-07-25,TV,3167.50,268347,490015
2022-07-25,Digital,1513.75,324938,1294242
2022-07-25,Social,609.96,162656,361968
2022-07-25,Search,449.26,82112,175044
2022-07-26,TV,3644.80,316346,556036
2022-07-26,Digital,1915.54,361730,1621100
2022-07-26,Social,1021.42,245807,613412
2022-07-26,Search,592.84,112064,249207
2022-07-27,TV,2340.48,197304,362933
2022-07-27,Digital,1631.38,306383,1350349
2022-07-27,Social,1027.54,237457,584605
2022-07-27,Search,531.48,97283,191777
2022-07-28,TV,3646.47,312302,600000
2022-07-28,Digital,1473.00,283250,1212886
2022-07-28,Social,799.88,208909,435993
2022-07-28,Search,551.65,90540,222034
2022-07-29,TV,3476.83,297927,544177
2022-07-29,Digital,1179.02,214238,910723
2022-07-29,Social,900.84,234878,508788
2022-07-29,Search,470.80,77449,182414
2022-07-30,TV,2154.95,172264,315427
2022-07-30,Digital,884.83,173500,766622
2022-07-30,Social,755.72,189295,462465
2022-07-30,Search,435.85,79525,164193
2022-07-31,TV,2382.75,198409,366464
2022-07-31,Digital,1424.30,287397,1247782
2022-07-31,Social,807.91,199158,471825
2022-07-31,Search,376.41,73928,149069
2022-08-01,TV,3111.05,266842,496561
2022-08-01,Digital,1884.33,357224,1503650
2022-08-01,Social,870.21,233965,480486
2022-08-01,Search,581.61,100296,227659
2022-08-02,TV,3036.70,225154,456238
2022-08-02,Digital,1486.20,281781,1185665
2022-08-02,Social,590.96,149061,349033
2022-08-02,Search,556.66,105524,217241
2022-08-03,TV,4125.11,316477,621394
2022-08-03,Digital,1563.36,305025,1189377
2022-08-03,Social,1001.45,245966,544985
2022-08-03,Search,566.65,93936,249290
2022-08-04,TV,1996.82,164045,281834
2022-08-04,Digital,1682.98,338979,1432048
2022-08-04,Social,936.92,223248,615589
2022-08-04,Search,477.45,93904,173311
2022-08-05,TV,2813.47,208663,462545
2022-08-05,Digital,1293.21,233205,960640
2022-08-05,Social,712.37,193538,428203
2022-08-05,Search,555.44,92030,228121
2022-08-06,TV,2186.80,175954,333203
2022-08-06,Digital,1006.03,204908,852190
2022-08-06,Social,740.06,187795,403621
2022-08-06,Search,359.00,64559,136711
2022-08-07,TV,2391.35,205092,367791
2022-08-07,Digital,785.20,163071,565792
2022-08-07,Social,681.22,179280,390601
2022-08-07,Search,455.61,83873,180578
2022-08-08,TV,3048.70,266379,421808
2022-08-08,Digital,1751.98,364896,1494415
2022-08-08,Social,842.71,227226,468794
2022-08-08,Search,420.80,75606,166754
2022-08-09,TV,3173.00,277591,505083
2022-08-09,Digital,1518.57,331646,1332722
2022-08-09,Social,876.93,234102,559911
2022-08-09,Search,389.99,74067,164283
2022-08-10,TV,3486.97,262681,523451
2022-08-10,Digital,1593.35,320118,1163785
2022-08-10,Social,670.43,165702,422160
2022-08-10,Search,520.69,102380,196713
2022-08-11,TV,3147.81,264969,467403
2022-08-11,Digital,1785.84,380697,1312744
2022-08-11,Social,792.45,202973,438640
2022-08-11,Search,413.28,81108,155161
2022-08-12,TV,3534.93,309339,496971
2022-08-12,Digital,1130.42,209249,837997
2022-08-12,Social,820.08,186138,468622
2022-08-12,Search,563.46,104571,210526
2022-08-13,TV,2877.10,235287,450912
2022-08-13,Digital,907.34,176245,720330
2022-08-13,Social,789.16,180176,431506
2022-08-13,Search,398.40,74439,165399
2022-08-14,TV,2513.01,203655,351286
2022-08-14,Digital,1061.85,206900,897183
2022-08-14,Social,703.08,160285,420391
2022-08-14,Search,322.32,59364,118581
2022-08-15,TV,2929.60,246116,443305
2022-08-15,Digital,1454.07,288814,1183588
2022-08-15,Social,814.38,213546,535825
2022-08-15,Search,429.43,82948,174324
2022-08-16,TV,3184.57,233270,477304
2022-08-16,Digital,1691.03,324580,1256546
2022-08-16,Social,803.44,216529,496107
2022-08-16,Search,576.14,97772,226732
2022-08-17,TV,3784.18,275585,532708
2022-08-17,Digital,1825.74,356572,1440619
2022-08-17,Social,794.52,197632,443275
2022-08-17,Search,467.33,82426,194202
2022-08-18,TV,3628.15,270018,493626
2022-08-18,Digital,2027.61,413190,1712740
2022-08-18,Social,850.03,208857,472843
2022-08-18,Search,680.86,124300,255816
2022-08-19,TV,3699.66,266966,551047
2022-08-19,Digital,1472.62,300703,1067360
2022-08-19,Social,904.27,218542,574894
2022-08-19,Search,550.21,108261,199218
2022-08-20,TV,1889.45,138745,297738
2022-08-20,Digital,1241.70,225225,983719
2022-08-20,Social,655.14,165113,383704
2022-08-20,Search,418.30,68385,167630
2022-08-21,TV,2753.53,220088,387060
2022-08-21,Digital,1011.27,183038,861383
2022-08-21,Social,544.52,143576,342623
2022-08-21,Search,516.55,98415,227232
2022-08-22,TV,3321.87,282106,544562
2022-08-22,Digital,1643.38,326964,1184886
2022-08-22,Social,824.22,187667,541847
2022-08-22,Search,575.78,110378,242268
2022-08-23,TV,2887.10,249555,405665
2022-08-23,Digital,1947.64,361811,1604216
2022-08-23,Social,941.57,221959,574852
2022-08-23,Search,524.59,99247,194807
2022-08-24,TV,2987.20,249989,455548
2022-08-24,Digital,1009.53,194035,859844
2022-08-24,Social,870.22,203643,534351
2022-08-24,Search,433.65,73502,162449
2022-08-25,TV,2833.29,208275,460943
2022-08-25,Digital,1384.71,275297,1014471
2022-08-25,Social,604.39,157751,328118
2022-08-25,Search,548.64,108051,203388
2022-08-26,TV,3935.10,305936,594993
2022-08-26,Digital,1413.79,260812,1026307
2022-08-26,Social,956.76,220553,626303
2022-08-26,Search,580.65,105290,251870
2022-08-27,TV,2908.93,234599,428014
2022-08-27,Digital,1357.88,285559,1039711
2022-08-27,Social,539.54,132554,322361
2022-08-27,Search,349.15,61940,150239
2022-08-28,TV,2896.98,214464,431384
2022-08-28,Digital,1152.05,253411,996820
2022-08-28,Social,556.59,137927,302136
2022-08-28,Search,394.71,74588,155936
2022-08-29,TV,2407.27,210943,332892
2022-08-29,Digital,1021.39,185178,783048
2022-08-29,Social,866.60,213928,472500
2022-08-29,Search,484.40,85511,202942
2022-08-30,TV,3205.77,270235,523411
2022-08-30,Digital,1014.29,190751,828949
2022-08-30,Social,821.27,192890,475617
2022-08-30,Search,477.94,81391,192718
2022-08-31,TV,2740.53,238734,373183
2022-08-31,Digital,1543.67,287600,1166771
2022-08-31,Social,954.26,227797,536770
2022-08-31,Search,501.18,94080,180814
2022-09-01,TV,3545.88,297484,530996
2022-09-01,Digital,1696.90,369164,1262057
2022-09-01,Social,1154.75,259903,652403
2022-09-01,Search,561.88,95429,205016
2022-09-02,TV,3865.51,293696,555670
2022-09-02,Digital,1671.38,348603,1311243
2022-09-02,Social,877.63,197677,528277
2022-09-02,Search,585.51,106903,247232
2022-09-03,TV,2686.05,198514,426946
2022-09-03,Digital,1247.40,225685,1088715
2022-09-03,Social,723.51,190029,445202
2022-09-03,Search,366.31,70160,135939
2022-09-04,TV,1624.07,136218,247603
2022-09-04,Digital,1263.18,254249,1065786
2022-09-04,Social,641.77,164220,376450
2022-09-04,Search,314.67,57114,131736
2022-09-05,TV,2818.73,245835,460253
2022-09-05,Digital,2339.87,502286,1889725
2022-09-05,Social,773.30,183463,422284
2022-09-05,Search,554.02,108127,235610
2022-09-06,TV,3859.68,320155,549893
2022-09-06,Digital,1587.61,293311,1167666
2022-09-06,Social,1039.02,238064,573055
2022-09-06,Search,371.77,72035,143303
2022-09-07,TV,2949.45,229792,421105
2022-09-07,Digital,1372.35,274538,1154798
2022-09-07,Social,983.72,269182,553530
2022-09-07,Search,529.98,90812,226740
2022-09-08,TV,3743.85,288962,532282
2022-09-08,Digital,1656.73,325572,1200790
2022-09-08,Social,737.41,188305,420358
2022-09-08,Search,723.23,132315,301096
2022-09-09,TV,3620.20,269242,494556
2022-09-09,Digital,1441.27,262803,1069522
2022-09-09,Social,1028.19,272989,642371
2022-09-09,Search,457.53,82999,168065
2022-09-10,TV,1655.60,136490,249002
2022-09-10,Digital,1230.69,250886,1037138
2022-09-10,Social,721.95,194590,402045
2022-09-10,Search,409.35,74137,163764
2022-09-11,TV,2763.25,213312,384307
2022-09-11,Digital,1311.66,248029,1135948
2022-09-11,Social,623.79,150070,408035
2022-09-11,Search,385.45,65527,169467
2022-09-12,TV,3688.93,275015,508486
2022-09-12,Digital,1662.56,350572,1449860
2022-09-12,Social,763.02,192623,474900
2022-09-12,Search,523.22,102433,214658
2022-09-13,TV,3582.31,277755,485535
2022-09-13,Digital,990.92,204746,854929
2022-09-13,Social,899.94,223395,504641
2022-09-13,Search,560.51,91920,220906
2022-09-14,TV,3486.83,282380,525364
2022-09-14,Digital,1655.96,328428,1200140
2022-09-14,Social,838.89,196124,552020
2022-09-14,Search,413.04,68802,172980
2022-09-15,TV,3745.22,290680,519660
2022-09-15,Digital,1523.28,314092,1161227
2022-09-15,Social,750.66,187580,444033
2022-09-15,Search,530.93,100373,200667
2022-09-16,TV,3693.60,319921,582176
2022-09-16,Digital,1165.16,224273,974152
2022-09-16,Social,985.50,230492,549235
2022-09-16,Search,534.21,95000,234521
2022-09-17,TV,2690.86,229270,365296
2022-09-17,Digital,1123.74,230232,868944
2022-09-17,Social,784.56,205691,482588
2022-09-17,Search,420.03,71144,175806
2022-09-18,TV,2288.84,173398,347331
2022-09-18,Digital,1256.30,247332,1003261
2022-09-18,Social,615.72,167481,388408
2022-09-18,Search,437.37,82654,161869
2022-09-19,TV,2107.47,165031,346901
2022-09-19,Digital,1797.55,360184,1537923
2022-09-19,Social,838.33,203340,522995
2022-09-19,Search,469.47,82818,174742
2022-09-20,TV,4251.04,371125,653138
2022-09-20,Digital,2157.03,426394,1897419
2022-09-20,Social,960.92,257346,549979
2022-09-20,Search,476.41,87873,189548
2022-09-21,TV,3634.28,295288,560309
2022-09-21,Digital,1324.18,257505,961141
2022-09-21,Social,938.30,235056,563046
2022-09-21,Search,541.32,97113,207924
2022-09-22,TV,3505.72,300880,558639
2022-09-22,Digital,1785.76,343409,1373535
2022-09-22,Social,687.87,167785,384025
2022-09-22,Search,612.97,101738,224929
2022-09-23,TV,3418.58,259964,537221
2022-09-23,Digital,1389.05,269825,1079442
2022-09-23,Social,804.26,219962,497992
2022-09-23,Search,524.80,90239,200811
2022-09-24,TV,2770.79,203977,433095
2022-09-24,Digital,960.83,191899,721862
2022-09-24,Social,550.59,136645,297485
2022-09-24,Search,393.33,73187,148945
2022-09-25,TV,2591.59,219308,388772
2022-09-25,Digital,1531.29,328553,1300074
2022-09-25,Social,647.89,154755,412164
2022-09-25,Search,341.68,61955,150149
2022-09-26,TV,2469.06,178494,396042
2022-09-26,Digital,1921.37,408602,1688641
2022-09-26,Social,909.09,244462,524838
2022-09-26,Search,592.22,109936,226416
2022-09-27,TV,3390.10,290908,469711
2022-09-27,Digital,1494.05,292919,1150046
2022-09-27,Social,870.73,196097,569037
2022-09-27,Search,447.38,80474,164652
2022-09-28,TV,3163.09,247229,520719
2022-09-28,Digital,1147.87,215921,837944
2022-09-28,Social,857.40,212066,548196
2022-09-28,Search,511.36,94306,221414
2022-09-29,TV,3492.53,266886,569809
2022-09-29,Digital,1677.27,315987,1454255
2022-09-29,Social,812.36,187125,505925
2022-09-29,Search,554.65,104778,225838
2022-09-30,TV,2588.20,203533,410023
2022-09-30,Digital,1719.47,316724,1411438
2022-09-30,Social,647.58,170330,422731
2022-09-30,Search,670.18,125064,274335
2022-10-01,TV,2507.79,200917,345964
2022-10-01,Digital,1192.63,245586,1020012
2022-10-01,Social,546.39,131915,318958
2022-10-01,Search,329.99,53570,121978
2022-10-02,TV,2617.28,197801,394956
2022-10-02,Digital,1447.70,301479,1047587
2022-10-02,Social,781.92,202360,500783
2022-10-02,Search,380.44,68788,137064
2022-10-03,TV,3651.21,307312,571238
2022-10-03,Digital,1856.63,368944,1617639
2022-10-03,Social,902.14,234116,499179
2022-10-03,Search,560.53,103227,245553
2022-10-04,TV,3881.52,321504,626373
2022-10-04,Digital,2077.60,422840,1824249
2022-10-04,Social,876.55,202509,494160
2022-10-04,Search,644.19,112216,243589
2022-10-05,TV,2805.34,240733,454437
2022-10-05,Digital,1729.68,311825,1466290
2022-10-05,Social,689.39,179804,402577
2022-10-05,Search,512.85,89577,220200
2022-10-06,TV,3207.75,264387,497438
2022-10-06,Digital,1646.29,315637,1395632
2022-10-06,Social,1056.24,288566,590939
2022-10-06,Search,675.03,129384,264109
2022-10-07,TV,4812.30,392873,759874
2022-10-07,Digital,1831.80,370132,1567118
2022-10-07,Social,866.49,195822,551174
2022-10-07,Search,670.67,125120,260569
2022-10-08,TV,1978.07,150204,317463
2022-10-08,Digital,1366.02,295847,1063242
2022-10-08,Social,667.39,154901,386164
2022-10-08,Search,289.72,54608,123736
2022-10-09,TV,3063.13,239580,413927
2022-10-09,Digital,1039.53,225691,784650
2022-10-09,Social,485.88,132522,300199
2022-10-09,Search,550.10,104302,237325
2022-10-10,TV,3826.98,318576,596415
2022-10-10,Digital,2047.17,419261,1757522
2022-10-10,Social,782.66,209568,469914
2022-10-10,Search,517.21,87890,186616
2022-10-11,TV,3986.89,325373,635049
2022-10-11,Digital,1437.01,305452,1107389
2022-10-11,Social,888.76,216336,487528
2022-10-11,Search,595.35,106653,231696
2022-10-12,TV,3517.02,275066,505480
2022-10-12,Digital,1355.78,282703,1029324
2022-10-12,Social,726.31,194742,412487
2022-10-12,Search,381.50,69355,140190
2022-10-13,TV,2876.30,247613,412128
2022-10-13,Digital,2055.23,410936,1565123
2022-10-13,Social,1032.10,274552,629813
2022-10-13,Search,545.59,96722,238275
2022-10-14,TV,3138.40,242884,493776
2022-10-14,Digital,1816.95,393506,1340518
2022-10-14,Social,828.83,205095,496569
2022-10-14,Search,540.14,103198,200241
2022-10-15,TV,1975.82,157994,272571
2022-10-15,Digital,1080.51,210150,804726
2022-10-15,Social,757.31,199265,482751
2022-10-15,Search,347.53,62078,131423
2022-10-16,TV,2351.11,198876,348090
2022-10-16,Digital,1329.22,278505,1167747
2022-10-16,Social,684.42,169823,381193
2022-10-16,Search,353.55,61833,139767
2022-10-17,TV,3627.57,309179,540200
2022-10-17,Digital,1677.82,326279,1424273
2022-10-17,Social,884.09,242900,557258
2022-10-17,Search,455.41,81664,190275
2022-10-18,TV,3418.52,262919,484910
2022-10-18,Digital,1929.03,348455,1446220
2022-10-18,Social,650.77,173773,390718
2022-10-18,Search,604.15,104925,239678
2022-10-19,TV,3366.09,272659,487981
2022-10-19,Digital,1721.65,362962,1348235
2022-10-19,Social,513.43,138460,288710
2022-10-19,Search,509.11,91937,195510
2022-10-20,TV,3793.11,288316,513239
2022-10-20,Digital,1722.87,355097,1344458
2022-10-20,Social,920.36,210191,589195
2022-10-20,Search,640.71,108558,247993
2022-10-21,TV,3111.60,243993,459045
2022-10-21,Digital,1011.01,187577,825591
2022-10-21,Social,912.66,238298,584385
2022-10-21,Search,649.33,119389,254871
2022-10-22,TV,2471.17,188332,401702
2022-10-22,Digital,1216.42,244419,952387
2022-10-22,Social,643.84,167203,407951
2022-10-22,Search,383.83,72921,146151
2022-10-23,TV,2466.72,198317,394741
2022-10-23,Digital,1292.94,272655,1029027
2022-10-23,Social,524.51,143113,303842
2022-10-23,Search,370.70,71446,146175
2022-10-24,TV,3299.26,247674,510352
2022-10-24,Digital,1684.12,324810,1333883
2022-10-24,Social,867.68,233484,520586
2022-10-24,Search,453.49,79000,172496
2022-10-25,TV,3120.20,259823,423813
2022-10-25,Digital,1690.03,360394,1359318
2022-10-25,Social,931.02,219256,547709
2022-10-25,Search,592.13,113772,234739
2022-10-26,TV,3350.54,250677,547179
2022-10-26,Digital,1735.30,322573,1278096
2022-10-26,Social,899.16,239630,555813
2022-10-26,Search,393.96,70772,160949
2022-10-27,TV,3534.68,263793,559833
2022-10-27,Digital,1628.97,303483,1403006
2022-10-27,Social,805.36,214915,473951
2022-10-27,Search,599.80,109118,217481
2022-10-28,TV,3408.71,268597,519342
2022-10-28,Digital,1755.71,330587,1504704
2022-10-28,Social,895.13,209467,527752
2022-10-28,Search,569.01,111867,230729
2022-10-29,TV,2356.84,206621,336990
2022-10-29,Digital,1233.06,255422,940806
2022-10-29,Social,688.40,173696,443469
2022-10-29,Search,400.10,71306,172316
2022-10-30,TV,2569.17,218121,353033
2022-10-30,Digital,833.77,180890,659767
2022-10-30,Social,709.19,183866,463075
2022-10-30,Search,290.06,50031,109023
2022-10-31,TV,3681.31,275865,598230
2022-10-31,Digital,2084.78,406676,1575719
2022-10-31,Social,1063.76,247851,609999
2022-10-31,Search,649.02,115506,284473
2022-11-01,TV,5026.21,379764,763404
2022-11-01,Digital,2460.51,515863,2069279
2022-11-01,Social,1290.66,347249,792325
2022-11-01,Search,865.77,159353,380015
2022-11-02,TV,4436.88,335001,679469
2022-11-02,Digital,2993.81,554121,2491195
2022-11-02,Social,1553.84,391638,855294
2022-11-02,Search,818.87,159035,302515
2022-11-03,TV,4437.60,322898,728868
2022-11-03,Digital,2704.03,547643,2132612
2022-11-03,Social,1471.52,361977,864393
2022-11-03,Search,920.21,160043,343912
2022-11-04,TV,5577.90,428714,916542
2022-11-04,Digital,2122.97,432076,1618475
2022-11-04,Social,1321.45,298872,828200
2022-11-04,Search,662.19,119329,267320
2022-11-05,TV,3767.86,316391,620987
2022-11-05,Digital,1910.76,401529,1634533
2022-11-05,Social,1053.61,237601,659333
2022-11-05,Search,634.10,105081,276965
2022-11-06,TV,4208.43,314177,665560
2022-11-06,Digital,1574.78,340411,1329522
2022-11-06,Social,1302.50,308575,708441
2022-11-06,Search,563.51,96543,228668
2022-11-07,TV,5483.96,473704,797668
2022-11-07,Digital,2539.63,476681,1912358
2022-11-07,Social,1444.13,350744,786888
2022-11-07,Search,830.52,158750,359176
2022-11-08,TV,5198.49,455256,719500
2022-11-08,Digital,2161.16,465491,1634267
2022-11-08,Social,1231.33,321248,797525
2022-11-08,Search,921.97,156862,361769
2022-11-09,TV,4019.35,325423,626432
2022-11-09,Digital,2470.29,465220,1855146
2022-11-09,Social,1345.25,313592,863621
2022-11-09,Search,747.51,131701,278861
2022-11-10,TV,4886.44,393839,710510
2022-11-10,Digital,2503.41,525378,2018096
2022-11-10,Social,1262.33,336515,801123
2022-11-10,Search,777.65,147049,285580
2022-11-11,TV,5154.39,435448,812025
2022-11-11,Digital,2395.89,468905,2072986
2022-11-11,Social,1115.15,303956,617960
2022-11-11,Search,717.18,122449,286665
2022-11-12,TV,3993.95,307309,583719
2022-11-12,Digital,2200.84,410241,1903787
2022-11-12,Social,857.61,230137,529066
2022-11-12,Search,715.74,130543,309297
2022-11-13,TV,2880.47,211900,400307
2022-11-13,Digital,2588.16,506815,1894952
2022-11-13,Social,1032.39,244269,607142
2022-11-13,Search,738.59,144756,316410
2022-11-14,TV,4871.73,402816,732031
2022-11-14,Digital,2807.76,608476,2134740
2022-11-14,Social,1670.22,434359,1080370
2022-11-14,Search,991.00,175729,392321
2022-11-15,TV,4988.70,404770,697172
2022-11-15,Digital,2399.58,503127,1932353
2022-11-15,Social,1278.38,304924,719633
2022-11-15,Search,1079.98,202371,394216
2022-11-16,TV,4436.61,344609,641239
2022-11-16,Digital,1796.45,342826,1500332
2022-11-16,Social,1493.73,343935,849230
2022-11-16,Search,954.81,183597,383253
2022-11-17,TV,3417.85,271295,475729
2022-11-17,Digital,2784.90,553207,2439048
2022-11-17,Social,1095.66,293635,611816
2022-11-17,Search,973.86,161041,393070
2022-11-18,TV,4824.86,408985,697867
2022-11-18,Digital,2210.65,480309,1871523
2022-11-18,Social,1052.87,287913,606768
2022-11-18,Search,719.40,130599,287337
2022-11-19,TV,3057.40,260711,430934
2022-11-19,Digital,2063.21,388624,1562917
2022-11-19,Social,1107.89,280196,645363
2022-11-19,Search,742.49,129851,303975
2022-11-20,TV,4275.86,356874,662609
2022-11-20,Digital,1986.32,433814,1517525
2022-11-20,Social,1112.32,278271,705349
2022-11-20,Search,574.64,108301,231254
2022-11-21,TV,5422.32,474791,784170
2022-11-21,Digital,2078.80,410541,1760739
2022-11-21,Social,1558.89,352153,936817
2022-11-21,Search,993.73,175219,367707
2022-11-22,TV,4585.68,352557,648878
2022-11-22,Digital,2373.50,501295,2041167
2022-11-22,Social,1320.47,335769,739797
2022-11-22,Search,778.72,130610,291774
2022-11-23,TV,4238.94,341372,617104
2022-11-23,Digital,2994.28,634285,2603262
2022-11-23,Social,1049.45,288013,623022
2022-11-23,Search,946.37,172134,354980
2022-11-24,TV,5079.36,418223,699525
2022-11-24,Digital,1720.63,374805,1457142
2022-11-24,Social,1331.79,318795,810804
2022-11-24,Search,929.13,170387,393062
2022-11-25,TV,4119.80,322624,658938
2022-11-25,Digital,2154.15,425951,1597303
2022-11-25,Social,1202.88,320630,699022
2022-11-25,Search,887.61,170605,387910
2022-11-26,TV,3553.25,259629,568799
2022-11-26,Digital,2040.10,420016,1474993
2022-11-26,Social,1018.64,266747,560382
2022-11-26,Search,669.50,113752,260877
2022-11-27,TV,4035.26,299220,580821
2022-11-27,Digital,2274.01,451498,1668886
2022-11-27,Social,887.05,199842,483985
2022-11-27,Search,581.61,114427,252732
2022-11-28,TV,5515.56,400409,810782
2022-11-28,Digital,2828.71,554453,2454626
2022-11-28,Social,1324.46,301637,870265
2022-11-28,Search,595.41,115111,232968
2022-11-29,TV,5162.11,449259,698483
2022-11-29,Digital,2938.42,596198,2222983
2022-11-29,Social,1401.89,321741,896000
2022-11-29,Search,918.20,170533,393533
2022-11-30,TV,4747.76,407726,669181
2022-11-30,Digital,2266.73,445219,1636556
2022-11-30,Social,1583.51,378704,872795
2022-11-30,Search,763.76,135696,283336
2022-12-01,TV,5089.05,394826,824415
2022-12-01,Digital,2654.25,508311,2299811
2022-12-01,Social,1370.12,340465,886976
2022-12-01,Search,904.42,163555,360074
2022-12-02,TV,3515.83,254920,565203
2022-12-02,Digital,2894.53,545146,2200307
2022-12-02,Social,1255.93,285409,720013
2022-12-02,Search,998.82,177219,365126
2022-12-03,TV,3554.28,285001,526890
2022-12-03,Digital,2128.47,468093,1817167
2022-12-03,Social,802.93,188239,462468
2022-12-03,Search,637.65,107493,274555
2022-12-04,TV,3706.41,285106,586150
2022-12-04,Digital,2094.44,383515,1674285
2022-12-04,Social,1040.08,274626,661005
2022-12-04,Search,718.91,129429,281164
2022-12-05,TV,4953.01,435661,693249
2022-12-05,Digital,2979.19,640424,2513345
2022-12-05,Social,1232.40,329177,685727
2022-12-05,Search,896.19,163230,325600
2022-12-06,TV,4813.04,386253,755735
2022-12-06,Digital,2280.41,434757,1880092
2022-12-06,Social,1345.89,325631,807671
2022-12-06,Search,829.96,144529,357589
2022-12-07,TV,3205.83,239763,470372
2022-12-07,Digital,2597.07,496406,2003393
2022-12-07,Social,1299.96,344366,792700
2022-12-07,Search,819.40,139242,329962
2022-12-08,TV,4930.38,379025,790797
2022-12-08,Digital,2888.59,593327,2420426
2022-12-08,Social,1270.90,346714,765981
2022-12-08,Search,963.95,165730,382266
2022-12-09,TV,4413.09,356029,655526
2022-12-09,Digital,2715.31,559551,2326968
2022-12-09,Social,1441.64,354217,859335
2022-12-09,Search,765.26,142689,299227
2022-12-10,TV,3875.89,329242,635414
2022-12-10,Digital,2261.51,413144,1866781
2022-12-10,Social,1061.97,258735,639413
2022-12-10,Search,606.38,111527,219926
2022-12-11,TV,4385.82,380654,614050
2022-12-11,Digital,2016.50,430976,1455460
2022-12-11,Social,877.65,228079,542367
2022-12-11,Search,624.69,120036,244130
2022-12-12,TV,4855.45,381591,784005
2022-12-12,Digital,2762.37,500902,2386434
2022-12-12,Social,1352.17,322289,799098
2022-12-12,Search,925.38,166874,348776
2022-12-13,TV,4136.27,341878,561157
2022-12-13,Digital,2823.08,553838,2349186
2022-12-13,Social,1408.45,382605,791497
2022-12-13,Search,791.20,133399,310804
2022-12-14,TV,6025.67,495780,953761
2022-12-14,Digital,1854.07,379291,1563677
2022-12-14,Social,1056.37,260444,598080
2022-12-14,Search,885.71,167716,366773
2022-12-15,TV,5077.77,403843,716765
2022-12-15,Digital,2389.22,469692,1836709
2022-12-15,Social,1451.24,376858,934911
2022-12-15,Search,654.66,117927,260900
2022-12-16,TV,3998.69,308053,659094
2022-12-16,Digital,2860.83,551870,2069822
2022-12-16,Social,1251.10,290132,799967
2022-12-16,Search,739.42,138272,269662
2022-12-17,TV,3368.30,283744,532006
2022-12-17,Digital,1609.82,324865,1262476
2022-12-17,Social,1008.88,246708,567410
2022-12-17,Search,611.40,100393,223513
2022-12-18,TV,3868.56,338091,626279
2022-12-18,Digital,1529.89,276287,1148432
2022-12-18,Social,1088.78,286717,654442
2022-12-18,Search,517.65,95332,214219
2022-12-19,TV,4148.55,309298,574988
2022-12-19,Digital,2309.93,430009,1922760
2022-12-19,Social,1667.37,439569,947075
2022-12-19,Search,787.31,130107,329886
2022-12-20,TV,5816.28,495300,838932
2022-12-20,Digital,2281.46,434610,1790571
2022-12-20,Social,1320.09,344410,806528
2022-12-20,Search,863.00,161149,356584
2022-12-21,TV,5314.90,448244,870203
2022-12-21,Digital,2472.21,474911,2171421
2022-12-21,Social,1301.50,311207,823865
2022-12-21,Search,818.57,150598,322093
2022-12-22,TV,5723.81,428565,878650
2022-12-22,Digital,2561.62,545063,2024370
2022-12-22,Social,1488.08,380001,832566
2022-12-22,Search,834.60,165230,315944
2022-12-23,TV,6054.59,462854,960200
2022-12-23,Digital,2177.60,462672,1810851
2022-12-23,Social,1396.62,371643,766804
2022-12-23,Search,645.25,121364,238053
2022-12-24,TV,2695.50,194317,415163
2022-12-24,Digital,2006.53,437733,1531732
2022-12-24,Social,1029.48,277085,621109
2022-12-24,Search,681.28,131551,286609
2022-12-25,TV,4046.05,333426,576878
2022-12-25,Digital,1842.43,388561,1598055
2022-12-25,Social,837.46,215815,461588
2022-12-25,Search,463.41,75097,201657
2022-12-26,TV,5060.73,368777,774151
2022-12-26,Digital,2318.97,431891,1903710
2022-12-26,Social,1731.65,407248,1041729
2022-12-26,Search,901.92,163624,362034
2022-12-27,TV,6538.42,477627,913940
2022-12-27,Digital,1931.90,359349,1442153
2022-12-27,Social,1573.04,405159,994867
2022-12-27,Search,781.29,149996,333919
2022-12-28,TV,4167.54,344106,565023
2022-12-28,Digital,3308.76,615071,2651050
2022-12-28,Social,1174.79,297512,724833
2022-12-28,Search,779.69,139415,297878
2022-12-29,TV,5838.79,459907,891992
2022-12-29,Digital,2716.00,501084,2216189
2022-12-29,Social,1646.84,384660,982622
2022-12-29,Search,681.80,120071,246297
2022-12-30,TV,5400.03,390249,830239
2022-12-30,Digital,2544.84,504519,2091089
2022-12-30,Social,1551.04,381654,962732
2022-12-30,Search,455.62,88283,174252
2022-12-31,TV,4019.10,313906,621066
2022-12-31,Digital,2413.28,496356,1866533
2022-12-31,Social,736.85,183644,398419
2022-12-31,Search,611.57,103007,256163
2023-01-01,TV,1193.16,98464,171752
2023-01-01,Digital,770.83,159026,601117
2023-01-01,Social,330.94,75951,215484
2023-01-01,Search,215.36,42306,85429
2023-01-02,TV,1671.05,144632,254161
2023-01-02,Digital,914.38,179403,777787
2023-01-02,Social,430.88,105064,272027
2023-01-02,Search,247.93,40171,107467
2023-01-03,TV,1604.15,118911,253368
2023-01-03,Digital,951.96,197616,691815
2023-01-03,Social,382.01,94067,229259
2023-01-03,Search,329.44,54307,132639
2023-01-04,TV,1447.59,126036,224941
2023-01-04,Digital,879.50,192466,756189
2023-01-04,Social,470.18,126411,282671
2023-01-04,Search,248.93,41642,96629
2023-01-05,TV,1613.69,129054,242913
2023-01-05,Digital,700.85,133903,584488
2023-01-05,Social,233.85,63850,132758
2023-01-05,Search,361.06,58990,141627
2023-01-06,TV,1248.88,109305,183876
2023-01-06,Digital,884.50,179917,655142
2023-01-06,Social,370.16,92254,240368
2023-01-06,Search,251.99,48872,108961
2023-01-07,TV,1313.86,99991,201210
2023-01-07,Digital,659.63,128942,492428
2023-01-07,Social,279.53,63049,164933
2023-01-07,Search,235.74,38807,93424
2023-01-08,TV,1503.03,112472,243154
2023-01-08,Digital,583.89,113904,512449
2023-01-08,Social,443.58,114384,247748
2023-01-08,Search,170.21,33179,69490
2023-01-09,TV,1972.97,148851,310830
2023-01-09,Digital,788.23,165048,676633
2023-01-09,Social,380.75,99188,226210
2023-01-09,Search,308.18,52003,133537
2023-01-10,TV,1477.64,112231,222763
2023-01-10,Digital,878.78,159898,765952
2023-01-10,Social,496.01,131768,273540
2023-01-10,Search,195.59,33094,78671
2023-01-11,TV,1830.10,134245,301474
2023-01-11,Digital,1034.13,202789,749423
2023-01-11,Social,489.98,111461,322143
2023-01-11,Search,257.81,48246,111990
2023-01-12,TV,1882.25,158018,257906
2023-01-12,Digital,974.67,206334,817349
2023-01-12,Social,376.72,101161,236475
2023-01-12,Search,209.25,38146,78973
2023-01-13,TV,1797.52,152761,269396
2023-01-13,Digital,893.65,166300,734300
2023-01-13,Social,411.71,104808,249006
2023-01-13,Search,272.75,50512,116361
2023-01-14,TV,1190.56,100691,194293
2023-01-14,Digital,674.93,125143,584066
2023-01-14,Social,275.33,70882,150515
2023-01-14,Search,286.37,48275,110810
2023-01-15,TV,1302.64,103887,192528
2023-01-15,Digital,760.87,155480,645266
2023-01-15,Social,311.44,84179,183154
2023-01-15,Search,195.23,38060,79159
2023-01-16,TV,2944.94,255442,484058
2023-01-16,Digital,1127.14,204415,989668
2023-01-16,Social,545.47,146712,300127
2023-01-16,Search,443.22,82314,168281
2023-01-17,TV,2695.36,211682,372001
2023-01-17,Digital,1095.71,220289,889165
2023-01-17,Social,678.34,178556,440815
2023-01-17,Search,385.92,71436,162740
2023-01-18,TV,2367.47,179848,386327
2023-01-18,Digital,1155.22,230617,854035
2023-01-18,Social,659.66,150815,371584
2023-01-18,Search,426.43,79220,164285
2023-01-19,TV,2297.43,183655,344330
2023-01-19,Digital,1187.83,244329,869160
2023-01-19,Social,711.86,168203,391764
2023-01-19,Search,387.44,70793,160035
2023-01-20,TV,2537.81,196265,389961
2023-01-20,Digital,1151.16,245695,938908
2023-01-20,Social,681.39,169811,385119
2023-01-20,Search,407.52,66610,156432
2023-01-21,TV,1876.69,165037,268839
2023-01-21,Digital,995.47,197046,804334
2023-01-21,Social,533.18,131463,316323
2023-01-21,Search,297.76,58513,117100
2023-01-22,TV,1919.02,168457,312205
2023-01-22,Digital,962.63,207345,799653
2023-01-22,Social,414.61,109402,254153
2023-01-22,Search,305.05,58054,125188
2023-01-23,TV,2877.05,246429,472555
2023-01-23,Digital,1134.81,208342,943266
2023-01-23,Social,680.37,171392,395739
2023-01-23,Search,382.32,65624,149366
2023-01-24,TV,2440.94,207536,370413
2023-01-24,Digital,1164.32,226065,838581
2023-01-24,Social,537.68,140573,342463
2023-01-24,Search,470.36,81632,200753
2023-01-25,TV,2308.99,189121,358060
2023-01-25,Digital,1452.57,275923,1200731
2023-01-25,Social,651.29,162559,388649
2023-01-25,Search,382.45,62654,138029
2023-01-26,TV,2363.87,170675,341212
2023-01-26,Digital,1503.85,324397,1110979
2023-01-26,Social,622.77,163824,381451
2023-01-26,Search,402.24,76579,162372
2023-01-27,TV,2624.09,189947,370705
2023-01-27,Digital,1459.58,285062,1230467
2023-01-27,Social,642.41,145823,386504
2023-01-27,Search,295.63,57632,119290
2023-01-28,TV,1261.37,103500,196523
2023-01-28,Digital,1087.34,196636,860272
2023-01-28,Social,437.22,105406,268001
2023-01-28,Search,291.62,50790,127631
2023-01-29,TV,1484.76,123752,209646
2023-01-29,Digital,1033.27,194408,783091
2023-01-29,Social,470.04,107064,264534
2023-01-29,Search,274.71,54248,105487
2023-01-30,TV,2592.91,207732,354198
2023-01-30,Digital,1005.52,211908,793475
2023-01-30,Social,770.64,196711,460811
2023-01-30,Search,416.09,81918,169651
2023-01-31,TV,2862.27,211463,446453
2023-01-31,Digital,1241.95,228153,1060938
2023-01-31,Social,684.33,187474,440623
2023-01-31,Search,317.10,52269,119220
2023-02-01,TV,3529.88,276166,487150
2023-02-01,Digital,1566.93,303062,1197305
2023-02-01,Social,872.78,203490,513128
2023-02-01,Search,581.35,98082,214836
2023-02-02,TV,2931.08,224884,435688
2023-02-02,Digital,1535.55,318395,1348281
2023-02-02,Social,965.28,246175,575736
2023-02-02,Search,617.31,100160,245809
2023-02-03,TV,3244.01,248946,508636
2023-02-03,Digital,2070.98,452184,1509895
2023-02-03,Social,617.61,162820,401586
2023-02-03,Search,524.27,101831,192090
2023-02-04,TV,2559.16,214801,408662
2023-02-04,Digital,1120.34,227307,937356
2023-02-04,Social,587.22,155397,373744
2023-02-04,Search,395.34,78246,146505
2023-02-05,TV,2315.94,192802,352686
2023-02-05,Digital,1358.68,294716,1057226
2023-02-05,Social,737.29,180058,463593
2023-02-05,Search,421.17,72796,155993
2023-02-06,TV,2719.06,215280,384698
2023-02-06,Digital,1706.90,333751,1338560
2023-02-06,Social,776.20,189911,423015
2023-02-06,Search,694.01,122319,273939
2023-02-07,TV,3509.59,293734,567195
2023-02-07,Digital,1683.29,308898,1382527
2023-02-07,Social,893.93,225493,495666
2023-02-07,Search,570.37,110050,232101
2023-02-08,TV,2100.68,153222,330276
2023-02-08,Digital,1267.01,260451,941270
2023-02-08,Social,1017.22,246113,633346
2023-02-08,Search,646.23,122542,256428
2023-02-09,TV,2969.76,242211,421521
2023-02-09,Digital,1884.81,347718,1552861
2023-02-09,Social,947.90,215626,593381
2023-02-09,Search,637.25,113107,236192
2023-02-10,TV,3817.11,324590,571764
2023-02-10,Digital,1632.08,313050,1259097
2023-02-10,Social,1038.74,264388,578006
2023-02-10,Search,340.16,59011,142788
2023-02-11,TV,2864.35,219309,414991
2023-02-11,Digital,1243.98,249482,920415
2023-02-11,Social,813.57,212276,497442
2023-02-11,Search,435.16,75945,168855
2023-02-12,TV,2753.58,235497,434687
2023-02-12,Digital,1669.30,327057,1310369
2023-02-12,Social,775.55,201092,432700
2023-02-12,Search,362.78,65213,144968
2023-02-13,TV,3157.28,227934,518063
2023-02-13,Digital,1917.71,376514,1629549
2023-02-13,Social,958.74,235995,569218
2023-02-13,Search,499.31,86215,214252
2023-02-14,TV,3661.05,317574,496003
2023-02-14,Digital,1898.76,356718,1610077
2023-02-14,Social,1043.63,236234,610454
2023-02-14,Search,598.71,101281,215746
2023-02-15,TV,2653.37,217992,365381
2023-02-15,Digital,1818.79,363544,1336853
2023-02-15,Social,786.78,194336,430699
2023-02-15,Search,596.48,99398,226930
2023-02-16,TV,3700.66,285773,548696
2023-02-16,Digital,1767.71,336949,1473462
2023-02-16,Social,1111.00,270271,612883
2023-02-16,Search,533.86,102083,221844
2023-02-17,TV,3928.77,286292,615562
2023-02-17,Digital,1659.80,306937,1442982
2023-02-17,Social,1066.33,267900,649470
2023-02-17,Search,618.78,109105,270503
2023-02-18,TV,3251.16,255130,459857
2023-02-18,Digital,1137.34,219739,979967
2023-02-18,Social,619.90,149465,379918
2023-02-18,Search,413.27,70874,170946
2023-02-19,TV,2095.12,151080,326001
2023-02-19,Digital,1342.10,244217,1006194
2023-02-19,Social,691.28,172069,412616
2023-02-19,Search,533.33,100435,215127
2023-02-20,TV,3367.56,277077,511566
2023-02-20,Digital,1710.43,319093,1396660
2023-02-20,Social,806.18,189036,514414
2023-02-20,Search,586.71,109624,239550
2023-02-21,TV,2486.98,184365,377936
2023-02-21,Digital,1741.25,373366,1334241
2023-02-21,Social,1160.41,314561,671481
2023-02-21,Search,603.10,114270,256461
2023-02-22,TV,4351.66,345361,668064
2023-02-22,Digital,1469.38,299385,1101877
2023-02-22,Social,975.14,230949,635757
2023-02-22,Search,643.26,107901,268674
2023-02-23,TV,3860.81,280864,548809
2023-02-23,Digital,1412.27,264510,1146815
2023-02-23,Social,894.36,204149,549157
2023-02-23,Search,821.38,139804,348158
2023-02-24,TV,2949.00,222350,424383
2023-02-24,Digital,1662.40,343109,1357758
2023-02-24,Social,618.90,139534,384165
2023-02-24,Search,533.35,92766,205707
2023-02-25,TV,3205.75,266207,444974
2023-02-25,Digital,1469.82,287437,1273411
2023-02-25,Social,581.50,150890,357435
2023-02-25,Search,451.98,76503,197403
2023-02-26,TV,2590.52,221016,411007
2023-02-26,Digital,1295.16,284141,976745
2023-02-26,Social,784.16,193393,482297
2023-02-26,Search,519.14,98660,224832
2023-02-27,TV,2802.61,211578,457321
2023-02-27,Digital,1697.58,333687,1419440
2023-02-27,Social,887.55,217379,578175
2023-02-27,Search,540.57,101780,195827
2023-02-28,TV,3383.55,273851,462094
2023-02-28,Digital,1665.08,324920,1208064
2023-02-28,Social,836.81,209344,482425
2023-02-28,Search,527.85,97487,193608
2023-03-01,TV,3694.99,312807,531802
2023-03-01,Digital,1362.20,248118,1176460
2023-03-01,Social,873.12,234370,521070
2023-03-01,Search,687.12,130078,275196
2023-03-02,TV,2896.07,225719,471421
2023-03-02,Digital,1800.84,384794,1420419
2023-03-02,Social,1038.04,246281,610971
2023-03-02,Search,698.65,133423,288533
2023-03-03,TV,2762.09,234648,406321
2023-03-03,Digital,2069.40,451559,1576839
2023-03-03,Social,855.10,216924,489177
2023-03-03,Search,578.97,106194,238336
2023-03-04,TV,2688.98,202968,410371
2023-03-04,Digital,1511.17,318558,1252309
2023-03-04,Social,683.34,177944,438058
2023-03-04,Search,305.52,56073,111879
2023-03-05,TV,2078.84,163887,317394
2023-03-05,Digital,1109.47,227228,854732
2023-03-05,Social,604.95,154179,384782
2023-03-05,Search,547.09,92716,232997
2023-03-06,TV,3458.17,260966,480525
2023-03-06,Digital,1418.95,268036,1155702
2023-03-06,Social,948.37,218165,593899
2023-03-06,Search,537.94,98488,233875
2023-03-07,TV,2655.85,219289,431062
2023-03-07,Digital,1609.76,310975,1233284
2023-03-07,Social,988.19,223147,616608
2023-03-07,Search,537.41,90590,212832
2023-03-08,TV,3292.30,283173,458038
2023-03-08,Digital,937.59,176009,763813
2023-03-08,Social,605.50,164665,348777
2023-03-08,Search,526.02,100869,228465
2023-03-09,TV,3643.49,289211,546963
2023-03-09,Digital,1903.94,380155,1628933
2023-03-09,Social,925.08,250188,513839
2023-03-09,Search,460.52,82068,189474
2023-03-10,TV,3271.64,269963,537124
2023-03-10,Digital,1617.31,309885,1264850
2023-03-10,Social,1098.86,301496,619746
2023-03-10,Search,602.46,113287,244625
2023-03-11,TV,2346.22,196992,357209
2023-03-11,Digital,1406.15,283282,1208131
2023-03-11,Social,682.86,176842,410973
2023-03-11,Search,442.87,82693,181526
2023-03-12,TV,1944.41,145995,302060
2023-03-12,Digital,1144.75,217111,824902
2023-03-12,Social,518.98,120771,304849
2023-03-12,Search,329.61,54813,140795
2023-03-13,TV,4348.39,342109,637151
2023-03-13,Digital,1878.49,348078,1382257
2023-03-13,Social,772.49,202101,480587
2023-03-13,Search,725.74,128186,277395
2023-03-14,TV,2218.99,193390,321030
2023-03-14,Digital,1691.40,355303,1314823
2023-03-14,Social,838.73,229226,478553
2023-03-14,Search,564.48,100203,203471
2023-03-15,TV,3962.15,306675,628423
2023-03-15,Digital,1788.59,351631,1439729
2023-03-15,Social,1038.41,252200,612422
2023-03-15,Search,657.87,114933,253943
2023-03-16,TV,3985.27,341877,569098
2023-03-16,Digital,2129.13,448807,1733532
2023-03-16,Social,789.40,183287,506607
2023-03-16,Search,575.34,97382,231483
2023-03-17,TV,4907.62,354682,776708
2023-03-17,Digital,1218.86,260177,1037604
2023-03-17,Social,1048.08,259538,686494
2023-03-17,Search,461.90,81616,167969
2023-03-18,TV,2068.63,157804,336129
2023-03-18,Digital,1043.03,209136,819610
2023-03-18,Social,771.88,186516,421307
2023-03-18,Search,531.09,97727,213908
2023-03-19,TV,3094.91,266046,487142
2023-03-19,Digital,1337.90,252198,1106275
2023-03-19,Social,862.90,221677,551255
2023-03-19,Search,437.62,78387,174515
2023-03-20,TV,3907.83,317369,584647
2023-03-20,Digital,1300.57,277838,1006460
2023-03-20,Social,962.83,226735,564903
2023-03-20,Search,618.24,106170,223217
2023-03-21,TV,3319.66,249885,523196
2023-03-21,Digital,1758.45,343084,1460587
2023-03-21,Social,852.59,233766,519027
2023-03-21,Search,659.65,118695,271202
2023-03-22,TV,3447.44,249254,500235
2023-03-22,Digital,1880.99,400905,1583420
2023-03-22,Social,1092.00,269297,611769
2023-03-22,Search,598.29,110211,228319
2023-03-23,TV,2843.05,206714,403708
2023-03-23,Digital,1316.73,241751,1140041
2023-03-23,Social,716.69,173156,411125
2023-03-23,Search,479.08,92123,173140
2023-03-24,TV,3541.33,257291,488317
2023-03-24,Digital,1896.10,397734,1566937
2023-03-24,Social,737.93,183017,452471
2023-03-24,Search,582.60,114424,215034
2023-03-25,TV,2410.30,189945,344718
2023-03-25,Digital,1505.34,325699,1209738
2023-03-25,Social,692.22,173814,433929
2023-03-25,Search,434.30,83474,167464
2023-03-26,TV,2081.97,173097,331406
2023-03-26,Digital,983.79,187961,798140
2023-03-26,Social,767.89,181213,504141
2023-03-26,Search,507.95,90138,212802
2023-03-27,TV,2974.44,248255,469076
2023-03-27,Digital,1938.16,361717,1525713
2023-03-27,Social,594.21,139929,381432
2023-03-27,Search,587.72,104593,244482
2023-03-28,TV,3145.13,256157,486602
2023-03-28,Digital,1799.64,370167,1491941
2023-03-28,Social,637.76,160384,412770
2023-03-28,Search,737.11,139695,293001
2023-03-29,TV,2961.01,220141,433623
2023-03-29,Digital,1691.89,329027,1310172
2023-03-29,Social,830.54,211525,450821
2023-03-29,Search,673.48,119297,250684
2023-03-30,TV,3931.42,296904,586617
2023-03-30,Digital,1996.58,395346,1598087
2023-03-30,Social,568.62,153071,322614
2023-03-30,Search,450.71,84037,182925
2023-03-31,TV,4292.62,361466,634673
2023-03-31,Digital,1797.29,382745,1545072
2023-03-31,Social,860.93,212996,534237
2023-03-31,Search,448.37,81549,190466
2023-04-01,TV,3088.78,257148,423527
2023-04-01,Digital,1265.41,267814,996277
2023-04-01,Social,661.02,166075,435386
2023-04-01,Search,470.06,91016,189703
2023-04-02,TV,2502.75,198315,353648
2023-04-02,Digital,1251.71,251052,971875
2023-04-02,Social,798.97,182088,487150
2023-04-02,Search,460.01,80643,201948
2023-04-03,TV,3442.48,257092,550120
2023-04-03,Digital,1338.17,252117,1019918
2023-04-03,Social,764.45,192073,491810
2023-04-03,Search,558.29,109727,231589
2023-04-04,TV,3155.04,257132,490412
2023-04-04,Digital,1780.88,333410,1548841
2023-04-04,Social,945.37,242583,548360
2023-04-04,Search,452.69,74772,194781
2023-04-05,TV,3107.24,251913,493036
2023-04-05,Digital,1651.92,331904,1291663
2023-04-05,Social,775.41,194269,431174
2023-04-05,Search,445.73,85180,183601
2023-04-06,TV,2262.70,176961,357082
2023-04-06,Digital,1735.88,379514,1260014
2023-04-06,Social,1013.82,234798,605987
2023-04-06,Search,628.19,105084,254029
2023-04-07,TV,2861.75,216621,409936
2023-04-07,Digital,1920.60,399979,1586494
2023-04-07,Social,1020.94,260721,606943
2023-04-07,Search,463.94,75930,193514
2023-04-08,TV,3016.55,239405,462816
2023-04-08,Digital,1353.56,290325,1144124
2023-04-08,Social,919.09,215574,535388
2023-04-08,Search,267.51,47631,113430
2023-04-09,TV,1989.42,167618,318697
2023-04-09,Digital,1404.84,289857,1209251
2023-04-09,Social,763.75,195981,474867
2023-04-09,Search,464.64,88112,183626
2023-04-10,TV,3787.95,311745,571010
2023-04-10,Digital,1561.60,319681,1293126
2023-04-10,Social,893.40,232770,512468
2023-04-10,Search,463.33,75805,180425
2023-04-11,TV,3044.44,266539,439436
2023-04-11,Digital,1686.32,324350,1344572
2023-04-11,Social,1193.73,274700,666440
2023-04-11,Search,625.89,106505,257777
2023-04-12,TV,3321.77,260458,547143
2023-04-12,Digital,1769.11,326495,1451461
2023-04-12,Social,656.29,165183,360277
2023-04-12,Search,688.30,112432,282965
2023-04-13,TV,3795.62,300394,518493
2023-04-13,Digital,1504.10,323831,1138813
2023-04-13,Social,1146.77,294006,668404
2023-04-13,Search,540.23,97482,205867
2023-04-14,TV,4052.41,310800,658311
2023-04-14,Digital,1647.77,361829,1402427
2023-04-14,Social,668.21,182212,426134
2023-04-14,Search,643.19,105734,242763
2023-04-15,TV,2811.95,212296,421674
2023-04-15,Digital,1420.65,293330,1220303
2023-04-15,Social,536.96,130644,335477
2023-04-15,Search,554.05,92951,239795
2023-04-16,TV,2309.32,174899,347023
2023-04-16,Digital,1043.39,227948,880455
2023-04-16,Social,697.25,176577,383940
2023-04-16,Search,448.48,81681,194522
2023-04-17,TV,3011.67,264830,427063
2023-04-17,Digital,1387.16,259401,1018833
2023-04-17,Social,1040.99,237811,605473
2023-04-17,Search,456.18,86035,183842
2023-04-18,TV,2607.61,188747,388525
2023-04-18,Digital,1471.33,277039,1128011
2023-04-18,Social,791.15,188080,443994
2023-04-18,Search,629.74,104790,264136
2023-04-19,TV,2822.49,232586,459070
2023-04-19,Digital,1558.19,310831,1306567
2023-04-19,Social,1071.04,263726,635161
2023-04-19,Search,512.18,89181,223242
2023-04-20,TV,3560.54,294208,523878
2023-04-20,Digital,1637.53,330900,1348157
2023-04-20,Social,1173.95,269943,744905
2023-04-20,Search,503.30,86968,192200
2023-04-21,TV,2614.63,190703,399315
2023-04-21,Digital,1749.69,372144,1316715
2023-04-21,Social,758.07,171544,499980
2023-04-21,Search,573.99,105208,239650
2023-04-22,TV,2868.58,237033,473050
2023-04-22,Digital,1434.95,314029,1210099
2023-04-22,Social,748.91,204518,461428
2023-04-22,Search,438.21,86279,184015
2023-04-23,TV,2091.29,163437,333718
2023-04-23,Digital,1167.62,215615,1007082
2023-04-23,Social,592.52,136964,373022
2023-04-23,Search,467.56,92407,183802
2023-04-24,TV,3426.27,301368,539288
2023-04-24,Digital,1695.70,367307,1296299
2023-04-24,Social,1021.89,236794,655937
2023-04-24,Search,388.82,64780,161128
2023-04-25,TV,3800.04,309377,517522
2023-04-25,Digital,1673.34,361418,1260697
2023-04-25,Social,774.78,182874,457518
2023-04-25,Search,600.71,105059,251836
2023-04-26,TV,4248.17,347620,615227
2023-04-26,Digital,1983.62,407488,1515828
2023-04-26,Social,817.29,184989,457440
2023-04-26,Search,605.54,103445,259576
2023-04-27,TV,3802.38,297829,554443
2023-04-27,Digital,1783.94,384024,1324430
2023-04-27,Social,997.34,229887,584486
2023-04-27,Search,421.61,75732,156106
2023-04-28,TV,3532.98,298595,514759
2023-04-28,Digital,2024.69,437704,1581327
2023-04-28,Social,813.62,206767,454777
2023-04-28,Search,517.14,87178,214523
2023-04-29,TV,2022.92,171928,291217
2023-04-29,Digital,1578.54,286976,1191184
2023-04-29,Social,807.03,214442,467113
2023-04-29,Search,342.67,67513,143727
2023-04-30,TV,2521.28,210658,356127
2023-04-30,Digital,1357.08,295127,1187403
2023-04-30,Social,734.90,174752,445288
2023-04-30,Search,286.97,51459,107455
2023-05-01,TV,3714.78,267511,553741
2023-05-01,Digital,1603.73,304143,1214578
2023-05-01,Social,905.39,220824,569196
2023-05-01,Search,647.78,106891,268782
2023-05-02,TV,3151.06,234378,434164
2023-05-02,Digital,2165.19,412314,1829734
2023-05-02,Social,749.13,190640,433010
2023-05-02,Search,594.11,97605,255461
2023-05-03,TV,3490.02,269274,496684
2023-05-03,Digital,1704.42,340579,1345928
2023-05-03,Social,981.98,255234,625056
2023-05-03,Search,598.79,107826,218428
2023-05-04,TV,3298.52,288424,453787
2023-05-04,Digital,1390.59,261772,1019983
2023-05-04,Social,949.79,224569,567750
2023-05-04,Search,584.56,103381,239966
2023-05-05,TV,3488.58,295743,479081
2023-05-05,Digital,1687.93,334622,1227553
2023-05-05,Social,816.98,196894,470694
2023-05-05,Search,461.76,80302,183011
2023-05-06,TV,3122.80,257403,421793
2023-05-06,Digital,1388.60,297922,1182414
2023-05-06,Social,648.98,172260,356065
2023-05-06,Search,392.09,76815,146772
2023-05-07,TV,2592.88,188066,364405
2023-05-07,Digital,1267.26,230855,1106859
2023-05-07,Social,606.82,156166,396306
2023-05-07,Search,456.98,89000,165202
2023-05-08,TV,2961.97,221232,465701
2023-05-08,Digital,2130.91,391731,1803005
2023-05-08,Social,1046.28,237331,604546
2023-05-08,Search,582.78,99783,244233
2023-05-09,TV,3315.98,290910,487628
2023-05-09,Digital,1683.54,363162,1267587
2023-05-09,Social,904.11,209558,503042
2023-05-09,Search,521.14,85125,228935
2023-05-10,TV,3566.12,264206,552552
2023-05-10,Digital,2403.11,437096,1875496
2023-05-10,Social,874.53,225770,536675
2023-05-10,Search,536.45,87800,196364
2023-05-11,TV,3429.00,263717,485919
2023-05-11,Digital,1508.05,277543,1140766
2023-05-11,Social,948.54,231388,622946
2023-05-11,Search,616.10,117475,229597
2023-05-12,TV,3367.47,287307,496202
2023-05-12,Digital,1509.99,288909,1117690
2023-05-12,Social,855.42,205231,544470
2023-05-12,Search,662.89,121930,261347
2023-05-13,TV,2902.82,232782,429274
2023-05-13,Digital,1303.78,248638,1094224
2023-05-13,Social,675.30,163984,400097
2023-05-13,Search,347.76,62018,143833
2023-05-14,TV,2045.23,155192,316716
2023-05-14,Digital,1022.26,206502,838266
2023-05-14,Social,744.69,176196,438305
2023-05-14,Search,498.97,94742,192984
2023-05-15,TV,3632.28,317305,530777
2023-05-15,Digital,1931.57,373373,1652514
2023-05-15,Social,884.14,216176,494169
2023-05-15,Search,712.55,135634,306243
2023-05-16,TV,2701.75,212532,389063
2023-05-16,Digital,1681.44,320590,1421222
2023-05-16,Social,839.27,224462,523499
2023-05-16,Search,615.81,103292,264954
2023-05-17,TV,3626.41,314702,532408
2023-05-17,Digital,1091.05,227797,901978
2023-05-17,Social,817.83,212585,510300
2023-05-17,Search,661.83,116931,278599
2023-05-18,TV,3903.87,336558,614617
2023-05-18,Digital,1477.69,275092,1111824
2023-05-18,Social,1103.94,269817,718503
2023-05-18,Search,492.70,82490,181441
2023-05-19,TV,3118.06,247332,481259
2023-05-19,Digital,1730.14,376063,1508928
2023-05-19,Social,904.73,213724,518024
2023-05-19,Search,461.53,90388,176732
2023-05-20,TV,2162.64,170560,335344
2023-05-20,Digital,1231.50,222956,1041312
2023-05-20,Social,592.22,142015,353228
2023-05-20,Search,483.73,89489,197975
2023-05-21,TV,2609.83,220784,358369
2023-05-21,Digital,971.61,178628,833322
2023-05-21,Social,637.25,146616,412705
2023-05-21,Search,365.59,66006,137364
2023-05-22,TV,3293.62,238358,524317
2023-05-22,Digital,1722.20,342647,1344567
2023-05-22,Social,829.62,221097,448398
2023-05-22,Search,578.29,95669,232995
2023-05-23,TV,2894.18,234029,452496
2023-05-23,Digital,1843.34,372791,1368476
2023-05-23,Social,890.53,205616,585530
2023-05-23,Search,458.43,90422,179638
2023-05-24,TV,3705.13,313186,549324
2023-05-24,Digital,2121.47,397474,1745530
2023-05-24,Social,1030.56,282966,634765
2023-05-24,Search,448.70,78965,186748
2023-05-25,TV,3124.15,270783,439684
2023-05-25,Digital,1924.83,354852,1428591
2023-05-25,Social,1157.05,294390,749669
2023-05-25,Search,497.94,80869,195010
2023-05-26,TV,2870.92,237250,473139
2023-05-26,Digital,1574.40,290309,1295301
2023-05-26,Social,871.70,208865,518853
2023-05-26,Search,489.22,90180,193790
2023-05-27,TV,2415.00,208231,342267
2023-05-27,Digital,1124.30,217154,917446
2023-05-27,Social,949.09,218643,552360
2023-05-27,Search,467.32,88716,169265
2023-05-28,TV,2098.03,170114,300360
2023-05-28,Digital,1482.76,301600,1248230
2023-05-28,Social,759.58,181243,434958
2023-05-28,Search,456.85,81842,188803
2023-05-29,TV,3793.19,285558,590105
2023-05-29,Digital,1384.46,278745,1019048
2023-05-29,Social,1080.50,286178,617870
2023-05-29,Search,600.86,113094,262216
2023-05-30,TV,3814.79,287879,523455
2023-05-30,Digital,1485.16,282241,1198676
2023-05-30,Social,927.52,221813,573703
2023-05-30,Search,577.37,105803,238231
2023-05-31,TV,3441.45,264939,557408
2023-05-31,Digital,1630.54,304033,1411875
2023-05-31,Social,1014.75,273053,651859
2023-05-31,Search,659.02,128725,258556
2023-06-01,TV,3127.89,273493,504482
2023-06-01,Digital,1607.29,328030,1220628
2023-06-01,Social,1065.69,280793,608442
2023-06-01,Search,700.78,136113,304672
2023-06-02,TV,3127.24,232963,427798
2023-06-02,Digital,1804.34,347823,1320687
2023-06-02,Social,1003.95,275302,553720
2023-06-02,Search,576.48,110767,250338
2023-06-03,TV,3154.12,246382,433360
2023-06-03,Digital,1483.39,313719,1091508
2023-06-03,Social,647.84,161814,365637
2023-06-03,Search,387.61,64679,161413
2023-06-04,TV,2199.57,188198,298013
2023-06-04,Digital,1158.80,214858,1002354
2023-06-04,Social,656.00,179436,395232
2023-06-04,Search,407.78,77848,149679
2023-06-05,TV,3469.12,279395,556906
2023-06-05,Digital,1696.72,325708,1258756
2023-06-05,Social,666.93,175824,408769
2023-06-05,Search,554.04,109097,220573
2023-06-06,TV,2686.23,206068,397188
2023-06-06,Digital,1608.00,328365,1219207
2023-06-06,Social,879.90,238363,527866
2023-06-06,Search,509.81,93871,188068
2023-06-07,TV,3500.38,284376,502612
2023-06-07,Digital,1615.15,306846,1202124
2023-06-07,Social,713.00,163139,405337
2023-06-07,Search,677.73,132240,255791
2023-06-08,TV,3876.55,305989,600310
2023-06-08,Digital,1730.81,338444,1358756
2023-06-08,Social,864.98,201852,500634
2023-06-08,Search,616.86,116756,246588
2023-06-09,TV,3180.33,236052,464004
2023-06-09,Digital,1715.89,342256,1457474
2023-06-09,Social,1001.19,252439,625316
2023-06-09,Search,505.62,86933,203288
2023-06-10,TV,2809.75,229478,422025
2023-06-10,Digital,1134.44,248759,925319
2023-06-10,Social,685.68,157910,451757
2023-06-10,Search,411.37,77020,159307
2023-06-11,TV,1640.38,142175,231696
2023-06-11,Digital,1372.01,266940,1098673
2023-06-11,Social,807.80,189195,498069
2023-06-11,Search,334.03,55152,124422
2023-06-12,TV,2574.64,200270,375919
2023-06-12,Digital,1861.14,354286,1600276
2023-06-12,Social,677.98,155358,435996
2023-06-12,Search,560.23,103944,213981
2023-06-13,TV,3281.62,279248,493153
2023-06-13,Digital,1606.81,350652,1265134
2023-06-13,Social,884.07,229877,524616
2023-06-13,Search,563.77,107729,242507
2023-06-14,TV,3952.25,335955,582069
2023-06-14,Digital,1635.51,333611,1353497
2023-06-14,Social,1102.84,253668,613473
2023-06-14,Search,531.85,88853,211535
2023-06-15,TV,3538.95,261107,515041
2023-06-15,Digital,1879.49,397906,1401749
2023-06-15,Social,889.75,208245,539837
2023-06-15,Search,645.09,111097,259896
2023-06-16,TV,2293.09,184401,334189
2023-06-16,Digital,1717.20,350719,1399994
2023-06-16,Social,970.47,220249,611550
2023-06-16,Search,555.80,95402,227005
2023-06-17,TV,2750.57,232445,429462
2023-06-17,Digital,1360.62,295854,1055196
2023-06-17,Social,852.89,224918,480438
2023-06-17,Search,436.20,85852,189963
2023-06-18,TV,2683.07,220790,409869
2023-06-18,Digital,1192.12,258620,859788
2023-06-18,Social,736.09,189159,480168
2023-06-18,Search,391.74,68529,156362
2023-06-19,TV,3914.28,310910,556641
2023-06-19,Digital,1589.03,294136,1281504
2023-06-19,Social,885.97,212636,544557
2023-06-19,Search,528.76,102981,220482
2023-06-20,TV,3061.00,250427,493273
2023-06-20,Digital,1811.30,335180,1524999
2023-06-20,Social,873.12,225080,501649
2023-06-20,Search,506.75,92229,214855
2023-06-21,TV,3020.74,223722,411099
2023-06-21,Digital,2122.78,389318,1701599
2023-06-21,Social,701.01,158518,397221
2023-06-21,Search,505.07,88082,221477
2023-06-22,TV,2543.04,184113,419249
2023-06-22,Digital,1490.08,295909,1212372
2023-06-22,Social,924.19,218197,572331
2023-06-22,Search,573.72,107924,239527
2023-06-23,TV,3256.69,246964,510046
2023-06-23,Digital,2176.90,443762,1572155
2023-06-23,Social,934.56,255033,607273
2023-06-23,Search,448.39,85299,182670
2023-06-24,TV,2264.87,182810,324664
2023-06-24,Digital,1541.43,312966,1291487
2023-06-24,Social,730.69,180113,450483
2023-06-24,Search,341.23,63749,132651
2023-06-25,TV,2776.46,224036,376052
2023-06-25,Digital,1451.85,265204,1056589
2023-06-25,Social,608.62,144045,383877
2023-06-25,Search,474.27,83170,204644
2023-06-26,TV,3633.71,287450,500714
2023-06-26,Digital,1737.83,328287,1435830
2023-06-26,Social,1027.52,259544,572127
2023-06-26,Search,589.39,100147,213145
2023-06-27,TV,3156.84,247418,484301
2023-06-27,Digital,1905.72,391827,1630954
2023-06-27,Social,838.73,221168,503127
2023-06-27,Search,610.03,118796,235379
2023-06-28,TV,3310.64,253302,465229
2023-06-28,Digital,1608.39,337372,1389895
2023-06-28,Social,920.96,207435,500844
2023-06-28,Search,605.28,99799,252253
2023-06-29,TV,2986.19,231346,487551
2023-06-29,Digital,1997.07,391291,1472403
2023-06-29,Social,759.39,181560,497247
2023-06-29,Search,528.66,103307,206565
2023-06-30,TV,3582.00,279615,500995
2023-06-30,Digital,1360.07,253763,1077648
2023-06-30,Social,885.56,209064,493548
2023-06-30,Search,682.19,130034,282462
2023-07-01,TV,2427.21,183390,333685
2023-07-01,Digital,1357.83,279172,1177865
2023-07-01,Social,726.40,165114,394022
2023-07-01,Search,461.81,88580,188605
2023-07-02,TV,1856.83,154196,284100
2023-07-02,Digital,1497.36,296035,1101867
2023-07-02,Social,647.04,150076,359576
2023-07-02,Search,449.52,77710,176474
2023-07-03,TV,2455.58,212365,357963
2023-07-03,Digital,1524.64,289116,1140694
2023-07-03,Social,723.11,179868,476432
2023-07-03,Search,606.14,98303,228942
2023-07-04,TV,3588.38,260258,507624
2023-07-04,Digital,1796.64,383690,1462138
2023-07-04,Social,760.23,200710,485453
2023-07-04,Search,544.35,88333,202552
2023-07-05,TV,2630.75,191465,400646
2023-07-05,Digital,1813.62,373095,1367218
2023-07-05,Social,760.08,189533,465505
2023-07-05,Search,480.10,77811,197652
2023-07-06,TV,3528.91,273368,486931
2023-07-06,Digital,1929.72,358635,1649270
2023-07-06,Social,722.84,172786,433029
2023-07-06,Search,635.56,114724,247536
2023-07-07,TV,3681.97,307936,561062
2023-07-07,Digital,1594.27,326611,1377069
2023-07-07,Social,886.96,234142,556334
2023-07-07,Search,610.97,120475,226631
2023-07-08,TV,2584.31,212984,385221
2023-07-08,Digital,1721.20,372883,1386450
2023-07-08,Social,743.61,178080,467038
2023-07-08,Search,440.56,84659,174247
2023-07-09,TV,2528.54,194018,398771
2023-07-09,Digital,1153.55,216673,943930
2023-07-09,Social,855.05,221035,561671
2023-07-09,Search,341.94,60662,134609
2023-07-10,TV,3116.49,233203,464756
2023-07-10,Digital,1671.95,360896,1315651
2023-07-10,Social,1033.69,240856,568929
2023-07-10,Search,646.09,120954,249190
2023-07-11,TV,2790.89,204256,437167
2023-07-11,Digital,1561.42,284795,1157213
2023-07-11,Social,930.34,231583,563463
2023-07-11,Search,561.95,109797,203384
2023-07-12,TV,2885.71,227512,418597
2023-07-12,Digital,1432.42,265598,1076818
2023-07-12,Social,709.92,180524,389456
2023-07-12,Search,553.85,92476,235662
2023-07-13,TV,2871.87,230329,423377
2023-07-13,Digital,1614.38,349456,1183997
2023-07-13,Social,855.40,205790,464130
2023-07-13,Search,590.98,96353,248043
2023-07-14,TV,2845.79,246255,432827
2023-07-14,Digital,1699.77,342529,1470742
2023-07-14,Social,930.61,241832,525666
2023-07-14,Search,594.34,101838,230346
2023-07-15,TV,2253.36,175946,345616
2023-07-15,Digital,1061.03,196367,845215
2023-07-15,Social,818.60,188411,506788
2023-07-15,Search,393.67,66633,163232
2023-07-16,TV,2078.70,179013,301878
2023-07-16,Digital,1373.40,258764,1103945
2023-07-16,Social,708.80,169217,456815
2023-07-16,Search,422.85,80900,179416
2023-07-17,TV,3541.08,271549,523841
2023-07-17,Digital,1858.82,398961,1599126
2023-07-17,Social,959.69,254581,574416
2023-07-17,Search,488.82,96670,188329
2023-07-18,TV,2564.38,221955,383811
2023-07-18,Digital,2155.74,459985,1784140
2023-07-18,Social,787.47,201339,517594
2023-07-18,Search,671.27,115032,265354
2023-07-19,TV,3134.56,233948,499725
2023-07-19,Digital,1886.21,383108,1571787
2023-07-19,Social,886.41,217471,493349
2023-07-19,Search,530.71,86086,208602
2023-07-20,TV,3711.24,286625,560452
2023-07-20,Digital,1868.66,361308,1378277
2023-07-20,Social,891.50,219385,494930
2023-07-20,Search,520.94,92781,204954
2023-07-21,TV,2613.47,197846,377874
2023-07-21,Digital,1653.89,299141,1307461
2023-07-21,Social,890.87,239524,573696
2023-07-21,Search,483.66,79622,196385
2023-07-22,TV,2257.51,186262,365786
2023-07-22,Digital,1605.79,300991,1358476
2023-07-22,Social,634.69,160262,408006
2023-07-22,Search,486.14,95117,202205
2023-07-23,TV,2490.97,215646,408952
2023-07-23,Digital,1227.32,256414,974718
2023-07-23,Social,734.90,197101,422536
2023-07-23,Search,373.96,69405,148356
2023-07-24,TV,3481.44,280169,479770
2023-07-24,Digital,1979.40,392140,1640723
2023-07-24,Social,1232.83,286264,701679
2023-07-24,Search,468.27,83356,195966
2023-07-25,TV,3370.35,273261,526093
2023-07-25,Digital,1708.08,329089,1425978
2023-07-25,Social,769.38,201187,416550
2023-07-25,Search,597.12,100971,245066
2023-07-26,TV,2822.30,238600,449424
2023-07-26,Digital,1218.97,240201,878502
2023-07-26,Social,939.34,248631,524324
2023-07-26,Search,564.68,108182,241277
2023-07-27,TV,3887.24,312097,583479
2023-07-27,Digital,1391.67,265443,1088331
2023-07-27,Social,867.58,218766,489794
2023-07-27,Search,758.31,143395,298643
2023-07-28,TV,2664.28,192806,422819
2023-07-28,Digital,1736.44,324115,1521760
2023-07-28,Social,744.89,194556,459279
2023-07-28,Search,525.57,98335,205232
2023-07-29,TV,2818.53,214352,458070
2023-07-29,Digital,1034.39,223040,889855
2023-07-29,Social,648.42,177841,421517
2023-07-29,Search,408.38,70273,170384
2023-07-30,TV,3212.29,238766,493564
2023-07-30,Digital,1370.37,288522,1007181
2023-07-30,Social,602.37,137036,372485
2023-07-30,Search,399.51,77519,143851
2023-07-31,TV,3624.00,283628,540902
2023-07-31,Digital,1779.24,376279,1432100
2023-07-31,Social,800.07,182416,516311
2023-07-31,Search,426.75,72463,171517
2023-08-01,TV,2579.83,215807,351041
2023-08-01,Digital,1619.41,308029,1183628
2023-08-01,Social,854.16,194913,502827
2023-08-01,Search,610.89,118616,236531
2023-08-02,TV,2922.64,219358,450172
2023-08-02,Digital,1210.57,222890,971368
2023-08-02,Social,898.21,216455,539536
2023-08-02,Search,616.15,104187,252594
2023-08-03,TV,4391.42,352460,634704
2023-08-03,Digital,1683.02,321916,1241392
2023-08-03,Social,952.84,226884,524963
2023-08-03,Search,471.41,92102,171109
2023-08-04,TV,3948.22,325779,580956
2023-08-04,Digital,1360.93,277973,1130970
2023-08-04,Social,821.34,213618,486487
2023-08-04,Search,503.09,83433,201880
2023-08-05,TV,1690.85,135737,249691
2023-08-05,Digital,1589.18,291466,1289467
2023-08-05,Social,712.75,173064,447822
2023-08-05,Search,362.21,65476,149637
2023-08-06,TV,2576.07,221327,403367
2023-08-06,Digital,1309.27,280960,1012399
2023-08-06,Social,734.79,172293,428225
2023-08-06,Search,411.37,74626,167447
2023-08-07,TV,2816.35,209534,411436
2023-08-07,Digital,1766.92,343823,1339863
2023-08-07,Social,878.84,231594,528270
2023-08-07,Search,667.32,114886,260941
2023-08-08,TV,3166.59,273868,494026
2023-08-08,Digital,1549.99,299777,1126736
2023-08-08,Social,807.49,192492,477257
2023-08-08,Search,454.57,82608,185637
2023-08-09,TV,3521.18,297264,476041
2023-08-09,Digital,2079.44,439901,1610645
2023-08-09,Social,1010.81,236466,637287
2023-08-09,Search,675.90,119959,273615
2023-08-10,TV,3058.38,223610,446918
2023-08-10,Digital,1491.76,312591,1088679
2023-08-10,Social,762.22,185624,439024
2023-08-10,Search,699.17,115945,265043
2023-08-11,TV,3469.67,260388,563675
2023-08-11,Digital,1382.24,278392,1120013
2023-08-11,Social,606.65,162047,374103
2023-08-11,Search,577.78,109524,218344
2023-08-12,TV,2983.68,260183,473810
2023-08-12,Digital,980.30,194849,850091
2023-08-12,Social,715.10,192320,429170
2023-08-12,Search,407.79,68120,150988
2023-08-13,TV,2444.65,212059,344579
2023-08-13,Digital,980.85,207165,715863
2023-08-13,Social,628.89,143802,402034
2023-08-13,Search,426.64,80116,163099
2023-08-14,TV,3545.07,282973,573073
2023-08-14,Digital,1990.61,435092,1544331
2023-08-14,Social,737.96,191565,438086
2023-08-14,Search,413.82,74034,174047
2023-08-15,TV,3724.10,321958,607178
2023-08-15,Digital,1271.63,263373,1034105
2023-08-15,Social,750.72,195553,444529
2023-08-15,Search,560.69,106411,219907
2023-08-16,TV,2891.80,236306,453152
2023-08-16,Digital,1701.78,332026,1458003
2023-08-16,Social,954.78,215592,586041
2023-08-16,Search,682.50,119572,254515
2023-08-17,TV,3469.60,257495,538600
2023-08-17,Digital,1465.45,303767,1140596
2023-08-17,Social,912.05,248860,512456
2023-08-17,Search,435.28,83642,176876
2023-08-18,TV,3313.67,271655,448665
2023-08-18,Digital,1460.85,264195,1213860
2023-08-18,Social,779.98,177448,431862
2023-08-18,Search,556.69,100061,228936
2023-08-19,TV,3125.47,241473,491812
2023-08-19,Digital,1523.68,280125,1113932
2023-08-19,Social,612.32,150601,332910
2023-08-19,Search,285.01,46507,111755
2023-08-20,TV,1951.91,161444,312971
2023-08-20,Digital,1142.68,247263,932038
2023-08-20,Social,815.60,191801,471610
2023-08-20,Search,311.75,56199,130029
2023-08-21,TV,2633.54,214901,364044
2023-08-21,Digital,2052.95,416376,1633163
2023-08-21,Social,962.04,228122,622969
2023-08-21,Search,582.63,104985,229003
2023-08-22,TV,2646.00,219249,376266
2023-08-22,Digital,1286.20,239529,1106456
2023-08-22,Social,1236.87,308900,688500
2023-08-22,Search,694.29,128906,273454
2023-08-23,TV,3654.79,281294,552464
2023-08-23,Digital,1883.61,358930,1624111
2023-08-23,Social,1198.81,299586,665848
2023-08-23,Search,406.23,65847,172593
2023-08-24,TV,2993.17,247011,405944
2023-08-24,Digital,1273.23,249101,926838
2023-08-24,Social,805.30,212997,465748
2023-08-24,Search,677.37,124102,274172
2023-08-25,TV,3116.35,231519,502736
2023-08-25,Digital,1790.60,351003,1475941
2023-08-25,Social,843.74,219205,475679
2023-08-25,Search,381.06,64947,164574
2023-08-26,TV,2973.82,232262,465055
2023-08-26,Digital,913.61,194877,687149
2023-08-26,Social,887.42,202192,483222
2023-08-26,Search,429.35,70364,182756
2023-08-27,TV,2392.14,189203,331117
2023-08-27,Digital,1218.35,219475,1060548
2023-08-27,Social,744.34,169146,448992
2023-08-27,Search,356.88,70435,135061
2023-08-28,TV,3169.40,245190,511615
2023-08-28,Digital,1458.00,297439,1091680
2023-08-28,Social,803.56,190047,522971
2023-08-28,Search,444.39,83290,182496
2023-08-29,TV,3111.07,262340,456758
2023-08-29,Digital,1700.79,342456,1399461
2023-08-29,Social,638.97,148252,355558
2023-08-29,Search,538.11,99478,216100
2023-08-30,TV,2468.35,207776,355671
2023-08-30,Digital,2227.08,441752,1852010
2023-08-30,Social,873.10,196611,507881
2023-08-30,Search,640.51,120313,234356
2023-08-31,TV,4115.10,298679,598605
2023-08-31,Digital,883.86,178486,666374
2023-08-31,Social,897.49,240619,531243
2023-08-31,Search,488.82,95551,199620
2023-09-01,TV,3154.26,234147,478599
2023-09-01,Digital,1589.13,348809,1334104
2023-09-01,Social,1018.30,240968,671916
2023-09-01,Search,648.48,122175,251918
2023-09-02,TV,3275.05,257053,489863
2023-09-02,Digital,1380.05,274846,1185023
2023-09-02,Social,584.74,156993,324547
2023-09-02,Search,436.51,79054,185444
2023-09-03,TV,2833.53,223619,427237
2023-09-03,Digital,1766.50,364945,1372935
2023-09-03,Social,836.85,225073,530457
2023-09-03,Search,491.42,82466,213250
2023-09-04,TV,3616.92,285020,535483
2023-09-04,Digital,1871.39,375380,1554342
2023-09-04,Social,1140.78,267782,704123
2023-09-04,Search,588.21,97102,230350
2023-09-05,TV,3602.64,291110,555616
2023-09-05,Digital,1591.88,329580,1328038
2023-09-05,Social,931.15,223077,568046
2023-09-05,Search,578.19,110494,234312
2023-09-06,TV,3835.49,314355,573052
2023-09-06,Digital,1879.30,349722,1450134
2023-09-06,Social,796.69,191062,482705
2023-09-06,Search,517.51,87338,209365
2023-09-07,TV,4095.94,315688,666525
2023-09-07,Digital,1656.41,359007,1442055
2023-09-07,Social,865.59,199490,565806
2023-09-07,Search,723.73,127341,288498
2023-09-08,TV,2885.63,251783,401599
2023-09-08,Digital,1568.83,342461,1346176
2023-09-08,Social,1013.50,232741,612099
2023-09-08,Search,519.35,85635,191709
2023-09-09,TV,3127.80,227172,504173
2023-09-09,Digital,1288.98,250633,937057
2023-09-09,Social,692.78,165219,432627
2023-09-09,Search,399.97,67399,174317
2023-09-10,TV,1876.13,145574,279339
2023-09-10,Digital,1167.96,212558,884454
2023-09-10,Social,764.35,179476,424075
2023-09-10,Search,445.19,83838,165609
2023-09-11,TV,3349.93,268379,536218
2023-09-11,Digital,1667.72,302599,1274199
2023-09-11,Social,596.94,146295,368417
2023-09-11,Search,479.74,83669,210910
2023-09-12,TV,4011.11,314989,566868
2023-09-12,Digital,2171.57,401224,1758375
2023-09-12,Social,710.25,160291,464696
2023-09-12,Search,699.87,129476,253061
2023-09-13,TV,3744.08,279923,548683
2023-09-13,Digital,1892.06,394350,1404333
2023-09-13,Social,873.06,212306,520650
2023-09-13,Search,471.16,89771,193553
2023-09-14,TV,4284.03,330839,691973
2023-09-14,Digital,1724.19,357967,1463974
2023-09-14,Social,936.90,255118,613970
2023-09-14,Search,505.72,88617,198567
2023-09-15,TV,3581.63,260725,524397
2023-09-15,Digital,1438.25,310847,1217102
2023-09-15,Social,851.05,231475,481920
2023-09-15,Search,636.24,110637,232385
2023-09-16,TV,2342.40,189227,353921
2023-09-16,Digital,1468.71,312701,1140644
2023-09-16,Social,756.46,198476,432783
2023-09-16,Search,410.42,69417,157491
2023-09-17,TV,2635.75,229406,383752
2023-09-17,Digital,1182.54,238732,932589
2023-09-17,Social,765.96,191279,453525
2023-09-17,Search,499.96,88042,191973
2023-09-18,TV,3363.42,288483,535934
2023-09-18,Digital,1879.48,373847,1510955
2023-09-18,Social,1093.78,279403,622629
2023-09-18,Search,583.02,110677,240226
2023-09-19,TV,3577.13,270055,571888
2023-09-19,Digital,1385.37,263320,1051515
2023-09-19,Social,1074.23,273770,623554
2023-09-19,Search,565.92,102589,219848
2023-09-20,TV,3557.63,274314,486637
2023-09-20,Digital,1280.66,281464,928605
2023-09-20,Social,978.51,242841,614444
2023-09-20,Search,641.61,104130,254483
2023-09-21,TV,3260.55,274312,514367
2023-09-21,Digital,2314.10,469035,1924201
2023-09-21,Social,636.58,158827,354591
2023-09-21,Search,643.64,126795,247917
2023-09-22,TV,2701.67,223350,443302
2023-09-22,Digital,1298.77,234026,1051945
2023-09-22,Social,1072.11,259187,706667
2023-09-22,Search,596.69,99025,216643
2023-09-23,TV,3067.42,221092,505429
2023-09-23,Digital,1554.63,281273,1165346
2023-09-23,Social,622.87,150841,402478
2023-09-23,Search,420.41,70213,166951
2023-09-24,TV,2597.99,215002,368852
2023-09-24,Digital,1627.84,307584,1300053
2023-09-24,Social,820.52,192333,521603
2023-09-24,Search,355.50,66868,130841
2023-09-25,TV,3963.05,321869,567680
2023-09-25,Digital,2039.95,438093,1599677
2023-09-25,Social,990.93,236049,600666
2023-09-25,Search,669.45,128706,261368
2023-09-26,TV,3801.05,280426,518970
2023-09-26,Digital,2096.68,407886,1584569
2023-09-26,Social,1007.39,244297,579359
2023-09-26,Search,709.88,139394,270294
2023-09-27,TV,3544.72,300489,566141
2023-09-27,Digital,1026.10,210383,834767
2023-09-27,Social,904.09,233506,588363
2023-09-27,Search,612.33,106781,237950
2023-09-28,TV,3499.25,277350,475679
2023-09-28,Digital,1558.78,328270,1156168
2023-09-28,Social,1034.22,254197,583275
2023-09-28,Search,736.07,130963,287673
2023-09-29,TV,3774.01,276974,545434
2023-09-29,Digital,1741.10,346522,1521951
2023-09-29,Social,884.14,231961,558181
2023-09-29,Search,436.04,74678,160516
2023-09-30,TV,2658.68,202380,368376
2023-09-30,Digital,1280.24,280409,1055943
2023-09-30,Social,694.49,177839,379959
2023-09-30,Search,449.80,82114,164945
2023-10-01,TV,2803.22,237269,398187
2023-10-01,Digital,1200.06,245698,928561
2023-10-01,Social,865.69,235511,499754
2023-10-01,Search,491.93,80267,190077
2023-10-02,TV,2965.43,220288,473361
2023-10-02,Digital,1512.05,327473,1258972
2023-10-02,Social,842.66,223466,550861
2023-10-02,Search,611.95,120115,230844
2023-10-03,TV,3682.48,296425,558563
2023-10-03,Digital,1263.22,275749,971886
2023-10-03,Social,747.95,192879,462250
2023-10-03,Search,751.06,123217,292570
2023-10-04,TV,3702.29,288261,595219
2023-10-04,Digital,1502.14,279083,1123773
2023-10-04,Social,918.96,218499,548221
2023-10-04,Search,540.64,102513,213728
2023-10-05,TV,2790.63,203779,436873
2023-10-05,Digital,1819.41,348802,1317041
2023-10-05,Social,906.87,244641,546444
2023-10-05,Search,647.49,121378,266603
2023-10-06,TV,3498.92,272776,568436
2023-10-06,Digital,2287.31,419452,1660819
2023-10-06,Social,884.14,242313,528766
2023-10-06,Search,539.90,89770,222114
2023-10-07,TV,2484.14,206017,343906
2023-10-07,Digital,1514.28,313343,1203596
2023-10-07,Social,870.29,237587,554434
2023-10-07,Search,545.86,106305,205837
2023-10-08,TV,2762.31,217774,429702
2023-10-08,Digital,1412.54,258968,1029135
2023-10-08,Social,632.72,161930,353568
2023-10-08,Search,442.32,81110,167947
2023-10-09,TV,3302.61,254816,467434
2023-10-09,Digital,1703.44,337997,1438527
2023-10-09,Social,955.80,221598,575070
2023-10-09,Search,595.37,106121,214379
2023-10-10,TV,3192.81,260270,490295
2023-10-10,Digital,1556.86,325632,1213890
2023-10-10,Social,966.64,232853,523185
2023-10-10,Search,645.23,127480,232585
2023-10-11,TV,3576.36,303671,508991
2023-10-11,Digital,1494.97,298656,1222984
2023-10-11,Social,1106.65,266131,643567
2023-10-11,Search,488.14,80050,198945
2023-10-12,TV,2918.44,228647,414804
2023-10-12,Digital,1741.39,367719,1329642
2023-10-12,Social,755.38,177730,444897
2023-10-12,Search,497.28,92907,206050
2023-10-13,TV,3435.87,286468,478911
2023-10-13,Digital,1841.65,389605,1485608
2023-10-13,Social,977.34,231805,592206
2023-10-13,Search,602.05,100395,225046
2023-10-14,TV,3297.41,242696,469343
2023-10-14,Digital,1431.08,279078,1053403
2023-10-14,Social,687.60,158097,415482
2023-10-14,Search,478.88,87006,186250
2023-10-15,TV,2671.93,215899,376501
2023-10-15,Digital,1381.90,289160,1189868
2023-10-15,Social,649.23,169568,400226
2023-10-15,Search,372.35,63299,159100
2023-10-16,TV,3548.71,293410,488226
2023-10-16,Digital,2085.35,453639,1661232
2023-10-16,Social,936.07,211206,589619
2023-10-16,Search,668.12,122486,256891
2023-10-17,TV,2897.03,210726,393109
2023-10-17,Digital,1774.46,328587,1350570
2023-10-17,Social,882.64,241248,573361
2023-10-17,Search,433.71,77392,171182
2023-10-18,TV,3437.43,291179,545979
2023-10-18,Digital,1996.74,413028,1705356
2023-10-18,Social,894.65,221817,539910
2023-10-18,Search,632.61,104326,233314
2023-10-19,TV,3667.89,300603,583034
2023-10-19,Digital,1318.12,253287,1003786
2023-10-19,Social,807.96,187517,474636
2023-10-19,Search,673.18,117257,286651
2023-10-20,TV,3031.50,242448,430745
2023-10-20,Digital,1579.46,312489,1310154
2023-10-20,Social,1107.62,276961,653309
2023-10-20,Search,680.96,113781,268334
2023-10-21,TV,2316.87,171799,340699
2023-10-21,Digital,1230.20,262237,1067547
2023-10-21,Social,641.07,145049,374136
2023-10-21,Search,461.34,78182,169715
2023-10-22,TV,1914.55,152484,274919
2023-10-22,Digital,1225.22,269192,914672
2023-10-22,Social,814.78,221115,514426
2023-10-22,Search,522.57,90088,204045
2023-10-23,TV,3899.97,305195,571104
2023-10-23,Digital,1842.28,368031,1386806
2023-10-23,Social,956.43,247715,524694
2023-10-23,Search,655.28,116938,276746
2023-10-24,TV,3369.83,278803,492797
2023-10-24,Digital,1601.46,307192,1211152
2023-10-24,Social,589.85,154456,333186
2023-10-24,Search,425.38,83046,162049
2023-10-25,TV,3893.62,299851,588557
2023-10-25,Digital,1784.34,361535,1454071
2023-10-25,Social,1195.55,281937,724676
2023-10-25,Search,468.24,88992,177230
2023-10-26,TV,4146.80,330842,634876
2023-10-26,Digital,1808.72,371923,1418489
2023-10-26,Social,972.50,256035,592446
2023-10-26,Search,750.25,126432,327233
2023-10-27,TV,3653.49,318469,505673
2023-10-27,Digital,1346.51,277050,1073451
2023-10-27,Social,1051.06,248210,575695
2023-10-27,Search,611.42,119033,222551
2023-10-28,TV,2641.17,214632,363052
2023-10-28,Digital,1030.15,204037,762849
2023-10-28,Social,779.03,195481,422585
2023-10-28,Search,508.36,92171,201160
2023-10-29,TV,1628.98,127724,222523
2023-10-29,Digital,1034.04,220348,799876
2023-10-29,Social,572.39,151399,359038
2023-10-29,Search,474.23,88027,202311
2023-10-30,TV,3077.77,251850,473140
2023-10-30,Digital,1782.74,324948,1329558
2023-10-30,Social,979.29,226424,561624
2023-10-30,Search,553.34,106645,234195
2023-10-31,TV,3995.86,334870,605719
2023-10-31,Digital,1733.30,349054,1276266
2023-10-31,Social,1276.66,314866,764849
2023-10-31,Search,500.11,92394,207435
2023-11-01,TV,6448.42,506214,917595
2023-11-01,Digital,2465.92,541827,1854418
2023-11-01,Social,1637.08,448646,956025
2023-11-01,Search,974.90,170301,414757
2023-11-02,TV,5215.30,384125,797421
2023-11-02,Digital,1969.58,402488,1486772
2023-11-02,Social,1616.56,370893,1035731
2023-11-02,Search,795.78,134967,340779
2023-11-03,TV,4978.93,429148,680153
2023-11-03,Digital,2076.70,417866,1810142
2023-11-03,Social,1368.99,322203,874502
2023-11-03,Search,815.30,146742,321294
2023-11-04,TV,3619.14,300143,507230
2023-11-04,Digital,2011.32,393334,1706394
2023-11-04,Social,1007.92,232857,645584
2023-11-04,Search,570.17,93946,233265
2023-11-05,TV,3540.14,256964,567967
2023-11-05,Digital,1964.12,377933,1603363
2023-11-05,Social,1239.85,289092,722673
2023-11-05,Search,707.47,122144,283886
2023-11-06,TV,4981.00,414008,807490
2023-11-06,Digital,2875.00,611838,2177833
2023-11-06,Social,1174.57,308822,651695
2023-11-06,Search,776.27,139220,296748
2023-11-07,TV,5144.47,383088,835067
2023-11-07,Digital,2097.33,442720,1809398
2023-11-07,Social,1704.51,389458,1043202
2023-11-07,Search,1024.69,193287,395337
2023-11-08,TV,5477.73,459170,900778
2023-11-08,Digital,2531.47,551725,1925558
2023-11-08,Social,1183.59,276930,771944
2023-11-08,Search,882.76,169032,387813
2023-11-09,TV,5047.24,366415,786796
2023-11-09,Digital,2243.95,439380,1820815
2023-11-09,Social,1392.34,370698,872719
2023-11-09,Search,978.78,178113,377286
2023-11-10,TV,5916.99,499487,905851
2023-11-10,Digital,2850.47,514074,2404347
2023-11-10,Social,1194.79,308343,693599
2023-11-10,Search,902.14,177257,328100
2023-11-11,TV,3219.22,247537,519768
2023-11-11,Digital,1764.29,358453,1401496
2023-11-11,Social,825.52,187066,543382
2023-11-11,Search,506.78,93250,217560
2023-11-12,TV,3816.25,313607,617320
2023-11-12,Digital,1686.44,325726,1469414
2023-11-12,Social,1219.27,305318,668140
2023-11-12,Search,621.75,105339,271730
2023-11-13,TV,3455.19,273806,516020
2023-11-13,Digital,2803.70,519927,2233457
2023-11-13,Social,1430.60,322686,930442
2023-11-13,Search,986.49,170664,406468
2023-11-14,TV,4487.38,390947,618458
2023-11-14,Digital,2121.96,434300,1826435
2023-11-14,Social,1485.95,394473,875841
2023-11-14,Search,797.55,155397,298909
2023-11-15,TV,5334.67,461068,735247
2023-11-15,Digital,2975.08,600286,2450904
2023-11-15,Social,1343.70,322254,882330
2023-11-15,Search,974.99,188577,372115
2023-11-16,TV,4700.29,350253,673952
2023-11-16,Digital,2121.52,450484,1783413
2023-11-16,Social,1690.68,417532,984188
2023-11-16,Search,886.51,172160,325587
2023-11-17,TV,4803.75,396395,789718
2023-11-17,Digital,2221.19,436821,1696621
2023-11-17,Social,1195.72,275197,716711
2023-11-17,Search,766.19,129429,308873
2023-11-18,TV,3670.84,291755,530794
2023-11-18,Digital,1389.22,296227,1030076
2023-11-18,Social,1329.42,344610,817367
2023-11-18,Search,410.52,74019,174868
2023-11-19,TV,3836.62,331595,607710
2023-11-19,Digital,2087.45,378009,1569642
2023-11-19,Social,905.88,212031,551995
2023-11-19,Search,762.53,150709,276661
2023-11-20,TV,5840.21,456211,855287
2023-11-20,Digital,2557.68,520036,2224788
2023-11-20,Social,1290.82,301270,750790
2023-11-20,Search,916.49,156116,358070
2023-11-21,TV,4956.72,362072,791497
2023-11-21,Digital,2563.94,541754,1924752
2023-11-21,Social,1228.42,325103,778832
2023-11-21,Search,654.42,113213,250271
2023-11-22,TV,4969.28,357963,734157
2023-11-22,Digital,2472.82,462681,2075062
2023-11-22,Social,1389.25,368564,862647
2023-11-22,Search,964.39,174936,364929
2023-11-23,TV,5316.00,414301,867423
2023-11-23,Digital,2907.80,609192,2270988
2023-11-23,Social,1539.15,349178,911423
2023-11-23,Search,821.18,156928,348964
2023-11-24,TV,5546.04,449186,812558
2023-11-24,Digital,2905.77,595126,2154242
2023-11-24,Social,1386.26,330553,805145
2023-11-24,Search,903.15,173389,366868
2023-11-25,TV,3084.34,264146,475013
2023-11-25,Digital,2677.59,582208,2273575
2023-11-25,Social,1292.01,347495,840505
2023-11-25,Search,660.37,127032,283462
2023-11-26,TV,4026.52,348168,649110
2023-11-26,Digital,2328.99,458526,1798634
2023-11-26,Social,1040.49,278949,612413
2023-11-26,Search,710.81,116297,281930
2023-11-27,TV,5591.52,402994,882681
2023-11-27,Digital,2183.79,462803,1691203
2023-11-27,Social,1572.58,389632,1025554
2023-11-27,Search,998.75,197247,418642
2023-11-28,TV,4662.77,363866,764163
2023-11-28,Digital,2382.97,469894,1940329
2023-11-28,Social,1283.04,289735,800738
2023-11-28,Search,814.31,145332,348743
2023-11-29,TV,4275.97,367154,632829
2023-11-29,Digital,2013.47,366571,1722333
2023-11-29,Social,1074.13,246017,704203
2023-11-29,Search,681.01,115591,273687
2023-11-30,TV,5837.67,507395,866549
2023-11-30,Digital,1708.19,330481,1361204
2023-11-30,Social,1266.80,305664,783278
2023-11-30,Search,989.33,162999,413776
2023-12-01,TV,5141.69,378092,769925
2023-12-01,Digital,2678.52,513475,2169804
2023-12-01,Social,1386.29,331605,783110
2023-12-01,Search,798.20,157053,326349
2023-12-02,TV,3613.04,290032,489781
2023-12-02,Digital,1764.56,386536,1532015
2023-12-02,Social,914.82,235370,579801
2023-12-02,Search,867.85,153355,361541
2023-12-03,TV,4136.99,320577,564147
2023-12-03,Digital,1802.23,383862,1513696
2023-12-03,Social,1064.55,269383,584067
2023-12-03,Search,733.75,140829,295675
2023-12-04,TV,5635.94,445979,811688
2023-12-04,Digital,2951.60,535218,2186570
2023-12-04,Social,1804.69,483590,1091241
2023-12-04,Search,971.01,187760,427166
2023-12-05,TV,4847.26,378194,775211
2023-12-05,Digital,2749.73,551503,2327188
2023-12-05,Social,1163.48,276288,718584
2023-12-05,Search,718.86,131283,302425
2023-12-06,TV,4439.20,323299,650612
2023-12-06,Digital,2922.76,563867,2268433
2023-12-06,Social,1811.67,409594,995577
2023-12-06,Search,911.15,172669,360031
2023-12-07,TV,4339.11,318251,690765
2023-12-07,Digital,2390.35,492270,1721639
2023-12-07,Social,1280.18,343066,713947
2023-12-07,Search,1167.55,225636,486459
2023-12-08,TV,4352.39,366226,593940
2023-12-08,Digital,2765.35,521681,2135975
2023-12-08,Social,1718.55,450891,972484
2023-12-08,Search,1135.32,196347,434258
2023-12-09,TV,3707.62,297124,567015
2023-12-09,Digital,1845.78,387408,1541223
2023-12-09,Social,1096.42,283657,611871
2023-12-09,Search,795.96,135316,314545
2023-12-10,TV,3424.00,292667,554911
2023-12-10,Digital,2177.80,431072,1644616
2023-12-10,Social,1199.53,286685,699183
2023-12-10,Search,748.77,133741,295194
2023-12-11,TV,4535.40,354713,740613
2023-12-11,Digital,1901.78,376133,1464570
2023-12-11,Social,1693.29,457993,1100268
2023-12-11,Search,928.47,170650,394691
2023-12-12,TV,5204.45,439121,761047
2023-12-12,Digital,3108.24,593377,2380590
2023-12-12,Social,1422.63,355830,825286
2023-12-12,Search,990.13,181339,423651
2023-12-13,TV,4461.61,339350,712852
2023-12-13,Digital,2792.52,505725,2347166
2023-12-13,Social,1424.51,350420,850484
2023-12-13,Search,1013.23,165056,435455
2023-12-14,TV,6871.07,541028,1000708
2023-12-14,Digital,2759.09,530642,2183060
2023-12-14,Social,1439.84,346792,858927
2023-12-14,Search,936.30,158681,395266
2023-12-15,TV,6279.46,531369,968923
2023-12-15,Digital,2839.99,516481,2431530
2023-12-15,Social,1384.46,337295,806928
2023-12-15,Search,646.88,116583,245408
2023-12-16,TV,3915.20,297189,644033
2023-12-16,Digital,2246.13,476223,1852499
2023-12-16,Social,968.59,264125,629247
2023-12-16,Search,707.78,136699,262170
2023-12-17,TV,2557.58,209979,415511
2023-12-17,Digital,2475.81,512106,1787921
2023-12-17,Social,1196.96,271046,789929
2023-12-17,Search,652.06,122930,238398
2023-12-18,TV,5164.99,420216,814022
2023-12-18,Digital,1921.65,373696,1513155
2023-12-18,Social,1697.70,432730,1032409
2023-12-18,Search,978.86,184496,417662
2023-12-19,TV,5635.87,414962,910768
2023-12-19,Digital,2642.01,528653,2218811
2023-12-19,Social,951.08,233100,522314
2023-12-19,Search,981.06,184719,390098
2023-12-20,TV,4985.48,410232,769943
2023-12-20,Digital,2728.88,546990,2256865
2023-12-20,Social,1367.76,347653,804225
2023-12-20,Search,1027.74,190575,434278
2023-12-21,TV,4069.14,339084,551265
2023-12-21,Digital,3202.98,624308,2374393
2023-12-21,Social,930.74,236694,504473
2023-12-21,Search,1090.57,201873,398520
2023-12-22,TV,5055.78,419965,683077
2023-12-22,Digital,2044.24,382720,1702235
2023-12-22,Social,950.08,254402,549020
2023-12-22,Search,889.94,171023,368821
2023-12-23,TV,3584.84,310569,491168
2023-12-23,Digital,1797.66,327519,1313653
2023-12-23,Social,1218.37,297045,703000
2023-12-23,Search,585.54,101339,251434
2023-12-24,TV,4225.03,310305,627896
2023-12-24,Digital,2413.96,506029,1869213
2023-12-24,Social,1067.66,256367,592959
2023-12-24,Search,758.20,127959,309691
2023-12-25,TV,5273.50,455393,850155
2023-12-25,Digital,2722.82,508239,2274972
2023-12-25,Social,1464.18,345960,853442
2023-12-25,Search,735.25,121283,318556
2023-12-26,TV,4750.48,372915,685508
2023-12-26,Digital,2044.86,438995,1634874
2023-12-26,Social,1367.92,374084,889479
2023-12-26,Search,968.61,159577,400952
2023-12-27,TV,6048.82,471700,865138
2023-12-27,Digital,2672.46,582026,2103077
2023-12-27,Social,1252.43,303668,819220
2023-12-27,Search,1105.49,216326,466590
2023-12-28,TV,4986.97,368551,755582
2023-12-28,Digital,2833.81,547250,2437905
2023-12-28,Social,1440.29,365642,830228
2023-12-28,Search,841.28,163126,356274
2023-12-29,TV,5738.72,504820,943309
2023-12-29,Digital,2764.93,534216,2348045
2023-12-29,Social,1719.10,396305,1023357
2023-12-29,Search,582.72,110299,218067
2023-12-30,TV,2635.18,193827,373168
2023-12-30,Digital,1850.12,372429,1614667
2023-12-30,Social,1364.08,359124,856481
2023-12-30,Search,789.97,156207,345090
2023-12-31,TV,4474.23,349718,638801
2023-12-31,Digital,2115.14,440250,1855237
2023-12-31,Social,1245.26,286583,763334
2023-12-31,Search,872.62,152987,346487
2024-01-01,TV,2167.25,185412,347220
2024-01-01,Digital,576.51,120731,424455
2024-01-01,Social,528.57,131407,297681
2024-01-01,Search,309.81,51200,113692
2024-01-02,TV,1751.07,133066,253853
2024-01-02,Digital,828.67,170410,644695
2024-01-02,Social,573.68,138277,312469
2024-01-02,Search,206.26,33851,79325
2024-01-03,TV,2055.84,150913,321464
2024-01-03,Digital,894.27,192937,732107
2024-01-03,Social,527.24,134812,303883
2024-01-03,Search,265.73,50395,102460
2024-01-04,TV,1347.15,106309,212148
2024-01-04,Digital,1025.57,197132,900525
2024-01-04,Social,431.21,113018,242360
2024-01-04,Search,368.10,67463,136677
2024-01-05,TV,2256.79,184079,327769
2024-01-05,Digital,786.90,143374,605189
2024-01-05,Social,557.68,145938,308040
2024-01-05,Search,325.39,57624,119862
2024-01-06,TV,1281.71,105422,199563
2024-01-06,Digital,581.21,106786,423945
2024-01-06,Social,362.25,94226,218498
2024-01-06,Search,160.30,26732,66224
2024-01-07,TV,1570.81,123264,218722
2024-01-07,Digital,798.68,170094,693263
2024-01-07,Social,372.91,99018,217295
2024-01-07,Search,236.43,43732,88340
2024-01-08,TV,1872.87,151881,274269
2024-01-08,Digital,638.40,118639,513686
2024-01-08,Social,416.12,110263,260076
2024-01-08,Search,257.11,48554,92788
2024-01-09,TV,1639.65,139032,252506
2024-01-09,Digital,855.46,186044,702646
2024-01-09,Social,352.87,89122,209854
2024-01-09,Search,298.93,55996,111390
2024-01-10,TV,2434.57,201037,395341
2024-01-10,Digital,950.32,181218,735864
2024-01-10,Social,435.36,115480,264167
2024-01-10,Search,296.32,58023,110105
2024-01-11,TV,1642.03,123119,257004
2024-01-11,Digital,976.28,177476,808657
2024-01-11,Social,311.49,80093,194615
2024-01-11,Search,287.96,48178,118220
2024-01-12,TV,1725.22,134707,247812
2024-01-12,Digital,883.93,160120,748337
2024-01-12,Social,499.87,122931,291441
2024-01-12,Search,265.34,45855,105651
2024-01-13,TV,1001.74,83225,153475
2024-01-13,Digital,730.71,141496,610056
2024-01-13,Social,468.32,120230,307519
2024-01-13,Search,235.09,43031,90848
2024-01-14,TV,1110.12,83556,152989
2024-01-14,Digital,772.45,151057,633653
2024-01-14,Social,300.64,70958,182506
2024-01-14,Search,273.58,49548,118772
2024-01-15,TV,1260.61,97774,196550
2024-01-15,Digital,983.10,212793,804304
2024-01-15,Social,486.27,118878,318547
2024-01-15,Search,280.32,49616,103783
2024-01-16,TV,3127.32,226319,430461
2024-01-16,Digital,1083.83,199323,906411
2024-01-16,Social,696.07,188709,416140
2024-01-16,Search,471.01,86293,194637
2024-01-17,TV,1755.13,147534,269346
2024-01-17,Digital,1367.28,257831,988088
2024-01-17,Social,582.14,152236,374209
2024-01-17,Search,506.09,91480,214487
2024-01-18,TV,2541.92,205798,415660
2024-01-18,Digital,942.00,191020,724670
2024-01-18,Social,521.53,124113,332248
2024-01-18,Search,358.81,67570,156642
2024-01-19,TV,2526.38,204568,385666
2024-01-19,Digital,1441.95,310463,1259065
2024-01-19,Social,604.40,137692,367313
2024-01-19,Search,437.50,82352,161914
2024-01-20,TV,1852.03,157284,264239
2024-01-20,Digital,782.30,156789,627976
2024-01-20,Social,541.59,142714,346705
2024-01-20,Search,262.21,45609,108844
2024-01-21,TV,2247.24,175017,348111
2024-01-21,Digital,1187.79,245275,981314
2024-01-21,Social,535.97,144879,335533
2024-01-21,Search,295.61,57477,124395
2024-01-22,TV,2686.47,203977,379572
2024-01-22,Digital,1326.73,261991,1063495
2024-01-22,Social,595.05,142752,388598
2024-01-22,Search,478.47,84788,206954
2024-01-23,TV,2203.38,180177,323846
2024-01-23,Digital,1074.05,207247,868121
2024-01-23,Social,584.90,139813,338690
2024-01-23,Search,420.62,76844,162686
2024-01-24,TV,2794.52,210177,455866
2024-01-24,Digital,1327.09,255988,1028675
2024-01-24,Social,683.71,175320,444993
2024-01-24,Search,360.32,67452,143798
2024-01-25,TV,2085.75,159399,342081
2024-01-25,Digital,1195.34,218239,982306
2024-01-25,Social,759.71,204641,494896
2024-01-25,Search,403.25,71547,155597
2024-01-26,TV,2938.12,217082,451038
2024-01-26,Digital,1456.12,290818,1108324
2024-01-26,Social,685.55,166436,396379
2024-01-26,Search,499.10,94643,210764
2024-01-27,TV,1349.57,110370,200030
2024-01-27,Digital,1064.07,217022,806581
2024-01-27,Social,476.72,108448,312081
2024-01-27,Search,212.60,37126,85112
2024-01-28,TV,2114.13,165612,297563
2024-01-28,Digital,1194.65,216835,1005151
2024-01-28,Social,465.31,119567,260900
2024-01-28,Search,363.55,62569,134549
2024-01-29,TV,2398.89,201319,345822
2024-01-29,Digital,1472.93,304179,1099960
2024-01-29,Social,570.62,144586,343731
2024-01-29,Search,468.23,80135,193095
2024-01-30,TV,2636.66,216576,395985
2024-01-30,Digital,1268.08,229957,914662
2024-01-30,Social,725.98,183438,398300
2024-01-30,Search,545.68,105182,234443
2024-01-31,TV,2231.68,189051,336557
2024-01-31,Digital,1296.88,254201,1088731
2024-01-31,Social,736.52,175337,434564
2024-01-31,Search,449.82,73126,170754
2024-02-01,TV,3858.31,315767,571503
2024-02-01,Digital,1998.02,428038,1736322
2024-02-01,Social,1013.77,263606,607748
2024-02-01,Search,512.23,83868,198039
2024-02-02,TV,3887.27,332909,559639
2024-02-02,Digital,2363.25,479586,1742027
2024-02-02,Social,867.24,230729,504631
2024-02-02,Search,462.37,82302,189629
2024-02-03,TV,2410.31,187596,328470
2024-02-03,Digital,1021.05,223859,878833
2024-02-03,Social,995.31,259908,638965
2024-02-03,Search,395.56,73322,163171
2024-02-04,TV,1954.77,161810,290516
2024-02-04,Digital,1213.78,260950,980545
2024-02-04,Social,776.93,181894,443765
2024-02-04,Search,473.06,92684,184333
2024-02-05,TV,2925.69,224157,429674
2024-02-05,Digital,1824.10,360866,1491244
2024-02-05,Social,1081.63,288260,594745
2024-02-05,Search,447.21,85026,181122
2024-02-06,TV,3337.30,267243,496197
2024-02-06,Digital,1727.86,336908,1263005
2024-02-06,Social,754.09,180941,479010
2024-02-06,Search,533.42,98013,199082
2024-02-07,TV,3627.01,314398,557099
2024-02-07,Digital,1898.11,355162,1597247
2024-02-07,Social,960.08,246936,594822
2024-02-07,Search,486.12,87079,192113
2024-02-08,TV,3082.74,237703,499209
2024-02-08,Digital,1884.80,375557,1466114
2024-02-08,Social,885.37,227921,553357
2024-02-08,Search,709.31,131216,272710
2024-02-09,TV,4126.34,328176,618039
2024-02-09,Digital,1752.05,338936,1376557
2024-02-09,Social,627.70,164014,401479
2024-02-09,Search,508.43,87227,207947
2024-02-10,TV,3089.89,269270,481460
2024-02-10,Digital,1215.79,233356,897262
2024-02-10,Social,759.43,188590,500687
2024-02-10,Search,540.55,100490,199346
2024-02-11,TV,3269.90,259621,525683
2024-02-11,Digital,1266.28,266754,1036233
2024-02-11,Social,710.87,189042,440105
2024-02-11,Search,552.13,103244,220136
2024-02-12,TV,4157.49,330490,623683
2024-02-12,Digital,2346.81,460096,1728703
2024-02-12,Social,836.88,218896,500904
2024-02-12,Search,701.36,116025,282451
2024-02-13,TV,3930.53,296455,609057
2024-02-13,Digital,1599.39,297591,1371814
2024-02-13,Social,588.06,142590,318797
2024-02-13,Search,541.20,102778,227298
2024-02-14,TV,3790.71,302406,579729
2024-02-14,Digital,1285.93,274307,1000374
2024-02-14,Social,742.82,182080,414970
2024-02-14,Search,592.71,115177,238547
2024-02-15,TV,4197.16,310090,590971
2024-02-15,Digital,1578.98,294804,1190779
2024-02-15,Social,928.61,238564,550932
2024-02-15,Search,437.95,75686,173953
2024-02-16,TV,3555.24,312695,527375
2024-02-16,Digital,2267.43,473106,1724876
2024-02-16,Social,1161.05,289633,739734
2024-02-16,Search,576.80,110479,218978
2024-02-17,TV,2584.91,215628,393312
2024-02-17,Digital,1609.49,353746,1292279
2024-02-17,Social,777.73,189489,491519
2024-02-17,Search,609.85,99609,242060
2024-02-18,TV,2992.83,220309,411020
2024-02-18,Digital,1712.98,332175,1419112
2024-02-18,Social,707.93,162994,445968
2024-02-18,Search,436.68,85520,173273
2024-02-19,TV,3673.82,266480,555811
2024-02-19,Digital,1578.17,328305,1181254
2024-02-19,Social,829.38,190669,537823
2024-02-19,Search,580.45,97294,243753
2024-02-20,TV,2921.28,221379,442545
2024-02-20,Digital,2149.38,454933,1748861
2024-02-20,Social,749.42,181845,422489
2024-02-20,Search,639.84,113523,281522
2024-02-21,TV,3026.91,235180,456504
2024-02-21,Digital,2079.37,408182,1659854
2024-02-21,Social,878.36,221272,502781
2024-02-21,Search,608.11,100382,229310
2024-02-22,TV,3880.01,326124,595048
2024-02-22,Digital,1313.49,240338,985552
2024-02-22,Social,701.97,168819,420550
2024-02-22,Search,475.91,82404,194723
2024-02-23,TV,2617.66,227124,378015
2024-02-23,Digital,2000.38,417061,1673018
2024-02-23,Social,742.26,199832,485500
2024-02-23,Search,673.35,115580,294295
2024-02-24,TV,2951.66,258489,457586
2024-02-24,Digital,1688.52,348794,1462713
2024-02-24,Social,689.07,167589,424100
2024-02-24,Search,409.88,78846,165942
2024-02-25,TV,3154.38,253039,518041
2024-02-25,Digital,1672.60,323995,1458125
2024-02-25,Social,686.53,179509,437440
2024-02-25,Search,409.60,80303,170638
2024-02-26,TV,3662.10,293353,578273
2024-02-26,Digital,1644.69,321724,1431271
2024-02-26,Social,1159.29,299806,759140
2024-02-26,Search,693.83,132301,259005
2024-02-27,TV,3503.19,270293,489648
2024-02-27,Digital,2176.41,424627,1888522
2024-02-27,Social,735.69,185636,468433
2024-02-27,Search,514.47,86062,198922
2024-02-28,TV,3235.47,283517,510438
2024-02-28,Digital,1630.56,322949,1242907
2024-02-28,Social,856.72,208710,484709
2024-02-28,Search,532.27,93409,226490
2024-02-29,TV,3343.02,246547,461091
2024-02-29,Digital,2384.48,502883,1919914
2024-02-29,Social,1134.96,274807,641999
2024-02-29,Search,438.62,85604,164483
2024-03-01,TV,4371.99,324883,617248
2024-03-01,Digital,1700.87,362320,1399736
2024-03-01,Social,1107.70,273854,724597
2024-03-01,Search,666.09,118190,255827
2024-03-02,TV,3297.31,252149,494265
2024-03-02,Digital,1569.32,287517,1225830
2024-03-02,Social,743.26,170003,460396
2024-03-02,Search,465.92,79568,176785
2024-03-03,TV,2707.99,199197,380573
2024-03-03,Digital,1432.85,267597,1079120
2024-03-03,Social,671.06,168038,433110
2024-03-03,Search,482.68,85056,185006
2024-03-04,TV,3712.92,301370,611671
2024-03-04,Digital,1742.31,359711,1389158
2024-03-04,Social,1092.39,288143,639337
2024-03-04,Search,666.27,125696,259748
2024-03-05,TV,2798.16,232316,383264
2024-03-05,Digital,1828.90,359638,1597280
2024-03-05,Social,911.64,229989,584788
2024-03-05,Search,596.06,105032,216934
2024-03-06,TV,3381.24,287482,479024
2024-03-06,Digital,2088.85,394891,1780405
2024-03-06,Social,1098.87,283197,698334
2024-03-06,Search,742.79,127196,292920
2024-03-07,TV,3361.87,246536,457584
2024-03-07,Digital,2129.39,444440,1766438
2024-03-07,Social,979.94,239442,636377
2024-03-07,Search,730.39,139255,296195
2024-03-08,TV,4412.11,370665,681031
2024-03-08,Digital,1695.92,320832,1256527
2024-03-08,Social,1152.73,300008,704945
2024-03-08,Search,305.75,57045,113087
2024-03-09,TV,3465.85,280520,478270
2024-03-09,Digital,1534.62,300608,1238707
2024-03-09,Social,619.94,139820,355394
2024-03-09,Search,417.79,69454,161504
2024-03-10,TV,2738.06,225073,402328
2024-03-10,Digital,1639.25,304149,1409658
2024-03-10,Social,832.64,187487,467034
2024-03-10,Search,434.11,76943,181805
2024-03-11,TV,3607.50,289179,526713
2024-03-11,Digital,1450.32,277088,1046655
2024-03-11,Social,1171.29,277122,741106
2024-03-11,Search,442.35,77522,167415
2024-03-12,TV,3127.79,259353,480574
2024-03-12,Digital,1784.74,327155,1401593
2024-03-12,Social,671.87,162132,369621
2024-03-12,Search,655.64,113565,284193
2024-03-13,TV,3309.93,274870,481114
2024-03-13,Digital,1920.99,347776,1433192
2024-03-13,Social,993.42,263644,546989
2024-03-13,Search,610.28,118876,231638
2024-03-14,TV,3991.80,320188,614910
2024-03-14,Digital,1915.00,398820,1552302
2024-03-14,Social,1055.62,280163,679270
2024-03-14,Search,601.49,107267,240247
2024-03-15,TV,2522.66,209855,355108
2024-03-15,Digital,1814.02,351585,1451307
2024-03-15,Social,1208.27,290193,671250
2024-03-15,Search,492.93,96004,205005
2024-03-16,TV,2909.89,227770,440050
2024-03-16,Digital,1367.18,258771,1123184
2024-03-16,Social,637.43,151041,373675
2024-03-16,Search,434.39,74419,182653
2024-03-17,TV,1987.85,157676,319984
2024-03-17,Digital,1476.05,291406,1077077
2024-03-17,Social,668.54,161272,437561
2024-03-17,Search,486.42,93557,211347
2024-03-18,TV,3762.38,309118,602963
2024-03-18,Digital,1509.26,322544,1240987
2024-03-18,Social,851.75,201338,478041
2024-03-18,Search,608.47,111281,239505
2024-03-19,TV,3993.51,308831,629569
2024-03-19,Digital,1411.43,282279,1237550
2024-03-19,Social,1086.22,286734,625950
2024-03-19,Search,594.43,102308,239356
2024-03-20,TV,4024.41,345986,596272
2024-03-20,Digital,1853.25,393036,1584510
2024-03-20,Social,531.36,129838,341545
2024-03-20,Search,526.73,101356,196458
2024-03-21,TV,4269.36,365369,690483
2024-03-21,Digital,1907.01,370713,1549933
2024-03-21,Social,1154.69,283682,639796
2024-03-21,Search,494.32,81992,197099
2024-03-22,TV,4192.90,322462,622592
2024-03-22,Digital,1779.61,340967,1492927
2024-03-22,Social,817.05,204743,518690
2024-03-22,Search,646.46,108256,252760
2024-03-23,TV,2427.59,187909,396420
2024-03-23,Digital,1286.47,266573,1082329
2024-03-23,Social,597.29,142090,371656
2024-03-23,Search,410.25,74265,159141
2024-03-24,TV,2049.03,159953,312894
2024-03-24,Digital,1562.89,318669,1355876
2024-03-24,Social,895.24,219678,506898
2024-03-24,Search,424.33,70761,166669
2024-03-25,TV,3452.11,290945,511898
2024-03-25,Digital,1772.51,350299,1405594
2024-03-25,Social,823.74,216515,465096
2024-03-25,Search,540.54,98562,230289
2024-03-26,TV,3822.85,303897,537157
2024-03-26,Digital,1944.13,407912,1635809
2024-03-26,Social,756.01,173330,494099
2024-03-26,Search,643.90,121911,282714
2024-03-27,TV,4076.91,320898,573307
2024-03-27,Digital,2033.00,430423,1596103
2024-03-27,Social,1161.12,271001,655112
2024-03-27,Search,570.99,97265,236818
2024-03-28,TV,3617.44,268738,555289
2024-03-28,Digital,1707.60,370827,1298386
2024-03-28,Social,773.77,205607,500440
2024-03-28,Search,706.83,135742,308288
2024-03-29,TV,2467.06,187835,349821
2024-03-29,Digital,2335.85,506144,1830868
2024-03-29,Social,914.89,221450,553072
2024-03-29,Search,637.63,112289,269260
2024-03-30,TV,2589.75,207422,368452
2024-03-30,Digital,1315.58,274450,957435
2024-03-30,Social,777.41,185213,469341
2024-03-30,Search,323.24,62000,125063
2024-03-31,TV,2035.65,157662,281325
2024-03-31,Digital,1297.07,283375,1064995
2024-03-31,Social,741.65,167235,415329
2024-03-31,Search,373.37,65190,143702
2024-04-01,TV,4193.85,323696,688767
2024-04-01,Digital,2175.04,427194,1911722
2024-04-01,Social,1092.15,289458,652624
2024-04-01,Search,582.76,112442,254139
2024-04-02,TV,2862.44,226550,420510
2024-04-02,Digital,1675.62,347104,1217720
2024-04-02,Social,896.19,209206,510734
2024-04-02,Search,381.46,62829,151991
2024-04-03,TV,3786.30,331306,613785
2024-04-03,Digital,1727.20,349596,1510109
2024-04-03,Social,1270.16,335048,786762
2024-04-03,Search,495.32,89869,197016
2024-04-04,TV,2979.92,258403,448721
2024-04-04,Digital,1748.77,328977,1482279
2024-04-04,Social,1187.28,314960,721969
2024-04-04,Search,673.24,128385,251719
2024-04-05,TV,3844.24,317782,564215
2024-04-05,Digital,1518.14,291508,1196806
2024-04-05,Social,981.85,247519,589881
2024-04-05,Search,749.94,134206,271141
2024-04-06,TV,2843.11,228680,410450
2024-04-06,Digital,1397.29,289786,1039601
2024-04-06,Social,894.26,233876,553305
2024-04-06,Search,470.09,76215,196426
2024-04-07,TV,2394.05,208650,327995
2024-04-07,Digital,1381.05,263804,1104463
2024-04-07,Social,872.61,199310,562147
2024-04-07,Search,560.57,96241,220417
2024-04-08,TV,3928.23,329325,622221
2024-04-08,Digital,1629.54,316490,1279062
2024-04-08,Social,892.43,213102,570289
2024-04-08,Search,510.44,86914,213213
2024-04-09,TV,4222.38,355828,607053
2024-04-09,Digital,1911.46,385567,1663380
2024-04-09,Social,967.65,264537,581485
2024-04-09,Search,612.91,110178,264880
2024-04-10,TV,3454.74,278308,533162
2024-04-10,Digital,1623.50,319910,1375590
2024-04-10,Social,1044.59,286103,583322
2024-04-10,Search,538.16,89789,214635
2024-04-11,TV,3507.21,271723,547512
2024-04-11,Digital,2193.96,449407,1741232
2024-04-11,Social,994.79,229142,588790
2024-04-11,Search,614.73,113069,262956
2024-04-12,TV,3311.31,271125,481834
2024-04-12,Digital,1813.53,367889,1319152
2024-04-12,Social,1007.58,263171,586755
2024-04-12,Search,557.03,95016,231946
2024-04-13,TV,3182.46,229327,455280
2024-04-13,Digital,1327.78,273386,998001
2024-04-13,Social,632.00,147304,410255
2024-04-13,Search,466.00,81257,203723
2024-04-14,TV,2473.00,190825,343120
2024-04-14,Digital,1224.81,241501,923218
2024-04-14,Social,636.95,152308,356555
2024-04-14,Search,411.67,66977,174138
2024-04-15,TV,2959.10,227387,475753
2024-04-15,Digital,2346.18,515681,2050809
2024-04-15,Social,1064.04,282539,680140
2024-04-15,Search,561.09,102669,209106
2024-04-16,TV,4099.67,329097,620535
2024-04-16,Digital,2067.03,429370,1547066
2024-04-16,Social,756.66,206864,491670
2024-04-16,Search,417.67,78603,158234
2024-04-17,TV,4111.88,347989,614316
2024-04-17,Digital,1667.56,358983,1269449
2024-04-17,Social,1004.37,257603,583650
2024-04-17,Search,671.71,116174,290001
2024-04-18,TV,3278.73,287189,479650
2024-04-18,Digital,1781.09,354547,1378579
2024-04-18,Social,771.58,185464,499460
2024-04-18,Search,679.00,131180,279617
2024-04-19,TV,3979.89,322934,628372
2024-04-19,Digital,1479.97,279797,1285349
2024-04-19,Social,836.32,193414,498872
2024-04-19,Search,497.29,96030,217255
2024-04-20,TV,2283.45,185146,308915
2024-04-20,Digital,1137.39,207724,946125
2024-04-20,Social,607.36,140525,392034
2024-04-20,Search,465.73,82247,193540
2024-04-21,TV,3509.15,259726,501285
2024-04-21,Digital,1296.90,241419,940625
2024-04-21,Social,605.20,137775,382037
2024-04-21,Search,505.89,95028,192985
2024-04-22,TV,4309.78,373217,669580
2024-04-22,Digital,1160.25,215728,880254
2024-04-22,Social,1027.25,254763,655745
2024-04-22,Search,585.29,103160,253379
2024-04-23,TV,3529.15,272634,536951
2024-04-23,Digital,2486.43,525926,2139844
2024-04-23,Social,844.44,195312,517846
2024-04-23,Search,518.90,88222,227438
2024-04-24,TV,2401.46,183390,381913
2024-04-24,Digital,1299.35,242385,1055115
2024-04-24,Social,783.45,213992,483926
2024-04-24,Search,470.90,81762,185244
2024-04-25,TV,2887.66,244297,458900
2024-04-25,Digital,2012.95,368968,1562990
2024-04-25,Social,980.06,228786,579955
2024-04-25,Search,587.07,114396,246183
2024-04-26,TV,2687.67,210829,363690
2024-04-26,Digital,1905.20,397783,1415412
2024-04-26,Social,787.29,204821,485239
2024-04-26,Search,555.58,98650,237451
2024-04-27,TV,2061.01,169659,296853
2024-04-27,Digital,1601.85,317268,1278629
2024-04-27,Social,826.53,199115,511655
2024-04-27,Search,367.92,60298,159561
2024-04-28,TV,2887.32,226391,432466
2024-04-28,Digital,1513.11,281051,1260197
2024-04-28,Social,841.23,229249,536174
2024-04-28,Search,485.37,83307,196902
2024-04-29,TV,3273.88,247829,498405
2024-04-29,Digital,1643.16,334381,1255943
2024-04-29,Social,1105.28,285817,711594
2024-04-29,Search,483.56,92109,200729
2024-04-30,TV,3885.44,322889,563509
2024-04-30,Digital,2074.48,389846,1768196
2024-04-30,Social,992.21,234225,538136
2024-04-30,Search,564.75,101276,215833
2024-05-01,TV,3618.56,299860,493984
2024-05-01,Digital,2382.38,522766,1876589
2024-05-01,Social,1034.91,248023,617925
2024-05-01,Search,635.03,108670,260796
2024-05-02,TV,3266.69,278005,456417
2024-05-02,Digital,1761.86,334170,1366311
2024-05-02,Social,937.10,213106,533983
2024-05-02,Search,632.73,105510,232633
2024-05-03,TV,4446.04,346125,647765
2024-05-03,Digital,1879.89,378559,1503509
2024-05-03,Social,1082.49,257999,714142
2024-05-03,Search,388.84,63723,144705
2024-05-04,TV,3352.91,277626,547828
2024-05-04,Digital,1142.52,223627,835634
2024-05-04,Social,680.08,180664,437091
2024-05-04,Search,436.12,72717,165116
2024-05-05,TV,2785.58,222236,419247
2024-05-05,Digital,1322.63,269095,1131001
2024-05-05,Social,811.96,218658,526484
2024-05-05,Search,358.07,62509,150185
2024-05-06,TV,3550.18,310200,578494
2024-05-06,Digital,1574.11,344674,1288624
2024-05-06,Social,1012.08,262735,650763
2024-05-06,Search,570.89,98939,228182
2024-05-07,TV,4519.78,356682,641440
2024-05-07,Digital,2239.12,488916,1838519
2024-05-07,Social,1042.04,247278,667727
2024-05-07,Search,655.46,116344,275028
2024-05-08,TV,4316.90,357187,695791
2024-05-08,Digital,2201.39,454113,1899101
2024-05-08,Social,940.74,217848,606665
2024-05-08,Search,537.02,87012,212051
2024-05-09,TV,3754.11,279536,542212
2024-05-09,Digital,1841.34,372861,1439309
2024-05-09,Social,1040.67,256005,617581
2024-05-09,Search,477.06,92350,183422
2024-05-10,TV,3286.58,258848,533697
2024-05-10,Digital,1423.67,285030,1194784
2024-05-10,Social,905.49,207296,519881
2024-05-10,Search,578.26,109380,242070
2024-05-11,TV,3146.27,256729,470579
2024-05-11,Digital,1104.79,221551,883978
2024-05-11,Social,854.84,193975,543604
2024-05-11,Search,512.35,99523,211350
2024-05-12,TV,2521.45,202643,371230
2024-05-12,Digital,1478.20,296128,1231690
2024-05-12,Social,729.55,193960,424877
2024-05-12,Search,429.47,76074,175080
2024-05-13,TV,4376.48,361380,640954
2024-05-13,Digital,1790.74,393481,1506730
2024-05-13,Social,880.72,219239,530970
2024-05-13,Search,590.41,95902,257383
2024-05-14,TV,3545.58,255382,546549
2024-05-14,Digital,1653.42,334253,1368563
2024-05-14,Social,1076.50,250518,606259
2024-05-14,Search,576.63,97788,226958
2024-05-15,TV,4265.29,356724,666910
2024-05-15,Digital,1844.39,334113,1485386
2024-05-15,Social,1103.50,272754,712988
2024-05-15,Search,630.78,119450,256550
2024-05-16,TV,4137.95,340407,601659
2024-05-16,Digital,1789.71,342483,1445695
2024-05-16,Social,705.22,167849,421506
2024-05-16,Search,703.25,128213,306269
2024-05-17,TV,3144.41,247420,459641
2024-05-17,Digital,2033.69,436705,1574115
2024-05-17,Social,897.94,221116,523066
2024-05-17,Search,605.12,99019,250222
2024-05-18,TV,2973.23,223930,428471
2024-05-18,Digital,1010.37,219295,741918
2024-05-18,Social,882.44,217912,538840
2024-05-18,Search,488.58,81727,204021
2024-05-19,TV,3093.30,270296,457361
2024-05-19,Digital,1568.52,329917,1183022
2024-05-19,Social,757.29,188645,430923
2024-05-19,Search,352.90,65771,129851
2024-05-20,TV,2926.40,215769,463783
2024-05-20,Digital,1820.10,388747,1341842
2024-05-20,Social,930.78,216579,597799
2024-05-20,Search,704.47,117764,291073
2024-05-21,TV,3958.89,336858,574476
2024-05-21,Digital,2010.97,363886,1466496
2024-05-21,Social,859.50,194734,566600
2024-05-21,Search,704.40,132369,291104
2024-05-22,TV,3031.55,228398,486258
2024-05-22,Digital,1633.15,320192,1295606
2024-05-22,Social,801.54,192764,442199
2024-05-22,Search,590.14,100161,221997
2024-05-23,TV,3740.22,300782,591603
2024-05-23,Digital,1597.50,291348,1157845
2024-05-23,Social,1055.94,245896,609135
2024-05-23,Search,634.27,124144,278365
2024-05-24,TV,2158.35,165000,319717
2024-05-24,Digital,1848.75,374787,1615588
2024-05-24,Social,588.93,144678,345403
2024-05-24,Search,747.28,134833,298706
2024-05-25,TV,2824.20,230709,413259
2024-05-25,Digital,1468.98,272951,1094140
2024-05-25,Social,763.17,173839,427310
2024-05-25,Search,363.90,62224,134777
2024-05-26,TV,3031.15,236297,476820
2024-05-26,Digital,1277.03,252933,1092727
2024-05-26,Social,803.50,183952,469463
2024-05-26,Search,447.29,81540,162580
2024-05-27,TV,3527.28,301982,493749
2024-05-27,Digital,2425.02,520123,2088449
2024-05-27,Social,1020.97,250268,556647
2024-05-27,Search,606.42,110078,223879
2024-05-28,TV,3929.33,313578,595684
2024-05-28,Digital,2135.02,450176,1703207
2024-05-28,Social,821.73,200568,462833
2024-05-28,Search,525.07,86628,194928
2024-05-29,TV,3252.50,262888,518320
2024-05-29,Digital,1964.06,420920,1509262
2024-05-29,Social,1011.89,268113,577935
2024-05-29,Search,645.99,117564,245531
2024-05-30,TV,3102.41,259320,441563
2024-05-30,Digital,1737.89,344900,1379752
2024-05-30,Social,953.50,259496,610727
2024-05-30,Search,629.23,121675,272500
2024-05-31,TV,3932.04,325827,605294
2024-05-31,Digital,1843.49,391718,1598702
2024-05-31,Social,1013.44,240618,617034
2024-05-31,Search,484.31,78569,177655
2024-06-01,TV,2546.31,215436,410467
2024-06-01,Digital,1765.33,357857,1481283
2024-06-01,Social,793.57,210465,487157
2024-06-01,Search,332.16,62582,142084
2024-06-02,TV,2208.65,180199,357032
2024-06-02,Digital,1511.95,316075,1187598
2024-06-02,Social,527.76,126385,346349
2024-06-02,Search,400.85,68118,146823
2024-06-03,TV,4168.71,334541,576640
2024-06-03,Digital,1962.72,420639,1681625
2024-06-03,Social,839.18,228625,487577
2024-06-03,Search,518.87,85661,216010
2024-06-04,TV,3853.44,304880,588102
2024-06-04,Digital,2029.16,365430,1562234
2024-06-04,Social,1045.70,235353,658142
2024-06-04,Search,593.94,113161,252149
2024-06-05,TV,3912.13,300195,624085
2024-06-05,Digital,1560.42,309510,1176599
2024-06-05,Social,983.35,261045,572743
2024-06-05,Search,580.00,112968,221408
2024-06-06,TV,2213.45,164768,320604
2024-06-06,Digital,1826.18,400057,1490054
2024-06-06,Social,957.60,228279,542670
2024-06-06,Search,482.67,93099,209957
2024-06-07,TV,3378.03,274599,549379
2024-06-07,Digital,2081.13,418328,1499647
2024-06-07,Social,1016.63,234156,576885
2024-06-07,Search,551.73,104233,242713
2024-06-08,TV,2566.21,210637,420612
2024-06-08,Digital,1436.30,262601,1225669
2024-06-08,Social,763.99,200893,453893
2024-06-08,Search,442.13,75344,161477
2024-06-09,TV,2554.66,203919,417530
2024-06-09,Digital,1266.20,240143,1050525
2024-06-09,Social,724.61,182376,426594
2024-06-09,Search,441.42,76790,173285
2024-06-10,TV,3827.56,299846,561330
2024-06-10,Digital,1852.57,354850,1352060
2024-06-10,Social,604.61,148129,369982
2024-06-10,Search,651.79,126162,254382
2024-06-11,TV,2998.79,240806,429273
2024-06-11,Digital,1467.21,278907,1072671
2024-06-11,Social,1119.33,274530,618744
2024-06-11,Search,584.52,115487,253512
2024-06-12,TV,2890.80,242988,428808
2024-06-12,Digital,1804.77,393418,1520405
2024-06-12,Social,947.90,240488,547122
2024-06-12,Search,672.31,113688,252893
2024-06-13,TV,3593.06,289043,496990
2024-06-13,Digital,1721.26,370756,1361127
2024-06-13,Social,712.02,189830,469311
2024-06-13,Search,510.17,87753,184624
2024-06-14,TV,3812.56,292421,622760
2024-06-14,Digital,1629.53,346121,1260389
2024-06-14,Social,794.42,187778,451226
2024-06-14,Search,523.96,97367,201326
2024-06-15,TV,2259.72,188056,328276
2024-06-15,Digital,1235.47,268844,934769
2024-06-15,Social,821.27,212696,524154
2024-06-15,Search,431.61,81215,167818
2024-06-16,TV,3303.49,277870,476804
2024-06-16,Digital,1092.53,227015,888997
2024-06-16,Social,764.33,209423,432404
2024-06-16,Search,522.01,91817,192586
2024-06-17,TV,3415.25,291333,485173
2024-06-17,Digital,1432.16,314758,1080758
2024-06-17,Social,813.98,200547,528731
2024-06-17,Search,545.18,93678,217867
2024-06-18,TV,3251.08,244276,511678
2024-06-18,Digital,1139.72,230686,884239
2024-06-18,Social,651.82,178264,371036
2024-06-18,Search,547.87,101017,235178
2024-06-19,TV,3176.26,251723,437607
2024-06-19,Digital,1511.47,314464,1327927
2024-06-19,Social,1028.01,241622,570469
2024-06-19,Search,558.15,105793,241898
2024-06-20,TV,2512.96,198239,366788
2024-06-20,Digital,2114.67,427942,1556824
2024-06-20,Social,1101.10,273211,611151
2024-06-20,Search,460.23,89151,170154
2024-06-21,TV,3531.30,293662,538959
2024-06-21,Digital,1771.42,362244,1540270
2024-06-21,Social,847.09,203398,478638
2024-06-21,Search,624.85,114553,259634
2024-06-22,TV,2460.14,188780,404239
2024-06-22,Digital,1346.06,277067,1046832
2024-06-22,Social,916.47,233668,520997
2024-06-22,Search,443.01,82315,176332
2024-06-23,TV,2730.32,220217,400957
2024-06-23,Digital,1240.65,270649,1009037
2024-06-23,Social,756.49,193070,485873
2024-06-23,Search,486.12,79709,175931
2024-06-24,TV,3914.68,285214,534108
2024-06-24,Digital,1610.15,294992,1406221
2024-06-24,Social,1008.14,264629,554457
2024-06-24,Search,459.87,79907,168267
2024-06-25,TV,4079.87,306318,582350
2024-06-25,Digital,1876.26,356667,1582457
2024-06-25,Social,803.44,186371,442317
2024-06-25,Search,503.55,85762,183166
2024-06-26,TV,3418.86,281995,481363
2024-06-26,Digital,1419.13,303903,1172996
2024-06-26,Social,794.26,180742,493749
2024-06-26,Search,655.92,128693,284049
2024-06-27,TV,3890.84,309902,548216
2024-06-27,Digital,1269.95,275943,929316
2024-06-27,Social,913.11,211150,567178
2024-06-27,Search,643.71,126154,255742
2024-06-28,TV,2953.52,232155,478562
2024-06-28,Digital,1466.72,285294,1130430
2024-06-28,Social,757.63,175256,415648
2024-06-28,Search,634.10,125353,256020
2024-06-29,TV,2695.18,203251,370447
2024-06-29,Digital,1290.01,269727,1010879
2024-06-29,Social,674.87,153975,415423
2024-06-29,Search,512.74,101056,193748
2024-06-30,TV,2888.82,220096,400076
2024-06-30,Digital,1341.60,275178,1096368
2024-06-30,Social,642.51,173898,393950
2024-06-30,Search,459.17,75478,196437
2024-07-01,TV,3378.55,256435,478943
2024-07-01,Digital,1748.59,355131,1277930
2024-07-01,Social,833.25,194967,484280
2024-07-01,Search,549.79,104670,221398
2024-07-02,TV,4016.31,315027,596930
2024-07-02,Digital,1487.96,273884,1161922
2024-07-02,Social,800.00,190400,513186
2024-07-02,Search,519.17,94715,222024
2024-07-03,TV,3631.36,272207,557222
2024-07-03,Digital,1874.96,394611,1427408
2024-07-03,Social,878.06,239773,558596
2024-07-03,Search,513.08,96916,202326
2024-07-04,TV,3275.71,262439,527924
2024-07-04,Digital,1420.56,305919,1039707
2024-07-04,Social,943.74,214528,538782
2024-07-04,Search,517.03,95020,207630
2024-07-05,TV,3201.40,234863,464261
2024-07-05,Digital,2007.89,417840,1636459
2024-07-05,Social,809.20,213262,525320
2024-07-05,Search,464.72,86971,173502
2024-07-06,TV,2190.23,179064,306964
2024-07-06,Digital,1345.82,261430,990088
2024-07-06,Social,800.20,190705,469573
2024-07-06,Search,524.97,89494,196058
2024-07-07,TV,1935.70,169308,284273
2024-07-07,Digital,1535.60,277789,1141445
2024-07-07,Social,664.15,167206,359176
2024-07-07,Search,489.45,90258,189697
2024-07-08,TV,2972.05,237274,469842
2024-07-08,Digital,1503.28,313975,1315715
2024-07-08,Social,950.43,253316,624630
2024-07-08,Search,522.79,100740,201415
2024-07-09,TV,3084.55,253846,429929
2024-07-09,Digital,2008.41,419340,1532634
2024-07-09,Social,967.63,250394,637201
2024-07-09,Search,593.74,116774,235410
2024-07-10,TV,3591.67,267129,523142
2024-07-10,Digital,2045.23,446501,1624082
2024-07-10,Social,865.50,210522,525074
2024-07-10,Search,594.68,111971,221712
2024-07-11,TV,3708.74,299253,540900
2024-07-11,Digital,2181.21,476049,1581668
2024-07-11,Social,1127.96,286392,631587
2024-07-11,Search,534.44,91441,219653
2024-07-12,TV,3840.69,335618,615112
2024-07-12,Digital,1957.37,365736,1443951
2024-07-12,Social,1084.85,272389,612210
2024-07-12,Search,492.84,82888,194826
2024-07-13,TV,2406.48,202625,345854
2024-07-13,Digital,773.48,150021,579660
2024-07-13,Social,692.61,177209,444234
2024-07-13,Search,441.69,80304,163873
2024-07-14,TV,1910.08,139645,296933
2024-07-14,Digital,1391.23,259334,1138153
2024-07-14,Social,504.61,129412,292244
2024-07-14,Search,499.38,83721,208994
2024-07-15,TV,3250.85,269660,440764
2024-07-15,Digital,1941.17,423719,1672516
2024-07-15,Social,992.16,238295,599790
2024-07-15,Search,586.80,100467,217298
2024-07-16,TV,3179.91,264063,430515
2024-07-16,Digital,1803.65,354839,1586070
2024-07-16,Social,993.45,225429,625378
2024-07-16,Search,626.42,113408,225652
2024-07-17,TV,4109.14,340749,662864
2024-07-17,Digital,1516.10,311694,1139497
2024-07-17,Social,682.79,173234,449053
2024-07-17,Search,620.42,117650,230377
2024-07-18,TV,3594.60,293672,579219
2024-07-18,Digital,1717.97,357988,1297720
2024-07-18,Social,662.70,163232,388515
2024-07-18,Search,666.01,121276,278492
2024-07-19,TV,3336.44,286033,475867
2024-07-19,Digital,1920.57,367093,1460469
2024-07-19,Social,1054.78,260313,602983
2024-07-19,Search,548.23,97976,198705
2024-07-20,TV,2330.58,195186,353244
2024-07-20,Digital,1275.14,234617,1066804
2024-07-20,Social,794.85,184512,519390
2024-07-20,Search,478.85,91884,178897
2024-07-21,TV,2854.52,209904,416074
2024-07-21,Digital,1325.11,255366,957927
2024-07-21,Social,557.67,142631,366603
2024-07-21,Search,364.65,64531,152595
2024-07-22,TV,3510.79,299763,548563
2024-07-22,Digital,1604.79,312771,1334704
2024-07-22,Social,901.49,238588,546594
2024-07-22,Search,535.00,87593,214136
2024-07-23,TV,2042.20,168209,314659
2024-07-23,Digital,1512.84,286532,1312232
2024-07-23,Social,904.89,242095,521874
2024-07-23,Search,363.32,71872,135863
2024-07-24,TV,2910.25,218779,424675
2024-07-24,Digital,2181.85,460073,1601285
2024-07-24,Social,1133.07,301230,655277
2024-07-24,Search,502.18,93751,214322
2024-07-25,TV,2682.95,216874,376457
2024-07-25,Digital,1830.89,332517,1342397
2024-07-25,Social,765.43,172937,435191
2024-07-25,Search,615.22,105306,268915
2024-07-26,TV,3682.93,312166,497967
2024-07-26,Digital,1432.83,301423,1139591
2024-07-26,Social,1003.30,265838,644065
2024-07-26,Search,500.19,86603,216124
2024-07-27,TV,3184.57,240508,521372
2024-07-27,Digital,1876.81,362484,1559142
2024-07-27,Social,658.25,167729,369754
2024-07-27,Search,544.33,94569,230511
2024-07-28,TV,2252.49,178213,344602
2024-07-28,Digital,1240.71,272091,910834
2024-07-28,Social,627.79,172311,399085
2024-07-28,Search,336.13,57158,140064
2024-07-29,TV,3508.27,307131,520151
2024-07-29,Digital,1445.92,274731,1218517
2024-07-29,Social,902.69,220665,546975
2024-07-29,Search,545.46,107586,233406
2024-07-30,TV,4141.58,358598,563955
2024-07-30,Digital,1670.85,351314,1437787
2024-07-30,Social,733.54,171705,464472
2024-07-30,Search,390.61,66110,162783
2024-07-31,TV,3058.96,220625,460130
2024-07-31,Digital,1596.35,304731,1259874
2024-07-31,Social,926.63,232009,564627
2024-07-31,Search,533.76,96388,218519
2024-08-01,TV,3591.42,311487,515092
2024-08-01,Digital,2132.65,460866,1788177
2024-08-01,Social,924.30,234412,582872
2024-08-01,Search,438.91,78674,189043
2024-08-02,TV,3632.41,267643,589144
2024-08-02,Digital,1627.44,314314,1274335
2024-08-02,Social,1159.73,310167,655651
2024-08-02,Search,625.56,116582,262644
2024-08-03,TV,3091.48,266239,430847
2024-08-03,Digital,1123.63,218681,924563
2024-08-03,Social,904.32,226627,543952
2024-08-03,Search,396.00,65647,167046
2024-08-04,TV,2636.42,214093,387231
2024-08-04,Digital,1471.01,279063,1226652
2024-08-04,Social,718.11,161720,408220
2024-08-04,Search,436.64,79969,178691
2024-08-05,TV,4489.02,390914,694021
2024-08-05,Digital,1677.27,321846,1281886
2024-08-05,Social,637.19,164378,410573
2024-08-05,Search,623.68,107989,230028
2024-08-06,TV,4038.31,328332,645524
2024-08-06,Digital,1674.60,351251,1242001
2024-08-06,Social,726.00,173688,412275
2024-08-06,Search,426.86,80963,182026
2024-08-07,TV,3732.50,292090,608771
2024-08-07,Digital,1735.71,363361,1318995
2024-08-07,Social,654.17,154034,401233
2024-08-07,Search,486.40,84564,199490
2024-08-08,TV,3316.60,241670,528570
2024-08-08,Digital,1413.16,294166,1146877
2024-08-08,Social,779.21,187564,468214
2024-08-08,Search,624.88,106246,258546
2024-08-09,TV,3110.61,263648,426655
2024-08-09,Digital,2080.52,414185,1600976
2024-08-09,Social,1119.97,289914,670476
2024-08-09,Search,341.49,67064,128687
2024-08-10,TV,3232.31,237787,502951
2024-08-10,Digital,1319.85,262173,1152450
2024-08-10,Social,906.56,232841,510570
2024-08-10,Search,525.55,97581,216188
2024-08-11,TV,3128.43,236154,477136
2024-08-11,Digital,1331.08,247507,1000412
2024-08-11,Social,685.49,154702,444539
2024-08-11,Search,385.64,68148,156965
2024-08-12,TV,2789.13,215679,440612
2024-08-12,Digital,2289.50,478783,1730570
2024-08-12,Social,962.68,261352,598790
2024-08-12,Search,358.94,63221,134834
2024-08-13,TV,3046.77,252076,441570
2024-08-13,Digital,1800.80,332707,1476102
2024-08-13,Social,1033.71,235357,575528
2024-08-13,Search,677.97,112954,258597
2024-08-14,TV,3052.41,258463,442270
2024-08-14,Digital,1760.09,319165,1335701
2024-08-14,Social,846.32,219824,557217
2024-08-14,Search,646.27,105670,283426
2024-08-15,TV,4009.91,318884,550196
2024-08-15,Digital,1804.62,355011,1388592
2024-08-15,Social,1157.98,293176,736378
2024-08-15,Search,521.39,99466,192337
2024-08-16,TV,3840.88,291862,594875
2024-08-16,Digital,2022.87,371660,1661944
2024-08-16,Social,705.55,186465,452346
2024-08-16,Search,600.95,104384,237381
2024-08-17,TV,1939.24,144864,270490
2024-08-17,Digital,1571.60,344395,1294772
2024-08-17,Social,624.96,152011,359679
2024-08-17,Search,364.70,64586,151570
2024-08-18,TV,2657.73,202271,388271
2024-08-18,Digital,1347.32,286240,1043391
2024-08-18,Social,681.14,167148,425498
2024-08-18,Search,472.80,83890,189108
2024-08-19,TV,2839.28,240862,409846
2024-08-19,Digital,1770.13,374813,1340226
2024-08-19,Social,1023.71,280811,623630
2024-08-19,Search,649.28,119222,247394
2024-08-20,TV,3551.43,285225,553413
2024-08-20,Digital,1681.57,358161,1318433
2024-08-20,Social,783.44,208380,436419
2024-08-20,Search,670.99,131887,289321
2024-08-21,TV,3181.53,263973,443792
2024-08-21,Digital,1680.60,340438,1310740
2024-08-21,Social,914.71,210575,578821
2024-08-21,Search,597.77,97637,245960
2024-08-22,TV,3589.16,299841,587494
2024-08-22,Digital,1716.09,355450,1282986
2024-08-22,Social,1104.30,259996,637316
2024-08-22,Search,621.37,101403,245386
2024-08-23,TV,3181.25,234878,446869
2024-08-23,Digital,1769.14,323674,1457506
2024-08-23,Social,838.99,223084,512273
2024-08-23,Search,447.14,82661,190984
2024-08-24,TV,2646.14,229467,419402
2024-08-24,Digital,1213.33,247975,895432
2024-08-24,Social,753.92,187739,421555
2024-08-24,Search,404.99,79015,147159
2024-08-25,TV,3140.18,270531,472055
2024-08-25,Digital,1417.65,292170,1121526
2024-08-25,Social,687.68,156588,394951
2024-08-25,Search,515.28,93857,205741
2024-08-26,TV,2430.64,205701,393082
2024-08-26,Digital,1604.57,348739,1171245
2024-08-26,Social,959.80,247640,613957
2024-08-26,Search,630.18,119041,228163
2024-08-27,TV,5054.74,398021,769875
2024-08-27,Digital,2170.32,395260,1663728
2024-08-27,Social,805.62,201537,466364
2024-08-27,Search,627.98,118477,239676
2024-08-28,TV,2645.20,208101,412064
2024-08-28,Digital,2021.98,365530,1593837
2024-08-28,Social,984.60,229196,605839
2024-08-28,Search,522.20,101831,229738
2024-08-29,TV,3752.26,297362,558986
2024-08-29,Digital,2008.08,381584,1604802
2024-08-29,Social,1022.01,252514,651283
2024-08-29,Search,544.54,101920,207910
2024-08-30,TV,3250.11,274332,443918
2024-08-30,Digital,2015.18,397713,1496803
2024-08-30,Social,808.26,200195,525814
2024-08-30,Search,514.46,93450,191587
2024-08-31,TV,1958.20,145262,311157
2024-08-31,Digital,1281.39,238166,1004827
2024-08-31,Social,678.34,178264,387237
2024-08-31,Search,341.34,60673,122917
2024-09-01,TV,2966.87,244255,484327
2024-09-01,Digital,1632.65,296050,1276655
2024-09-01,Social,718.91,162135,405574
2024-09-01,Search,381.41,71263,166714
2024-09-02,TV,3296.24,262219,531018
2024-09-02,Digital,1976.92,422120,1624543
2024-09-02,Social,1101.27,258297,610967
2024-09-02,Search,709.15,119329,298508
2024-09-03,TV,3625.42,281968,596343
2024-09-03,Digital,2191.36,453370,1672464
2024-09-03,Social,1119.14,256547,685439
2024-09-03,Search,474.97,93652,192129
2024-09-04,TV,3673.21,290329,598471
2024-09-04,Digital,1895.60,350194,1365191
2024-09-04,Social,746.39,182881,481175
2024-09-04,Search,600.17,99448,224251
2024-09-05,TV,2889.45,241536,394826
2024-09-05,Digital,1892.16,403182,1379982
2024-09-05,Social,1005.01,253663,587690
2024-09-05,Search,709.34,126216,276887
2024-09-06,TV,3432.85,263295,472007
2024-09-06,Digital,1462.08,266314,1280649
2024-09-06,Social,1264.26,320530,682774
2024-09-06,Search,728.19,135695,265119
2024-09-07,TV,3227.18,251055,506007
2024-09-07,Digital,1568.79,283123,1141589
2024-09-07,Social,694.74,172767,432359
2024-09-07,Search,514.99,100676,194858
2024-09-08,TV,2699.18,197878,444535
2024-09-08,Digital,1284.00,239961,1109628
2024-09-08,Social,509.25,134710,303923
2024-09-08,Search,495.63,91861,205168
2024-09-09,TV,3062.21,236831,434533
2024-09-09,Digital,1390.89,283693,1072941
2024-09-09,Social,1275.92,334810,727946
2024-09-09,Search,411.37,77898,159499
2024-09-10,TV,3065.42,250900,482068
2024-09-10,Digital,2120.40,438410,1582928
2024-09-10,Social,953.31,219882,603855
2024-09-10,Search,706.12,119760,270683
2024-09-11,TV,4591.80,393115,632692
2024-09-11,Digital,1667.07,359959,1250347
2024-09-11,Social,734.52,187764,416890
2024-09-11,Search,655.55,116680,258219
2024-09-12,TV,3695.11,311656,574965
2024-09-12,Digital,1388.25,274722,1118056
2024-09-12,Social,970.08,255477,524403
2024-09-12,Search,416.53,75427,161395
2024-09-13,TV,3792.63,300849,580125
2024-09-13,Digital,1343.52,244327,1045399
2024-09-13,Social,912.46,228853,501358
2024-09-13,Search,755.48,129809,308979
2024-09-14,TV,2520.20,214498,365737
2024-09-14,Digital,1390.51,272582,1064182
2024-09-14,Social,850.26,202169,492880
2024-09-14,Search,486.63,88731,197671
2024-09-15,TV,2562.92,199861,364714
2024-09-15,Digital,1456.68,270671,1151678
2024-09-15,Social,706.55,163092,440166
2024-09-15,Search,451.07,73995,187687
2024-09-16,TV,3098.80,226624,468002
2024-09-16,Digital,2150.49,422387,1694342
2024-09-16,Social,796.61,218886,460901
2024-09-16,Search,606.14,103046,226255
2024-09-17,TV,3736.04,293625,560414
2024-09-17,Digital,2361.99,444964,2010043
2024-09-17,Social,765.94,197260,477316
2024-09-17,Search,655.33,126250,236356
2024-09-18,TV,3757.14,279399,603971
2024-09-18,Digital,1270.53,242147,985152
2024-09-18,Social,1152.95,313166,623790
2024-09-18,Search,593.25,114293,227641
2024-09-19,TV,4164.58,334302,672709
2024-09-19,Digital,1388.25,276777,1175391
2024-09-19,Social,1138.81,264254,623734
2024-09-19,Search,504.55,95517,193015
2024-09-20,TV,4109.17,343779,589260
2024-09-20,Digital,1807.81,347464,1303045
2024-09-20,Social,1035.09,256477,571827
2024-09-20,Search,677.08,127261,293517
2024-09-21,TV,2300.10,197977,316075
2024-09-21,Digital,841.79,165993,667774
2024-09-21,Social,610.70,162099,354996
2024-09-21,Search,469.26,78454,200175
2024-09-22,TV,3005.69,261746,444347
2024-09-22,Digital,1614.46,349981,1296340
2024-09-22,Social,639.76,161274,380861
2024-09-22,Search,405.13,72496,155351
2024-09-23,TV,3487.78,276339,501708
2024-09-23,Digital,2034.10,371774,1554911
2024-09-23,Social,1136.31,312208,712065
2024-09-23,Search,699.56,127966,290563
2024-09-24,TV,4106.07,355876,639469
2024-09-24,Digital,2719.44,594204,2147255
2024-09-24,Social,940.09,258104,619092
2024-09-24,Search,537.28,98286,204218
2024-09-25,TV,4223.09,305901,589524
2024-09-25,Digital,1643.64,314185,1440478
2024-09-25,Social,957.03,244236,565253
2024-09-25,Search,690.75,131505,267983
2024-09-26,TV,4543.74,398481,669236
2024-09-26,Digital,2240.14,475207,1661683
2024-09-26,Social,1209.83,324706,662324
2024-09-26,Search,769.68,150786,305737
2024-09-27,TV,3419.12,259980,464684
2024-09-27,Digital,1638.32,315611,1240423
2024-09-27,Social,928.54,214981,572239
2024-09-27,Search,649.63,112245,246760
2024-09-28,TV,2919.84,241771,464991
2024-09-28,Digital,1629.12,352774,1359457
2024-09-28,Social,786.12,193143,485697
2024-09-28,Search,454.95,78358,180400
2024-09-29,TV,3125.66,268135,496961
2024-09-29,Digital,1251.88,230603,1026651
2024-09-29,Social,794.63,198320,509905
2024-09-29,Search,574.88,104670,229412
2024-09-30,TV,3705.61,290228,508880
2024-09-30,Digital,1761.93,366267,1352829
2024-09-30,Social,858.87,215301,502616
2024-09-30,Search,539.17,94209,208166
2024-10-01,TV,3810.41,331054,533295
2024-10-01,Digital,1750.61,374945,1451087
2024-10-01,Social,1022.26,277959,664246
2024-10-01,Search,661.49,119623,266728
2024-10-02,TV,3550.46,308198,568164
2024-10-02,Digital,1881.98,384937,1472498
2024-10-02,Social,1164.32,306285,653269
2024-10-02,Search,557.17,100320,207548
2024-10-03,TV,3457.23,264771,558352
2024-10-03,Digital,1529.02,295305,1111772
2024-10-03,Social,1077.91,278881,687422
2024-10-03,Search,647.54,117498,278029
2024-10-04,TV,2745.20,230800,384403
2024-10-04,Digital,1971.05,413589,1708654
2024-10-04,Social,1027.49,250791,608661
2024-10-04,Search,711.53,122772,300985
2024-10-05,TV,3453.77,278795,480369
2024-10-05,Digital,1258.63,274116,1047669
2024-10-05,Social,764.23,177454,455122
2024-10-05,Search,425.24,74686,154075
2024-10-06,TV,2821.18,247990,421748
2024-10-06,Digital,1433.31,290161,1222593
2024-10-06,Social,709.22,185934,417589
2024-10-06,Search,480.85,89423,181859
2024-10-07,TV,3839.84,297784,618608
2024-10-07,Digital,2239.72,470946,1955173
2024-10-07,Social,938.82,227295,554876
2024-10-07,Search,515.28,87052,212309
2024-10-08,TV,4385.90,347567,676873
2024-10-08,Digital,1430.37,301357,1042670
2024-10-08,Social,921.60,223785,562250
2024-10-08,Search,690.61,117306,300636
2024-10-09,TV,3765.55,309439,601536
2024-10-09,Digital,1657.52,309638,1284747
2024-10-09,Social,1130.80,305970,652989
2024-10-09,Search,570.87,95835,217139
2024-10-10,TV,3825.85,295726,555255
2024-10-10,Digital,1115.05,241218,895824
2024-10-10,Social,953.43,225148,581077
2024-10-10,Search,474.95,84633,205766
2024-10-11,TV,3552.44,261701,523867
2024-10-11,Digital,1871.82,409633,1508667
2024-10-11,Social,1121.64,285108,691507
2024-10-11,Search,592.45,114408,232226
2024-10-12,TV,2632.84,206034,417577
2024-10-12,Digital,1289.21,277116,1006640
2024-10-12,Social,1042.83,249160,647124
2024-10-12,Search,481.91,93644,202251
2024-10-13,TV,2185.74,164620,341741
2024-10-13,Digital,1557.92,319286,1139287
2024-10-13,Social,718.57,183317,418400
2024-10-13,Search,416.85,74512,173059
2024-10-14,TV,4506.81,355009,630278
2024-10-14,Digital,1926.33,398934,1467640
2024-10-14,Social,878.86,227515,504015
2024-10-14,Search,781.26,131055,298416
2024-10-15,TV,3583.20,289818,518456
2024-10-15,Digital,1857.27,338703,1375501
2024-10-15,Social,967.23,263823,589152
2024-10-15,Search,552.67,90108,204148
2024-10-16,TV,3588.05,263570,566108
2024-10-16,Digital,1528.93,284000,1155589
2024-10-16,Social,872.71,198687,564583
2024-10-16,Search,709.77,128987,312196
2024-10-17,TV,4514.86,393453,659076
2024-10-17,Digital,1952.19,368454,1548335
2024-10-17,Social,1039.97,254984,564224
2024-10-17,Search,565.37,104531,223878
2024-10-18,TV,4186.75,306194,605250
2024-10-18,Digital,2263.14,441851,1849670
2024-10-18,Social,912.50,237106,556410
2024-10-18,Search,542.88,105496,210787
2024-10-19,TV,2276.03,186146,332586
2024-10-19,Digital,1421.75,276835,1226355
2024-10-19,Social,679.87,176369,398680
2024-10-19,Search,562.06,102449,230740
2024-10-20,TV,2489.88,193794,402620
2024-10-20,Digital,1475.39,315134,1274167
2024-10-20,Social,606.12,164926,377466
2024-10-20,Search,435.02,72523,186299
2024-10-21,TV,3955.83,343874,645877
2024-10-21,Digital,1761.09,379988,1485976
2024-10-21,Social,882.11,232650,484207
2024-10-21,Search,531.72,98583,195516
2024-10-22,TV,4424.72,331674,637075
2024-10-22,Digital,2015.16,435894,1609367
2024-10-22,Social,957.26,218257,540411
2024-10-22,Search,539.36,102705,222854
2024-10-23,TV,3168.32,259698,452633
2024-10-23,Digital,1900.48,357478,1524302
2024-10-23,Social,1002.01,273101,563756
2024-10-23,Search,567.74,106869,235416
2024-10-24,TV,3755.78,275918,526018
2024-10-24,Digital,2301.07,505501,1980048
2024-10-24,Social,935.55,218585,527681
2024-10-24,Search,766.23,145449,290160
2024-10-25,TV,3099.60,224264,441740
2024-10-25,Digital,1466.48,274292,1223998
2024-10-25,Social,1130.65,274843,723223
2024-10-25,Search,439.43,73793,175004
2024-10-26,TV,2603.54,216923,373528
2024-10-26,Digital,1664.98,354127,1360696
2024-10-26,Social,753.07,203738,428043
2024-10-26,Search,509.63,85382,195798
2024-10-27,TV,3366.85,274430,550966
2024-10-27,Digital,1428.12,301717,1074846
2024-10-27,Social,659.92,180731,377101
2024-10-27,Search,643.35,115858,250490
2024-10-28,TV,4064.57,342538,624734
2024-10-28,Digital,1937.45,402363,1671633
2024-10-28,Social,851.82,199567,484437
2024-10-28,Search,661.20,126619,244168
2024-10-29,TV,3808.70,284307,524037
2024-10-29,Digital,1899.53,394783,1429607
2024-10-29,Social,1081.82,248400,661042
2024-10-29,Search,652.09,112805,236545
2024-10-30,TV,2706.28,197048,409597
2024-10-30,Digital,1395.23,280625,1020245
2024-10-30,Social,878.94,233340,491271
2024-10-30,Search,684.65,113797,277818
2024-10-31,TV,3211.93,233113,448456
2024-10-31,Digital,1355.31,280317,1017503
2024-10-31,Social,841.68,223744,475401
2024-10-31,Search,693.69,123423,258142
2024-11-01,TV,5685.64,466316,850979
2024-11-01,Digital,1926.01,423082,1686815
2024-11-01,Social,1403.87,320729,839670
2024-11-01,Search,720.18,116963,297013
2024-11-02,TV,3747.89,275379,518912
2024-11-02,Digital,1484.06,297178,1249630
2024-11-02,Social,1094.84,293789,605929
2024-11-02,Search,798.25,150069,337290
2024-11-03,TV,5565.34,422878,910382
2024-11-03,Digital,2219.40,422883,1728601
2024-11-03,Social,1327.75,315746,799716
2024-11-03,Search,729.47,138393,282738
2024-11-04,TV,6027.93,467453,940963
2024-11-04,Digital,2353.76,457392,2018458
2024-11-04,Social,1332.44,354796,840381
2024-11-04,Search,954.61,161828,373778
2024-11-05,TV,6205.80,542106,931582
2024-11-05,Digital,2258.54,413478,1861877
2024-11-05,Social,1708.88,450220,987486
2024-11-05,Search,745.57,144637,313438
2024-11-06,TV,7780.43,678964,1227680
2024-11-06,Digital,2625.43,532786,2049563
2024-11-06,Social,1497.99,366929,891904
2024-11-06,Search,880.83,143128,358944
2024-11-07,TV,5220.59,447939,856361
2024-11-07,Digital,3698.65,724523,3020818
2024-11-07,Social,1565.58,412206,886405
2024-11-07,Search,871.85,155715,315906
2024-11-08,TV,6564.15,527538,887913
2024-11-08,Digital,3187.21,577066,2547460
2024-11-08,Social,1640.60,373117,968777
2024-11-08,Search,871.89,149082,328961
2024-11-09,TV,4285.94,360200,622016
2024-11-09,Digital,2203.53,443748,1759622
2024-11-09,Social,1076.05,279422,652351
2024-11-09,Search,868.60,160195,357937
2024-11-10,TV,4276.27,357989,685152
2024-11-10,Digital,2414.07,482127,1793033
2024-11-10,Social,1223.32,308384,762246
2024-11-10,Search,632.80,118138,255670
2024-11-11,TV,5231.20,403126,842788
2024-11-11,Digital,3076.78,579859,2593998
2024-11-11,Social,1925.88,508599,1262730
2024-11-11,Search,716.05,139698,287530
2024-11-12,TV,6293.21,496244,952036
2024-11-12,Digital,3392.73,734035,2740137
2024-11-12,Social,1264.95,320197,779450
2024-11-12,Search,940.16,157226,356548
2024-11-13,TV,6227.48,471832,888413
2024-11-13,Digital,2826.46,549927,2175790
2024-11-13,Social,1136.81,285184,714562
2024-11-13,Search,1049.73,205719,400219
2024-11-14,TV,4823.43,354104,656747
2024-11-14,Digital,3095.88,585490,2455586
2024-11-14,Social,1412.83,349128,830680
2024-11-14,Search,1000.93,166541,389030
2024-11-15,TV,5263.76,388331,833188
2024-11-15,Digital,3268.83,621477,2395118
2024-11-15,Social,1229.55,320097,768914
2024-11-15,Search,995.98,186557,429598
2024-11-16,TV,4969.61,367215,716654
2024-11-16,Digital,2303.45,499151,1975346
2024-11-16,Social,1183.70,296896,662833
2024-11-16,Search,679.93,128471,245980
2024-11-17,TV,3967.75,325710,580768
2024-11-17,Digital,2380.99,461972,1812679
2024-11-17,Social,1124.55,266900,675615
2024-11-17,Search,584.25,100022,250027
2024-11-18,TV,5880.51,445176,873622
2024-11-18,Digital,1997.27,438491,1695907
2024-11-18,Social,1636.09,423475,1007549
2024-11-18,Search,1202.67,208460,528394
2024-11-19,TV,6040.51,474568,892301
2024-11-19,Digital,2474.08,446211,2174210
2024-11-19,Social,1549.06,422529,956118
2024-11-19,Search,881.96,147248,352541
2024-11-20,TV,5938.62,477242,944215
2024-11-20,Digital,3034.36,603422,2314393
2024-11-20,Social,1562.59,418558,1024915
2024-11-20,Search,977.02,173929,419906
2024-11-21,TV,5985.35,453139,874037
2024-11-21,Digital,3518.98,744068,2564835
2024-11-21,Social,1118.41,286926,606823
2024-11-21,Search,802.06,152745,301170
2024-11-22,TV,6900.52,560166,1015699
2024-11-22,Digital,2918.14,632504,2269480
2024-11-22,Social,1409.38,346133,878297
2024-11-22,Search,917.63,157232,395797
2024-11-23,TV,4279.89,326990,645539
2024-11-23,Digital,2068.28,393128,1579176
2024-11-23,Social,1436.97,381726,781811
2024-11-23,Search,514.12,96076,192185
2024-11-24,TV,3433.64,286367,522916
2024-11-24,Digital,2164.82,465547,1601661
2024-11-24,Social,1222.50,296786,701971
2024-11-24,Search,577.75,109171,227762
2024-11-25,TV,5375.92,394338,845398
2024-11-25,Digital,2998.34,623259,2563015
2024-11-25,Social,1425.00,351627,850666
2024-11-25,Search,808.62,135903,291606
2024-11-26,TV,6462.09,561449,1044725
2024-11-26,Digital,2830.45,610011,2363290
2024-11-26,Social,2134.36,502075,1230936
2024-11-26,Search,1111.81,203326,469910
2024-11-27,TV,5356.45,401444,773424
2024-11-27,Digital,2450.47,452605,1924811
2024-11-27,Social,1529.62,356578,877115
2024-11-27,Search,1030.65,194135,421004
2024-11-28,TV,5345.22,443312,729010
2024-11-28,Digital,2171.49,398729,1567906
2024-11-28,Social,985.12,227832,616148
2024-11-28,Search,816.02,140534,336598
2024-11-29,TV,3636.07,304712,516984
2024-11-29,Digital,3128.33,670268,2689844
2024-11-29,Social,1586.42,380877,910318
2024-11-29,Search,606.33,113479,259663
2024-11-30,TV,4727.41,388563,764358
2024-11-30,Digital,2577.00,489137,2149683
2024-11-30,Social,1182.45,318492,765082
2024-11-30,Search,525.49,88951,198143
2024-12-01,TV,4652.59,370113,678236
2024-12-01,Digital,2479.07,486431,1980061
2024-12-01,Social,1225.79,288558,797004
2024-12-01,Search,708.88,125418,273668
2024-12-02,TV,5462.03,455400,753081
2024-12-02,Digital,3258.99,597410,2616398
2024-12-02,Social,1741.49,477569,1115068
2024-12-02,Search,1098.27,212131,479735
2024-12-03,TV,6821.83,548119,1042617
2024-12-03,Digital,2643.40,483528,2208415
2024-12-03,Social,1855.22,428631,1221960
2024-12-03,Search,936.51,155735,359673
2024-12-04,TV,5078.37,423540,698030
2024-12-04,Digital,2988.50,550250,2430255
2024-12-04,Social,1415.01,359170,825786
2024-12-04,Search,932.28,161213,390174
2024-12-05,TV,5000.08,377037,784763
2024-12-05,Digital,3692.74,778373,2963754
2024-12-05,Social,1182.69,286002,739479
2024-12-05,Search,875.19,149380,385084
2024-12-06,TV,4518.47,365784,723694
2024-12-06,Digital,1827.54,382175,1449894
2024-12-06,Social,1763.99,475162,1086447
2024-12-06,Search,996.52,173656,372505
2024-12-07,TV,4610.74,387372,723019
2024-12-07,Digital,2057.24,415967,1491347
2024-12-07,Social,1419.92,348318,864176
2024-12-07,Search,677.04,123952,277017
2024-12-08,TV,3938.38,284793,595617
2024-12-08,Digital,1850.69,359817,1545378
2024-12-08,Social,1294.28,344856,799333
2024-12-08,Search,1032.77,180730,377016
2024-12-09,TV,5106.88,422329,709896
2024-12-09,Digital,3466.33,638972,2893573
2024-12-09,Social,1564.45,429678,933486
2024-12-09,Search,854.79,164078,358962
2024-12-10,TV,5703.87,414935,812110
2024-12-10,Digital,2731.38,548481,1993152
2024-12-10,Social,1241.73,305273,776862
2024-12-10,Search,762.54,144495,320353
2024-12-11,TV,6166.10,447568,980511
2024-12-11,Digital,2692.60,570235,2242957
2024-12-11,Social,1070.61,268447,613197
2024-12-11,Search,808.49,138872,301053
2024-12-12,TV,5306.47,443411,802469
2024-12-12,Digital,2381.55,511102,2070565
2024-12-12,Social,1599.29,364578,954731
2024-12-12,Search,1063.72,183289,456418
2024-12-13,TV,5931.52,468983,876750
2024-12-13,Digital,2415.21,472913,2000556
2024-12-13,Social,1752.24,408285,967859
2024-12-13,Search,1036.42,205133,395615
2024-12-14,TV,3686.63,316112,586888
2024-12-14,Digital,2181.32,409549,1687064
2024-12-14,Social,1205.62,282470,792087
2024-12-14,Search,757.49,133545,332793
2024-12-15,TV,4344.21,371527,637157
2024-12-15,Digital,2359.67,514600,1795498
2024-12-15,Social,1324.61,361119,750687
2024-12-15,Search,928.05,150681,401696
2024-12-16,TV,5790.33,459654,916367
2024-12-16,Digital,1233.12,234682,1037910
2024-12-16,Social,1479.17,339213,890153
2024-12-16,Search,835.45,139753,310687
2024-12-17,TV,4256.38,331527,590591
2024-12-17,Digital,2959.00,616429,2225218
2024-12-17,Social,1515.70,415562,829725
2024-12-17,Search,752.54,143544,321516
2024-12-18,TV,6234.31,541053,917976
2024-12-18,Digital,2515.98,546540,1889648
2024-12-18,Social,1334.96,366639,741624
2024-12-18,Search,940.61,170421,365331
2024-12-19,TV,4440.56,374483,630232
2024-12-19,Digital,3233.71,600152,2735215
2024-12-19,Social,1594.36,412474,896585
2024-12-19,Search,857.94,162178,323127
2024-12-20,TV,7114.64,593925,1136467
2024-12-20,Digital,2977.59,623310,2484206
2024-12-20,Social,1763.56,448303,982496
2024-12-20,Search,993.85,168431,432173
2024-12-21,TV,5314.68,383604,748973
2024-12-21,Digital,2252.45,426454,1896263
2024-12-21,Social,1042.17,262492,664160
2024-12-21,Search,575.32,97562,220044
2024-12-22,TV,3401.10,249367,495884
2024-12-22,Digital,2465.99,491901,1991501
2024-12-22,Social,1261.27,297603,696375
2024-12-22,Search,673.55,121814,280781
2024-12-23,TV,4631.43,384377,641036
2024-12-23,Digital,2307.58,503003,1872411
2024-12-23,Social,1467.66,401936,903110
2024-12-23,Search,953.52,164623,407660
2024-12-24,TV,5176.56,441622,721211
2024-12-24,Digital,3090.87,601809,2554631
2024-12-24,Social,1344.20,344162,751245
2024-12-24,Search,912.35,157305,352037
2024-12-25,TV,5349.92,423739,826193
2024-12-25,Digital,2232.56,490342,1822673
2024-12-25,Social,1287.75,302889,807545
2024-12-25,Search,918.21,153138,403427
2024-12-26,TV,5968.93,433393,913825
2024-12-26,Digital,3551.01,726339,2901711
2024-12-26,Social,1788.89,448822,1012734
2024-12-26,Search,828.03,140437,344021
2024-12-27,TV,6124.59,499165,895561
2024-12-27,Digital,2847.89,578879,2357686
2024-12-27,Social,1891.49,499295,1175964
2024-12-27,Search,880.76,165749,326076
2024-12-28,TV,4971.06,427665,780919
2024-12-28,Digital,2167.77,435635,1782044
2024-12-28,Social,1161.71,287972,765399
2024-12-28,Search,605.97,108949,240985
2024-12-29,TV,5117.23,415683,772479
2024-12-29,Digital,1704.80,323681,1380074
2024-12-29,Social,993.63,267813,536678
2024-12-29,Search,829.42,150123,310879
2024-12-30,TV,6200.80,463214,856299
2024-12-30,Digital,3191.49,619464,2685638
2024-12-30,Social,1517.23,363752,923586
2024-12-30,Search,1148.85,226884,434527
2024-12-31,TV,4699.58,407318,675192
2024-12-31,Digital,2459.74,462536,1992541
2024-12-31,Social,1341.46,329648,794492
2024-12-31,Search,1147.72,213305,446969
